step,clip,win,loss,rel_k4,rel_k5,rel_k6,grad_norm_preclip,step_s,peak_GiB
1,0011,0,0.00836661,7.21191e-02,1.20453e-01,1.74031e-02,4.96528,2.863,15.27
2,0011,11,0.00941379,9.96094e-02,1.17145e-01,1.46431e-02,7.74629,2.774,15.30
3,0011,22,0.00693061,7.82653e-02,1.04299e-01,1.36681e-02,4.74413,2.750,15.30
4,0011,33,0.00522712,7.86741e-02,8.23164e-02,1.41134e-02,2.06314,2.740,15.30
5,0011,44,0.00525225,8.63962e-02,7.40631e-02,1.46386e-02,2.31077,2.744,15.30
6,0011,55,0.00481601,7.46767e-02,7.71629e-02,1.36007e-02,2.29874,2.744,15.30
7,0011,66,0.00404162,6.61372e-02,7.37513e-02,1.38026e-02,1.59539,2.746,15.30
8,0011,77,0.00344576,6.73028e-02,6.61408e-02,1.33614e-02,1.83987,2.744,15.30
9,0011,88,0.0030998,6.26565e-02,6.43962e-02,1.31514e-02,1.48277,2.747,15.30
10,0011,99,0.00302582,5.98249e-02,6.41387e-02,1.25612e-02,1.35031,2.742,15.30
11,0011,110,0.00278603,5.62993e-02,6.28183e-02,1.22047e-02,1.33611,2.737,15.30
12,0011,121,0.00269545,5.35522e-02,6.37182e-02,1.22955e-02,1.09136,2.745,15.30
13,0011,132,0.00270931,5.05718e-02,6.39475e-02,1.26223e-02,1.08681,2.750,15.30
14,0011,143,0.00344419,6.91045e-02,6.39059e-02,1.21484e-02,1.55893,2.753,15.30
15,0078,0,0.00314425,5.16783e-02,5.84483e-02,1.23982e-02,1.53175,2.748,15.30
16,0078,11,0.002753,4.52424e-02,5.46215e-02,1.26364e-02,1.10566,2.749,15.30
17,0078,22,0.00253464,3.95373e-02,5.28300e-02,1.20018e-02,1.16788,2.736,15.30
18,0078,33,0.00269598,4.45272e-02,5.21197e-02,1.10870e-02,1.04945,2.757,15.30
19,0078,44,0.00252374,4.47835e-02,4.95521e-02,1.01565e-02,1.27686,2.743,15.30
20,0078,55,0.00278893,4.92346e-02,4.98616e-02,1.02124e-02,1.1479,2.754,15.30
21,0078,66,0.00362641,5.99711e-02,5.66096e-02,1.12545e-02,1.4469,2.750,15.30
22,0078,77,0.00326442,5.41352e-02,5.47044e-02,1.09644e-02,1.62403,2.747,15.30
23,0078,88,0.0031345,5.46373e-02,5.24350e-02,1.01682e-02,1.08065,2.740,15.30
24,0078,99,0.00305653,5.26184e-02,5.31708e-02,1.02635e-02,1.32661,2.738,15.30
25,0078,110,0.00290421,5.16401e-02,5.46766e-02,1.08212e-02,0.969757,2.754,15.30
26,0078,121,0.00285013,4.76456e-02,5.52951e-02,1.10306e-02,1.09845,2.758,15.30
27,0078,132,0.0024924,4.24222e-02,5.09337e-02,1.05480e-02,0.733591,2.753,15.30
28,0094,0,0.00327086,4.53991e-02,5.27007e-02,9.57234e-03,1.54887,2.745,15.30
29,0094,11,0.00271035,3.76159e-02,4.91553e-02,8.98163e-03,0.816717,2.743,15.30
30,0094,22,0.00243516,3.70059e-02,4.53716e-02,7.83512e-03,1.01073,2.746,15.30
31,0094,33,0.00224044,3.43803e-02,4.34158e-02,7.72512e-03,0.785376,2.746,15.30
32,0094,44,0.00255606,3.73284e-02,4.71049e-02,8.19328e-03,0.764518,2.752,15.30
33,0094,55,0.0021656,3.33378e-02,4.43663e-02,8.10459e-03,0.765032,2.745,15.30
34,0094,66,0.00229219,3.72051e-02,4.60914e-02,8.54500e-03,0.710879,2.744,15.30
35,0094,77,0.00254238,4.10636e-02,4.84027e-02,9.08399e-03,0.97778,2.742,15.30
36,0094,88,0.00258418,4.18201e-02,5.07515e-02,8.82962e-03,1.14833,2.746,15.30
37,0094,99,0.00253515,4.24645e-02,5.23715e-02,9.11108e-03,0.826029,2.742,15.30
38,0094,110,0.00233011,4.61894e-02,5.06908e-02,8.42730e-03,1.02774,2.745,15.30
39,0094,121,0.0022592,4.03580e-02,5.20839e-02,8.94730e-03,0.786298,2.744,15.30
40,0094,132,0.002817,4.42757e-02,5.80683e-02,9.44908e-03,1.17522,2.743,15.30
41,0094,143,0.00239648,4.89517e-02,4.85121e-02,7.88122e-03,1.25345,2.736,15.30
42,0105,0,0.00236889,4.05193e-02,4.93494e-02,7.60502e-03,0.857325,2.757,15.30
43,0105,11,0.00237916,4.25290e-02,4.99493e-02,7.83159e-03,1.24072,2.755,15.30
44,0105,22,0.00194445,3.63830e-02,4.61599e-02,7.72593e-03,0.70057,2.754,15.30
45,0105,33,0.00205188,3.70768e-02,4.65839e-02,7.92419e-03,1.25659,2.750,15.30
46,0105,44,0.00229666,4.01174e-02,4.67828e-02,8.19723e-03,1.01706,2.735,15.30
47,0105,55,0.0023926,4.17156e-02,4.88055e-02,8.42172e-03,1.25657,2.748,15.30
48,0105,66,0.00217609,3.66032e-02,4.76663e-02,8.54717e-03,1.00272,2.743,15.30
49,0105,77,0.00192403,3.47781e-02,4.44820e-02,8.16076e-03,1.1756,2.754,15.30
50,0105,88,0.00189853,3.89610e-02,4.40865e-02,8.11692e-03,0.851217,2.747,15.30
51,0105,99,0.00205846,4.08247e-02,4.55656e-02,8.13909e-03,1.22659,2.748,15.30
52,0105,110,0.00184909,3.64412e-02,4.39002e-02,7.94945e-03,0.889046,2.745,15.30
53,0105,121,0.00181338,3.74700e-02,4.25402e-02,7.63797e-03,1.07034,2.740,15.30
54,0105,132,0.00174132,3.56009e-02,4.34406e-02,7.62596e-03,0.876085,2.747,15.30
55,0114,0,0.00364058,6.27564e-02,7.63081e-02,1.28653e-02,2.93139,2.744,15.30
56,0114,11,0.00311976,5.60174e-02,7.05062e-02,1.37127e-02,1.73467,2.749,15.30
57,0114,22,0.00281423,5.38348e-02,6.67293e-02,1.44613e-02,1.49199,2.747,15.30
58,0114,33,0.00267238,5.10874e-02,6.54076e-02,1.44143e-02,1.48139,2.743,15.30
59,0114,44,0.00247371,4.77320e-02,6.36439e-02,1.39115e-02,1.38894,2.738,15.30
60,0114,55,0.00276183,4.88641e-02,6.85835e-02,1.32560e-02,1.61853,2.746,15.30
61,0114,66,0.00252717,4.66518e-02,6.55762e-02,1.30526e-02,1.50344,2.750,15.30
62,0114,77,0.00247782,4.53061e-02,6.53919e-02,1.34523e-02,1.15722,2.744,15.30
63,0114,88,0.00233805,4.45322e-02,6.38905e-02,1.24978e-02,1.33917,2.750,15.30
64,0114,99,0.00246841,4.72441e-02,6.66731e-02,1.22870e-02,1.24448,2.756,15.30
65,0114,110,0.00236239,4.90396e-02,6.49199e-02,1.18093e-02,1.2309,2.738,15.30
66,0114,121,0.00230203,4.92898e-02,6.35045e-02,1.16069e-02,1.12948,2.739,15.30
67,0114,132,0.00236554,5.12265e-02,6.44266e-02,1.17559e-02,1.1983,2.749,15.30
68,0144,0,0.00322641,4.85454e-02,5.97513e-02,8.01459e-03,2.05779,2.748,15.30
69,0144,11,0.00282275,4.57861e-02,5.40556e-02,7.61470e-03,1.20428,2.744,15.30
70,0144,22,0.00299478,5.11571e-02,5.48105e-02,7.72234e-03,1.54861,2.749,15.30
71,0144,33,0.00284438,5.16524e-02,5.67213e-02,8.84402e-03,1.93914,2.745,15.30
72,0144,44,0.00289414,4.94377e-02,5.98130e-02,9.55373e-03,1.39314,2.749,15.30
73,0144,55,0.00269418,4.76098e-02,5.77046e-02,9.09643e-03,1.5084,2.761,15.30
74,0144,66,0.00254905,4.70984e-02,5.62642e-02,8.81090e-03,1.42021,2.745,15.30
75,0144,77,0.00308779,5.07478e-02,6.26655e-02,9.25462e-03,1.77132,2.747,15.30
76,0144,88,0.00339241,5.22375e-02,6.36665e-02,8.79703e-03,1.6558,2.748,15.30
77,0144,99,0.0037989,5.51890e-02,6.41307e-02,8.54175e-03,2.5375,2.753,15.30
78,0144,110,0.00387714,5.92591e-02,6.08201e-02,8.05275e-03,2.47469,2.739,15.30
79,0144,121,0.00321928,4.95369e-02,5.83706e-02,8.05041e-03,1.64401,2.738,15.30
80,0144,132,0.0033309,5.08630e-02,6.08664e-02,8.57446e-03,1.47613,2.749,15.30
81,0144,143,0.0033226,5.80424e-02,5.79806e-02,8.34452e-03,2.02462,2.750,15.30
82,0144,154,0.0025099,5.36832e-02,4.81121e-02,6.91670e-03,2.0762,2.749,15.30
83,0165,0,0.00200328,3.86017e-02,4.86043e-02,8.21217e-03,0.99923,2.751,15.30
84,0165,11,0.00169711,3.54789e-02,4.41283e-02,7.52747e-03,1.05993,2.744,15.30
85,0165,22,0.00170117,3.41144e-02,4.49758e-02,8.07977e-03,0.873265,2.737,15.30
86,0165,33,0.00168337,3.37264e-02,4.42137e-02,8.02230e-03,0.894804,2.747,15.30
87,0165,44,0.00156023,3.23540e-02,4.26325e-02,8.24732e-03,0.712913,2.749,15.30
88,0165,55,0.00153429,3.18730e-02,4.25379e-02,8.54559e-03,0.687115,2.755,15.30
89,0165,66,0.00159191,3.24681e-02,4.35461e-02,8.58830e-03,0.751609,2.751,15.30
90,0165,77,0.00145016,2.98697e-02,4.22146e-02,8.27891e-03,0.624366,2.749,15.30
91,0165,88,0.0015445,3.14563e-02,4.34174e-02,8.07462e-03,0.753677,2.736,15.30
92,0165,99,0.00150019,3.17640e-02,4.28200e-02,7.71734e-03,0.627996,2.737,15.30
93,0165,110,0.00146401,3.14565e-02,4.22082e-02,7.59741e-03,0.791989,2.742,15.30
94,0165,121,0.00139741,3.05247e-02,4.13662e-02,7.54927e-03,0.597007,2.745,15.30
95,0165,132,0.00146252,2.98197e-02,4.31596e-02,7.94656e-03,0.639143,2.745,15.30
96,0177,0,0.00285403,4.84304e-02,5.90652e-02,8.42557e-03,1.1142,3.361,15.30
97,0177,11,0.00271599,4.65399e-02,5.67810e-02,8.57468e-03,1.26386,2.756,15.30
98,0177,22,0.00278845,4.79956e-02,5.72728e-02,8.86334e-03,1.07558,2.738,15.30
99,0177,33,0.00261672,4.42967e-02,5.66078e-02,8.97965e-03,0.908399,2.741,15.30
100,0177,44,0.0026964,4.51496e-02,5.73903e-02,9.05624e-03,1.25368,2.751,15.30
101,0177,55,0.00254553,4.25747e-02,5.63983e-02,8.99837e-03,0.707922,2.750,15.30
102,0177,66,0.00254993,4.21448e-02,5.56555e-02,8.83408e-03,1.15453,2.746,15.30
103,0177,77,0.00244601,4.14291e-02,5.39867e-02,8.53748e-03,0.727422,2.749,15.30
104,0177,88,0.00238881,3.93335e-02,5.30713e-02,8.38944e-03,0.837255,2.740,15.30
105,0177,99,0.00236388,3.88647e-02,5.21938e-02,8.34943e-03,0.762564,2.739,15.30
106,0177,110,0.00230327,3.88487e-02,5.07476e-02,8.09351e-03,0.604062,2.741,15.30
107,0177,121,0.00228448,3.75832e-02,5.06163e-02,7.89487e-03,0.616045,2.752,15.30
108,0177,132,0.00221852,3.72710e-02,4.97765e-02,7.82331e-03,0.617741,2.750,15.30
109,0179,0,0.00250946,4.89016e-02,5.85749e-02,8.13060e-03,1.27269,2.752,15.30
110,0179,11,0.00229921,4.86076e-02,5.57965e-02,8.09160e-03,1.19332,2.747,15.30
111,0179,22,0.00221255,5.19756e-02,5.42197e-02,8.13777e-03,0.980832,2.739,15.30
112,0179,33,0.00209372,4.61320e-02,5.42311e-02,7.96666e-03,1.00627,2.746,15.30
113,0179,44,0.00221109,5.11138e-02,5.40490e-02,7.77676e-03,1.46167,2.750,15.30
114,0179,55,0.00206248,5.06740e-02,5.08255e-02,7.69570e-03,0.751599,2.746,15.30
115,0179,66,0.00224028,5.44107e-02,5.18633e-02,7.72937e-03,1.636,2.752,15.30
116,0179,77,0.00229336,4.89677e-02,5.36075e-02,7.84265e-03,1.44782,2.749,15.30
117,0179,88,0.00219383,4.24515e-02,5.13818e-02,7.46985e-03,1.01425,2.740,15.30
118,0179,99,0.00219417,4.37036e-02,5.11612e-02,7.60084e-03,1.04403,2.742,15.30
119,0179,110,0.0020657,4.80574e-02,5.14133e-02,7.87930e-03,1.20566,2.745,15.30
120,0179,121,0.00198461,4.89186e-02,5.04938e-02,7.91302e-03,1.12787,2.753,15.30
121,0179,132,0.00194638,4.67430e-02,5.13108e-02,8.32036e-03,1.04008,2.750,15.30
122,0286,0,0.00238484,5.47879e-02,5.27589e-02,8.20945e-03,2.01259,2.751,15.30
123,0286,11,0.00226172,5.40865e-02,5.04379e-02,7.82950e-03,0.960579,2.746,15.30
124,0286,22,0.00223663,5.09488e-02,5.19198e-02,7.77094e-03,1.50447,2.756,15.30
125,0286,33,0.00221742,5.00441e-02,5.20337e-02,7.63474e-03,1.10426,2.748,15.30
126,0286,44,0.00205217,4.71793e-02,5.00963e-02,7.51538e-03,0.874968,2.750,15.30
127,0286,55,0.00203756,4.78042e-02,4.98036e-02,7.54340e-03,1.1325,2.747,15.30
128,0286,66,0.00205241,4.87312e-02,4.92138e-02,7.50125e-03,1.05983,2.757,15.30
129,0286,77,0.00202182,4.85489e-02,4.89836e-02,7.46584e-03,1.08529,2.748,15.30
130,0286,88,0.00206108,4.86555e-02,4.94692e-02,7.52539e-03,1.04208,2.741,15.30
131,0286,99,0.00198741,4.87612e-02,4.80087e-02,7.41093e-03,0.673863,2.749,15.30
132,0286,110,0.00208495,5.11953e-02,4.89497e-02,7.51995e-03,1.54062,2.748,15.30
133,0286,121,0.00199283,4.91277e-02,4.80078e-02,7.43627e-03,1.59082,2.750,15.30
134,0286,132,0.00193802,4.87673e-02,4.72235e-02,7.41058e-03,0.945157,2.750,15.30
135,0011,0,0.00191869,4.03486e-02,5.54768e-02,7.52691e-03,1.32242,2.746,15.30
136,0011,11,0.00168863,3.92315e-02,5.08794e-02,7.42368e-03,1.16762,2.739,15.30
137,0011,22,0.00177869,3.92738e-02,5.28751e-02,7.72147e-03,1.47576,2.736,15.30
138,0011,33,0.00219358,4.57495e-02,5.63428e-02,7.92968e-03,1.18681,2.736,15.30
139,0011,44,0.00236741,4.59799e-02,5.72319e-02,8.03890e-03,1.64658,2.735,15.30
140,0011,55,0.00209461,4.09385e-02,5.53506e-02,8.20257e-03,1.25499,2.736,15.30
141,0011,66,0.00201117,4.22063e-02,5.44752e-02,8.84746e-03,1.34117,2.735,15.30
142,0011,77,0.00189848,4.36167e-02,5.28286e-02,9.05288e-03,1.39674,2.735,15.30
143,0011,88,0.00166454,4.18605e-02,4.96867e-02,8.47830e-03,0.61935,2.735,15.30
144,0011,99,0.00173291,4.47912e-02,4.91647e-02,7.85919e-03,1.06839,2.735,15.30
145,0011,110,0.00150194,3.80315e-02,4.80834e-02,7.72201e-03,0.718621,2.735,15.30
146,0011,121,0.00162365,3.94074e-02,5.08069e-02,8.12398e-03,0.901819,2.742,15.30
147,0011,132,0.00176417,4.03731e-02,5.21868e-02,8.44256e-03,0.884347,2.738,15.30
148,0011,143,0.0021626,5.13195e-02,5.30759e-02,8.22065e-03,1.39031,2.758,15.30
149,0078,0,0.00219194,4.11698e-02,5.03818e-02,8.00061e-03,1.3034,2.878,15.30
150,0078,11,0.00191492,3.60162e-02,4.70922e-02,7.70094e-03,0.731947,2.784,15.30
151,0078,22,0.00192711,3.25893e-02,4.75592e-02,7.74196e-03,1.14294,2.733,15.30
152,0078,33,0.00204452,3.76381e-02,4.64357e-02,7.68302e-03,0.953942,2.733,15.30
153,0078,44,0.00197514,3.78025e-02,4.51660e-02,7.47946e-03,1.16123,2.733,15.30
154,0078,55,0.00228302,4.38869e-02,4.58396e-02,7.82570e-03,1.03066,2.733,15.30
155,0078,66,0.00299879,5.77404e-02,4.97282e-02,8.02009e-03,1.41042,2.732,15.30
156,0078,77,0.00247787,4.63730e-02,4.85314e-02,7.80141e-03,1.01701,2.736,15.30
157,0078,88,0.00255965,4.57567e-02,4.99494e-02,7.53426e-03,1.41277,2.733,15.30
158,0078,99,0.00259867,4.65872e-02,5.04703e-02,8.16948e-03,1.34555,2.733,15.30
159,0078,110,0.00235721,4.53291e-02,5.02356e-02,8.46737e-03,1.19081,2.733,15.30
160,0078,121,0.00234688,4.26378e-02,5.07519e-02,8.88425e-03,1.17018,2.735,15.30
161,0078,132,0.00223912,4.02213e-02,4.86192e-02,8.50062e-03,1.18352,2.733,15.30
162,0094,0,0.0026841,3.98869e-02,4.87219e-02,6.98107e-03,1.86594,2.733,15.30
163,0094,11,0.00236682,3.50568e-02,4.62553e-02,7.04293e-03,0.895399,2.733,15.30
164,0094,22,0.00221519,3.41727e-02,4.40340e-02,6.43526e-03,1.30259,2.733,15.30
165,0094,33,0.00198314,3.25400e-02,4.09302e-02,6.38558e-03,0.845962,2.733,15.30
166,0094,44,0.00231534,3.52942e-02,4.51795e-02,6.60653e-03,0.887416,2.733,15.30
167,0094,55,0.00191534,3.10647e-02,4.21152e-02,6.35780e-03,0.800478,2.733,15.30
168,0094,66,0.00207101,3.53542e-02,4.41160e-02,6.66205e-03,1.09124,2.733,15.30
169,0094,77,0.00231278,3.96471e-02,4.61970e-02,7.29133e-03,0.997007,2.733,15.30
170,0094,88,0.00230224,3.87588e-02,4.84977e-02,7.14791e-03,1.48285,2.733,15.30
171,0094,99,0.00225743,3.93725e-02,4.99936e-02,7.45786e-03,1.00394,2.733,15.30
172,0094,110,0.00201679,4.07480e-02,4.85328e-02,6.93759e-03,1.19989,2.733,15.30
173,0094,121,0.00211029,3.88562e-02,5.06340e-02,7.49350e-03,1.40759,2.733,15.30
174,0094,132,0.00245514,4.10522e-02,5.45168e-02,7.90135e-03,1.02427,2.732,15.30
175,0094,143,0.002256,4.77583e-02,4.70390e-02,6.92512e-03,1.57267,2.733,15.30
176,0105,0,0.00219862,3.78027e-02,4.82566e-02,6.76915e-03,1.02507,2.732,15.30
177,0105,11,0.00222594,4.07863e-02,4.85779e-02,7.14442e-03,1.45781,2.733,15.30
178,0105,22,0.0019067,3.68553e-02,4.53746e-02,7.26917e-03,1.16748,2.733,15.30
179,0105,33,0.00197718,3.75186e-02,4.52779e-02,7.19922e-03,1.39507,2.733,15.30
180,0105,44,0.00231152,4.23238e-02,4.59974e-02,7.19068e-03,1.40623,2.733,15.30
181,0105,55,0.00226254,4.11128e-02,4.73291e-02,7.38363e-03,1.01438,2.733,15.30
182,0105,66,0.00207118,3.59425e-02,4.65913e-02,7.36613e-03,1.23478,2.733,15.30
183,0105,77,0.00181807,3.36543e-02,4.34865e-02,7.11175e-03,0.845592,2.733,15.30
184,0105,88,0.00182103,3.72142e-02,4.38827e-02,7.01047e-03,0.845026,2.733,15.30
185,0105,99,0.00194366,3.79628e-02,4.53430e-02,7.18845e-03,0.839943,2.734,15.30
186,0105,110,0.00179022,3.63318e-02,4.31152e-02,7.02594e-03,0.805561,2.733,15.30
187,0105,121,0.001679,3.58485e-02,4.11399e-02,6.90492e-03,0.727097,2.733,15.30
188,0105,132,0.00172475,3.69472e-02,4.25495e-02,7.07050e-03,0.790688,2.732,15.30
189,0114,0,0.00303299,5.78485e-02,6.93929e-02,1.15799e-02,2.27103,2.732,15.30
190,0114,11,0.00264908,4.86486e-02,6.64086e-02,1.24488e-02,0.93939,2.733,15.30
191,0114,22,0.00252573,4.91950e-02,6.44273e-02,1.23383e-02,1.47833,2.732,15.30
192,0114,33,0.00245241,4.86790e-02,6.32032e-02,1.21183e-02,1.34449,2.733,15.30
193,0114,44,0.00234049,4.50662e-02,6.28640e-02,1.21812e-02,1.22547,2.735,15.30
194,0114,55,0.00245279,4.44664e-02,6.55856e-02,1.12573e-02,1.44627,2.733,15.30
195,0114,66,0.00244651,4.63359e-02,6.45426e-02,1.19183e-02,1.42748,2.733,15.30
196,0114,77,0.00235574,4.45687e-02,6.39091e-02,1.17673e-02,1.17569,2.733,15.30
197,0114,88,0.00223791,4.29821e-02,6.28651e-02,1.17637e-02,1.42359,2.733,15.30
198,0114,99,0.00254407,4.98411e-02,6.69084e-02,1.22152e-02,1.54483,2.733,15.30
199,0114,110,0.0023656,4.86405e-02,6.52563e-02,1.13807e-02,1.42488,2.732,15.30
200,0114,121,0.00220508,4.67407e-02,6.29008e-02,1.11341e-02,1.07346,2.733,15.30
201,0114,132,0.00238323,5.19135e-02,6.45229e-02,1.13372e-02,1.43188,2.736,15.30
202,0144,0,0.00294818,4.61269e-02,5.72868e-02,7.46984e-03,1.75079,2.733,15.30
203,0144,11,0.0026248,4.29169e-02,5.28060e-02,7.08979e-03,0.921587,2.733,15.30
204,0144,22,0.0028922,4.95114e-02,5.43216e-02,7.44854e-03,1.37224,2.733,15.30
205,0144,33,0.00260218,4.81970e-02,5.49169e-02,8.47083e-03,1.45123,2.733,15.30
206,0144,44,0.00273391,4.77860e-02,5.83345e-02,8.93415e-03,1.23231,2.733,15.30
207,0144,55,0.00245217,4.42336e-02,5.56965e-02,8.42523e-03,1.32197,2.732,15.30
208,0144,66,0.00243254,4.56687e-02,5.51346e-02,8.63565e-03,1.05825,2.732,15.30
209,0144,77,0.0027852,4.65312e-02,6.03324e-02,8.75959e-03,1.27287,2.733,15.30
210,0144,88,0.00310048,4.92539e-02,6.12813e-02,7.92944e-03,1.29573,2.734,15.30
211,0144,99,0.00330937,4.97501e-02,6.08414e-02,7.48411e-03,1.62478,2.752,15.30
212,0144,110,0.00341698,5.26691e-02,5.88172e-02,7.57429e-03,1.94113,2.736,15.30
213,0144,121,0.00329537,5.09424e-02,5.86594e-02,7.91789e-03,1.93749,2.735,15.30
214,0144,132,0.0033091,5.10978e-02,6.04667e-02,8.50303e-03,1.43525,2.784,15.30
215,0144,143,0.00312959,5.60825e-02,5.65010e-02,7.64743e-03,2.17159,2.811,15.30
216,0144,154,0.00229342,4.94449e-02,4.71897e-02,6.97437e-03,1.93788,2.743,15.30
217,0165,0,0.00211645,4.05950e-02,4.95916e-02,7.95070e-03,1.26724,2.734,15.30
218,0165,11,0.00179931,3.76367e-02,4.49318e-02,7.43852e-03,1.31272,2.733,15.30
219,0165,22,0.00176133,3.51836e-02,4.56129e-02,7.86956e-03,0.991492,2.733,15.30
220,0165,33,0.00169671,3.45103e-02,4.41973e-02,7.46853e-03,1.03418,2.733,15.30
221,0165,44,0.00154934,3.26105e-02,4.24655e-02,7.51069e-03,0.833828,2.734,15.30
222,0165,55,0.00154408,3.25288e-02,4.26128e-02,7.69937e-03,0.927939,2.733,15.30
223,0165,66,0.00160469,3.23725e-02,4.40423e-02,7.66127e-03,0.839766,2.732,15.30
224,0165,77,0.00150182,3.16555e-02,4.26146e-02,7.41536e-03,0.950409,2.733,15.30
225,0165,88,0.00155171,3.33036e-02,4.28342e-02,7.40945e-03,0.740849,2.733,15.30
226,0165,99,0.00154391,3.28991e-02,4.32333e-02,7.30335e-03,0.859289,2.732,15.30
227,0165,110,0.00145016,3.20376e-02,4.17472e-02,7.16529e-03,0.826066,2.733,15.30
228,0165,121,0.00139517,3.11221e-02,4.11582e-02,7.00593e-03,0.722219,2.733,15.30
229,0165,132,0.00147905,3.08892e-02,4.31391e-02,7.36578e-03,0.768325,2.732,15.30
230,0177,0,0.0027781,4.85318e-02,5.79986e-02,7.70106e-03,1.13866,2.736,15.30
231,0177,11,0.00265273,4.54918e-02,5.64748e-02,7.84787e-03,1.36273,2.732,15.30
232,0177,22,0.00270795,4.66888e-02,5.68691e-02,8.06214e-03,1.03291,2.733,15.30
233,0177,33,0.00258895,4.36828e-02,5.66093e-02,8.26445e-03,1.1978,2.732,15.30
234,0177,44,0.00258432,4.45774e-02,5.61175e-02,8.24349e-03,0.993288,2.733,15.30
235,0177,55,0.00247194,4.24230e-02,5.54746e-02,8.24680e-03,0.849585,2.733,15.30
236,0177,66,0.00247605,4.21692e-02,5.46575e-02,8.08881e-03,1.06116,2.732,15.30
237,0177,77,0.00235657,4.05464e-02,5.31520e-02,7.80688e-03,0.722646,2.733,15.30
238,0177,88,0.00230853,3.83203e-02,5.24298e-02,7.70327e-03,0.816339,2.733,15.30
239,0177,99,0.00230555,3.82785e-02,5.16902e-02,7.73085e-03,0.796628,2.732,15.30
240,0177,110,0.00222979,3.80082e-02,5.01259e-02,7.46940e-03,0.615493,2.796,15.30
241,0177,121,0.00222576,3.69315e-02,5.01192e-02,7.34668e-03,0.644643,2.733,15.30
242,0177,132,0.00216549,3.63876e-02,4.94620e-02,7.27553e-03,0.655879,2.733,15.30
243,0179,0,0.00237626,4.69358e-02,5.73933e-02,7.48844e-03,1.23308,2.733,15.30
244,0179,11,0.00222648,4.71927e-02,5.53347e-02,7.40915e-03,1.26935,2.733,15.30
245,0179,22,0.0021142,5.05591e-02,5.32292e-02,7.47195e-03,0.837868,2.733,15.30
246,0179,33,0.00215458,4.64367e-02,5.53038e-02,7.47438e-03,1.76825,2.733,15.30
247,0179,44,0.00227218,5.18890e-02,5.48340e-02,7.37108e-03,1.43969,2.734,15.30
248,0179,55,0.00219104,5.30721e-02,5.19788e-02,7.29501e-03,1.54713,2.733,15.30
249,0179,66,0.00228474,5.40498e-02,5.30062e-02,7.43171e-03,2.22197,2.733,15.30
250,0179,77,0.0023758,5.16577e-02,5.35981e-02,7.56197e-03,1.80599,2.733,15.30
251,0179,88,0.00220113,4.30924e-02,5.12425e-02,7.10779e-03,1.37782,2.733,15.30
252,0179,99,0.00225669,4.42966e-02,5.19880e-02,7.18935e-03,1.28862,2.733,15.30
253,0179,110,0.00208181,4.91101e-02,5.12176e-02,7.33517e-03,1.33518,2.733,15.30
254,0179,121,0.00188555,4.70889e-02,4.96277e-02,7.36940e-03,1.05888,2.733,15.30
255,0179,132,0.00196468,4.70917e-02,5.15545e-02,7.96770e-03,1.21391,2.736,15.30
256,0286,0,0.00235609,5.30786e-02,5.33277e-02,7.99131e-03,1.95774,2.732,15.30
257,0286,11,0.00217137,5.20888e-02,5.00481e-02,7.44550e-03,1.04585,2.733,15.30
258,0286,22,0.00215228,4.98809e-02,5.10682e-02,7.17819e-03,1.48458,2.733,15.30
259,0286,33,0.00217122,4.86274e-02,5.20817e-02,7.11785e-03,1.36944,2.734,15.30
260,0286,44,0.00201607,4.62422e-02,5.00277e-02,7.01505e-03,1.19474,2.734,15.30
261,0286,55,0.00205381,4.75028e-02,5.03610e-02,7.16860e-03,1.56618,2.733,15.30
262,0286,66,0.00200733,4.78795e-02,4.88979e-02,7.20920e-03,1.1412,2.732,15.30
263,0286,77,0.00219991,5.16456e-02,5.05894e-02,7.14811e-03,2.00525,2.733,15.30
264,0286,88,0.00216579,4.95785e-02,5.09943e-02,7.11932e-03,1.52873,2.733,15.30
265,0286,99,0.00210837,5.05180e-02,4.93664e-02,7.05966e-03,1.77077,2.733,15.30
266,0286,110,0.00205195,5.01980e-02,4.89862e-02,7.18288e-03,1.45427,2.732,15.30
267,0286,121,0.00207034,5.12611e-02,4.82672e-02,7.04305e-03,1.80683,2.733,15.30
268,0286,132,0.00199738,5.03618e-02,4.74903e-02,6.98591e-03,1.50949,2.733,15.30
269,0011,0,0.00198279,4.26712e-02,5.57305e-02,7.10752e-03,1.58215,2.733,15.30
270,0011,11,0.00170206,3.84883e-02,5.15703e-02,7.03461e-03,1.09863,2.732,15.30
271,0011,22,0.0016349,3.64094e-02,5.12770e-02,7.20427e-03,1.11547,2.732,15.30
272,0011,33,0.00208835,4.38846e-02,5.53440e-02,7.72453e-03,1.03921,2.733,15.30
273,0011,44,0.00227264,4.41193e-02,5.65186e-02,7.91673e-03,1.31292,2.733,15.30
274,0011,55,0.00197373,4.05153e-02,5.33713e-02,7.97907e-03,0.991046,2.733,15.30
275,0011,66,0.00182544,4.01371e-02,5.19676e-02,8.25367e-03,1.11671,2.733,15.30
276,0011,77,0.00167569,4.01446e-02,5.01127e-02,8.16553e-03,0.843144,2.736,15.30
277,0011,88,0.00169518,4.26300e-02,5.01207e-02,7.64710e-03,0.858923,2.732,15.30
278,0011,99,0.00155495,4.11844e-02,4.72583e-02,7.39635e-03,0.66562,2.733,15.30
279,0011,110,0.00142062,3.73289e-02,4.66216e-02,7.38925e-03,0.674684,2.738,15.30
280,0011,121,0.00158395,3.83533e-02,5.04938e-02,7.77232e-03,0.732634,2.749,15.30
281,0011,132,0.00163897,3.77859e-02,5.08990e-02,7.72796e-03,0.598896,2.736,15.30
282,0011,143,0.00200689,4.90466e-02,5.13734e-02,7.83967e-03,1.26036,2.738,15.30
283,0078,0,0.00189234,3.50204e-02,4.83044e-02,7.75749e-03,0.823919,2.742,15.30
284,0078,11,0.0017109,3.21534e-02,4.53802e-02,7.29984e-03,0.579261,2.760,15.30
285,0078,22,0.00169065,3.02907e-02,4.46464e-02,7.24860e-03,0.621848,2.733,15.30
286,0078,33,0.00181917,3.43085e-02,4.44104e-02,7.16724e-03,0.696881,2.733,15.30
287,0078,44,0.00172882,3.37961e-02,4.30705e-02,6.91204e-03,0.560157,2.733,15.30
288,0078,55,0.00213993,4.27248e-02,4.43258e-02,7.14275e-03,0.917562,2.733,15.30
289,0078,66,0.00269755,5.32398e-02,4.82753e-02,7.47721e-03,0.91826,2.733,15.30
290,0078,77,0.00232869,4.29167e-02,4.82540e-02,7.43960e-03,0.728568,2.734,15.30
291,0078,88,0.00248777,4.58893e-02,4.87729e-02,7.51301e-03,1.04373,2.733,15.30
292,0078,99,0.00243704,4.66395e-02,4.79476e-02,7.99941e-03,1.0911,2.733,15.30
293,0078,110,0.00217003,4.40090e-02,4.78951e-02,8.17336e-03,0.843206,2.732,15.30
294,0078,121,0.00232012,4.30494e-02,5.01604e-02,8.60968e-03,1.2465,2.734,15.30
295,0078,132,0.0021635,3.97918e-02,4.76904e-02,8.20115e-03,1.16923,2.734,15.30
296,0094,0,0.00234196,3.61544e-02,4.60457e-02,6.61150e-03,0.927663,2.733,15.30
297,0094,11,0.00234044,3.41720e-02,4.64169e-02,6.44921e-03,1.71703,2.733,15.30
298,0094,22,0.00216814,3.44050e-02,4.33507e-02,5.90377e-03,1.27749,2.733,15.30
299,0094,33,0.00197807,3.25906e-02,4.09201e-02,5.89549e-03,1.38943,2.733,15.30
300,0094,44,0.00226166,3.44313e-02,4.49146e-02,6.28214e-03,0.949211,2.733,15.30
301,0094,55,0.00191798,3.15599e-02,4.19633e-02,6.14376e-03,1.08133,2.733,15.30
302,0094,66,0.00198992,3.41037e-02,4.35382e-02,6.41169e-03,0.780894,2.733,15.30
303,0094,77,0.0022809,3.90396e-02,4.61201e-02,6.90158e-03,1.21363,2.733,15.30
304,0094,88,0.00217359,3.72234e-02,4.73632e-02,6.81352e-03,1.15874,2.735,15.30
305,0094,99,0.00216531,3.73551e-02,4.95932e-02,7.02905e-03,1.04965,2.733,15.30
306,0094,110,0.00195145,4.02997e-02,4.76542e-02,6.66572e-03,1.10132,2.733,15.30
307,0094,121,0.0020481,3.84376e-02,4.98449e-02,7.16727e-03,1.16526,2.733,15.30
308,0094,132,0.00248321,4.23776e-02,5.43825e-02,7.49201e-03,1.23814,2.732,15.30
309,0094,143,0.00213286,4.65952e-02,4.56381e-02,6.72373e-03,0.991319,2.732,15.30
310,0105,0,0.00207042,3.66724e-02,4.68508e-02,6.47076e-03,0.878781,2.733,15.30
311,0105,11,0.00225525,4.23735e-02,4.82329e-02,6.96275e-03,1.15399,2.734,15.30
312,0105,22,0.00177802,3.39745e-02,4.46383e-02,6.84905e-03,0.966286,2.733,15.30
313,0105,33,0.00185336,3.68092e-02,4.36385e-02,6.69300e-03,0.926132,2.733,15.30
314,0105,44,0.00216239,4.03358e-02,4.48557e-02,6.80356e-03,1.03836,2.733,15.30
315,0105,55,0.00204897,3.79763e-02,4.56575e-02,6.96484e-03,0.742981,2.733,15.30
316,0105,66,0.00201098,3.68623e-02,4.52363e-02,7.04290e-03,1.06698,2.733,15.30
317,0105,77,0.00177741,3.43966e-02,4.25003e-02,6.76120e-03,0.834312,2.733,15.30
318,0105,88,0.00184955,3.87820e-02,4.35742e-02,6.85341e-03,1.08594,2.733,15.30
319,0105,99,0.00191788,3.78421e-02,4.49909e-02,7.04520e-03,0.812494,2.735,15.30
320,0105,110,0.00171861,3.40058e-02,4.30072e-02,7.10625e-03,0.775935,2.733,15.30
321,0105,121,0.00168667,3.59952e-02,4.11727e-02,7.04608e-03,0.800822,2.732,15.30
322,0105,132,0.00168548,3.50928e-02,4.28104e-02,6.98700e-03,0.967151,2.732,15.30
323,0114,0,0.00280012,5.39813e-02,6.75079e-02,1.09978e-02,2.08254,2.734,15.30
324,0114,11,0.0026745,4.94318e-02,6.66152e-02,1.18790e-02,1.28488,2.733,15.30
325,0114,22,0.00242833,4.85081e-02,6.31095e-02,1.18135e-02,1.31541,2.733,15.30
326,0114,33,0.00226457,4.55600e-02,6.12884e-02,1.17190e-02,1.11765,2.733,15.30
327,0114,44,0.00217218,4.20208e-02,6.13052e-02,1.11359e-02,1.1145,2.733,15.30
328,0114,55,0.0022382,4.15790e-02,6.30727e-02,1.05095e-02,1.12382,2.733,15.30
329,0114,66,0.00218205,4.34285e-02,6.11645e-02,1.09663e-02,1.10294,2.732,15.30
330,0114,77,0.00209673,4.11087e-02,6.07628e-02,1.07819e-02,1.01075,2.733,15.30
331,0114,88,0.00213719,4.32678e-02,6.09318e-02,1.13020e-02,1.1789,2.732,15.30
332,0114,99,0.00216781,4.49323e-02,6.23501e-02,1.07858e-02,1.10608,2.736,15.30
333,0114,110,0.00216521,4.45051e-02,6.34121e-02,1.04918e-02,1.15944,2.733,15.30
334,0114,121,0.00215493,4.59307e-02,6.23267e-02,1.09107e-02,1.15655,2.733,15.30
335,0114,132,0.00206001,4.47353e-02,6.16691e-02,1.04330e-02,0.871066,2.733,15.30
336,0144,0,0.00285394,4.64004e-02,5.59175e-02,6.90922e-03,1.82911,2.733,15.30
337,0144,11,0.00267294,4.34835e-02,5.32067e-02,7.10997e-03,1.06462,2.733,15.30
338,0144,22,0.00284811,4.83846e-02,5.43047e-02,7.49862e-03,1.34971,2.733,15.30
339,0144,33,0.00250194,4.66244e-02,5.42409e-02,8.02571e-03,1.53619,2.733,15.30
340,0144,44,0.00264542,4.64790e-02,5.76762e-02,8.63114e-03,1.13797,2.733,15.30
341,0144,55,0.00242256,4.35904e-02,5.55511e-02,8.33061e-03,1.38525,2.733,15.30
342,0144,66,0.00244043,4.53832e-02,5.54112e-02,8.63598e-03,1.09486,2.733,15.30
343,0144,77,0.00270444,4.53601e-02,5.97022e-02,8.52180e-03,1.24938,2.738,15.30
344,0144,88,0.00295903,4.85915e-02,5.96905e-02,7.37642e-03,1.13983,2.743,15.30
345,0144,99,0.00331947,5.10577e-02,6.03230e-02,7.36228e-03,1.52627,2.734,15.30
346,0144,110,0.0033206,5.18639e-02,5.80233e-02,7.40390e-03,1.9252,2.739,15.30
347,0144,121,0.00314924,4.76108e-02,5.83899e-02,8.25870e-03,1.5265,2.760,15.30
348,0144,132,0.00353209,5.47307e-02,6.14684e-02,8.59561e-03,2.38003,2.747,15.30
349,0144,143,0.00325459,5.89584e-02,5.65459e-02,7.56148e-03,2.56634,2.733,15.30
350,0144,154,0.00230499,4.88792e-02,4.77422e-02,7.06366e-03,1.78877,2.733,15.30
351,0165,0,0.00197638,3.83650e-02,4.82551e-02,8.20574e-03,1.03273,2.732,15.30
352,0165,11,0.00167466,3.57792e-02,4.35758e-02,7.41121e-03,1.04487,2.733,15.30
353,0165,22,0.00164823,3.33737e-02,4.44339e-02,7.64493e-03,0.916497,2.732,15.30
354,0165,33,0.00162956,3.33036e-02,4.36136e-02,7.07954e-03,1.22814,2.733,15.30
355,0165,44,0.00150299,3.21797e-02,4.18370e-02,7.20483e-03,0.844537,2.732,15.30
356,0165,55,0.00153429,3.22487e-02,4.26180e-02,7.41589e-03,1.1984,2.732,15.30
357,0165,66,0.0015185,3.07953e-02,4.31697e-02,7.40002e-03,0.827074,2.732,15.30
358,0165,77,0.00145217,3.06828e-02,4.21250e-02,7.21943e-03,1.1282,2.732,15.30
359,0165,88,0.00155087,3.36769e-02,4.26773e-02,7.20417e-03,0.963125,2.732,15.30
360,0165,99,0.00149617,3.16674e-02,4.29208e-02,7.07209e-03,1.05697,2.732,15.30
361,0165,110,0.0014087,3.06176e-02,4.16113e-02,6.99264e-03,0.983245,2.732,15.30
362,0165,121,0.00140454,3.09180e-02,4.14971e-02,6.75076e-03,1.07742,2.735,15.30
363,0165,132,0.00140495,2.91686e-02,4.24790e-02,7.07694e-03,0.709447,2.733,15.30
364,0177,0,0.00274367,4.80363e-02,5.77750e-02,7.40667e-03,1.33161,2.733,15.30
365,0177,11,0.00261505,4.52442e-02,5.60721e-02,7.56503e-03,1.36988,2.732,15.30
366,0177,22,0.00257868,4.41727e-02,5.61892e-02,7.79200e-03,0.881277,2.732,15.30
367,0177,33,0.00252932,4.29283e-02,5.61051e-02,7.96853e-03,1.2329,2.732,15.30
368,0177,44,0.00245852,4.26920e-02,5.51259e-02,7.96624e-03,0.70474,2.733,15.30
369,0177,55,0.00247793,4.21140e-02,5.57641e-02,7.94831e-03,1.14159,2.732,15.30
370,0177,66,0.00237031,4.05866e-02,5.38175e-02,7.77492e-03,0.757882,2.734,15.30
371,0177,77,0.00236654,4.08995e-02,5.31867e-02,7.54678e-03,0.964582,2.733,15.30
372,0177,88,0.00226298,3.78651e-02,5.19836e-02,7.39985e-03,0.728614,2.733,15.30
373,0177,99,0.00227119,3.79500e-02,5.13679e-02,7.42074e-03,0.848509,2.732,15.30
374,0177,110,0.00220757,3.76425e-02,4.99875e-02,7.26555e-03,0.646147,2.732,15.30
375,0177,121,0.00218527,3.63910e-02,4.97889e-02,7.07689e-03,0.666128,2.733,15.30
376,0177,132,0.00216528,3.67423e-02,4.93331e-02,7.06567e-03,0.729414,2.732,15.30
377,0179,0,0.00231624,4.60846e-02,5.67980e-02,7.33796e-03,1.02288,2.732,15.30
378,0179,11,0.00213274,4.58738e-02,5.43296e-02,7.18849e-03,1.08962,2.733,15.30
379,0179,22,0.0020707,5.01503e-02,5.26359e-02,7.25727e-03,0.758783,2.732,15.30
380,0179,33,0.00198662,4.47195e-02,5.30357e-02,7.19029e-03,0.993114,2.732,15.30
381,0179,44,0.00204298,4.86869e-02,5.22757e-02,7.07108e-03,1.42168,2.732,15.30
382,0179,55,0.00202288,5.00018e-02,5.05509e-02,7.02558e-03,1.05738,2.732,15.30
383,0179,66,0.0020154,5.01770e-02,5.01241e-02,7.10259e-03,1.23693,2.732,15.30
384,0179,77,0.0021248,4.51843e-02,5.26972e-02,7.27047e-03,1.49279,2.733,15.30
385,0179,88,0.00208517,4.09902e-02,5.03514e-02,6.92905e-03,0.984927,2.733,15.30
386,0179,99,0.00212357,4.29898e-02,5.04179e-02,6.99350e-03,1.27594,2.732,15.30
387,0179,110,0.00201944,4.73359e-02,5.10313e-02,7.25999e-03,1.36022,2.733,15.30
388,0179,121,0.00185998,4.62874e-02,4.95670e-02,7.31477e-03,1.01368,2.732,15.30
389,0179,132,0.00181622,4.37890e-02,5.03687e-02,7.69029e-03,0.759338,2.732,15.30
390,0286,0,0.00213844,5.10066e-02,5.05568e-02,7.49744e-03,1.0927,2.733,15.30
391,0286,11,0.00204955,5.00350e-02,4.90226e-02,7.01733e-03,1.13466,2.733,15.30
392,0286,22,0.00210041,4.91251e-02,5.05380e-02,7.09967e-03,1.33489,2.733,15.30
393,0286,33,0.00204354,4.71532e-02,5.05334e-02,6.94668e-03,1.05586,2.732,15.30
394,0286,44,0.00187587,4.46375e-02,4.82159e-02,6.89958e-03,0.668935,2.732,15.30
395,0286,55,0.00197205,4.68842e-02,4.91746e-02,6.89541e-03,1.43733,2.733,15.30
396,0286,66,0.00193833,4.68522e-02,4.81938e-02,6.93865e-03,0.812362,2.732,15.30
397,0286,77,0.00192012,4.72363e-02,4.78565e-02,6.85866e-03,0.780223,2.732,15.30
398,0286,88,0.00193465,4.63431e-02,4.84800e-02,6.85598e-03,0.691056,2.733,15.30
399,0286,99,0.00187334,4.70152e-02,4.68902e-02,6.77038e-03,0.678646,2.733,15.30
400,0286,110,0.00192544,4.86458e-02,4.74407e-02,6.95215e-03,1.22568,2.733,15.30
401,0286,121,0.00198259,4.92169e-02,4.78534e-02,6.83307e-03,2.07049,2.732,15.30
402,0286,132,0.00184091,4.70395e-02,4.64068e-02,6.82731e-03,0.729928,2.733,15.30
403,0011,0,0.0017752,3.87068e-02,5.34752e-02,6.81718e-03,1.15047,2.733,15.30
404,0011,11,0.00165673,3.86827e-02,5.05823e-02,6.74506e-03,1.42787,2.733,15.30
405,0011,22,0.00174182,3.91886e-02,5.22463e-02,7.23750e-03,1.55346,2.733,15.30
406,0011,33,0.00223388,4.58281e-02,5.71032e-02,7.52280e-03,1.31184,2.732,15.30
407,0011,44,0.00235371,4.49467e-02,5.75823e-02,7.52443e-03,1.72885,2.733,15.30
408,0011,55,0.00200316,4.01753e-02,5.41568e-02,7.49201e-03,1.1558,2.734,15.30
409,0011,66,0.00196625,4.22080e-02,5.38013e-02,7.87034e-03,1.49359,2.735,15.30
410,0011,77,0.00191854,4.36085e-02,5.34224e-02,8.09274e-03,1.51754,2.740,15.30
411,0011,88,0.0017075,4.35634e-02,4.99073e-02,7.60243e-03,0.79924,2.734,15.30
412,0011,99,0.00166066,4.38838e-02,4.82302e-02,7.03742e-03,1.01917,2.746,15.30
413,0011,110,0.00149444,3.85008e-02,4.78015e-02,7.10151e-03,0.819135,2.808,15.30
414,0011,121,0.00157735,3.85958e-02,5.03117e-02,7.35828e-03,0.964985,2.759,15.30
415,0011,132,0.00172261,4.06538e-02,5.13542e-02,7.55373e-03,0.872219,2.733,15.30
416,0011,143,0.00220107,5.24264e-02,5.32375e-02,7.85638e-03,1.57672,2.732,15.30
417,0078,0,0.0021262,4.09216e-02,4.94857e-02,7.57957e-03,1.37947,2.733,15.30
418,0078,11,0.00188256,3.62816e-02,4.64707e-02,7.35777e-03,0.750423,2.733,15.30
419,0078,22,0.00192982,3.29008e-02,4.75314e-02,7.42143e-03,1.29058,2.733,15.30
420,0078,33,0.00206046,3.75392e-02,4.68140e-02,7.33896e-03,1.08874,2.735,15.30
421,0078,44,0.00194205,3.75306e-02,4.48431e-02,7.00388e-03,1.2491,2.733,15.30
422,0078,55,0.0022229,4.26067e-02,4.57105e-02,7.40543e-03,1.12154,2.733,15.30
423,0078,66,0.00290556,5.51326e-02,5.01703e-02,7.84426e-03,1.45212,2.732,15.30
424,0078,77,0.00243105,4.56935e-02,4.82404e-02,7.59131e-03,1.12388,2.732,15.30
425,0078,88,0.00249569,4.47609e-02,4.95709e-02,7.38684e-03,1.4948,2.732,15.30
426,0078,99,0.00255768,4.58533e-02,5.03428e-02,7.78867e-03,1.39925,2.732,15.30
427,0078,110,0.00230715,4.49721e-02,4.97231e-02,7.89878e-03,1.20465,2.732,15.30
428,0078,121,0.00224704,4.16443e-02,4.98036e-02,8.19751e-03,1.20045,2.733,15.30
429,0078,132,0.00217279,3.95704e-02,4.79886e-02,8.04565e-03,1.14253,2.733,15.30
430,0094,0,0.00256759,3.85947e-02,4.79340e-02,6.40900e-03,1.90729,2.733,15.30
431,0094,11,0.00222796,3.33727e-02,4.52492e-02,6.43159e-03,0.73828,2.733,15.30
432,0094,22,0.00215479,3.33944e-02,4.36573e-02,5.88728e-03,1.37361,2.733,15.30
433,0094,33,0.00190453,3.16625e-02,4.03093e-02,5.78466e-03,0.848989,2.733,15.30
434,0094,44,0.00215392,3.32618e-02,4.40270e-02,5.93033e-03,0.757337,2.734,15.30
435,0094,55,0.00188256,3.10705e-02,4.17079e-02,5.84729e-03,0.883006,2.734,15.30
436,0094,66,0.00207771,3.59504e-02,4.40091e-02,6.13974e-03,1.28943,2.733,15.30
437,0094,77,0.0022133,3.85515e-02,4.54033e-02,6.67557e-03,1.13568,2.733,15.30
438,0094,88,0.0022418,3.76988e-02,4.82042e-02,6.61285e-03,1.63887,2.733,15.30
439,0094,99,0.00232534,4.08567e-02,5.03905e-02,7.00582e-03,1.51638,2.733,15.30
440,0094,110,0.00189194,3.90447e-02,4.72555e-02,6.53478e-03,0.892609,2.732,15.30
441,0094,121,0.00208379,3.83633e-02,5.05218e-02,6.93360e-03,1.5551,2.732,15.30
442,0094,132,0.00235501,3.89656e-02,5.40408e-02,7.29986e-03,1.1623,2.733,15.30
443,0094,143,0.00217502,4.74168e-02,4.58947e-02,6.55965e-03,1.56487,2.733,15.30
444,0105,0,0.00211601,3.62451e-02,4.78077e-02,6.25064e-03,1.27274,2.732,15.30
445,0105,11,0.00212095,3.94667e-02,4.76650e-02,6.58756e-03,1.16867,2.733,15.30
446,0105,22,0.00179588,3.59529e-02,4.39849e-02,6.83529e-03,1.16389,2.732,15.30
447,0105,33,0.00181185,3.51401e-02,4.37407e-02,6.86901e-03,1.1688,2.733,15.30
448,0105,44,0.00205394,3.87347e-02,4.40174e-02,6.72447e-03,1.15261,2.732,15.30
449,0105,55,0.00206575,3.81972e-02,4.58373e-02,6.84520e-03,0.995786,2.733,15.30
450,0105,66,0.00192388,3.39465e-02,4.52473e-02,7.02386e-03,0.936375,2.733,15.30
451,0105,77,0.00172971,3.25016e-02,4.26107e-02,6.73561e-03,1.0616,2.732,15.30
452,0105,88,0.00168265,3.54337e-02,4.23965e-02,6.54765e-03,0.670116,2.733,15.30
453,0105,99,0.00180145,3.62661e-02,4.38585e-02,6.60000e-03,1.08626,2.733,15.30
454,0105,110,0.00168218,3.47409e-02,4.20965e-02,6.52493e-03,0.731719,2.737,15.30
455,0105,121,0.00161583,3.42071e-02,4.09218e-02,6.50333e-03,0.9768,2.733,15.30
456,0105,132,0.00161167,3.50647e-02,4.15210e-02,6.60671e-03,0.775255,2.732,15.30
457,0114,0,0.00285956,5.52611e-02,6.79687e-02,1.05880e-02,2.26153,2.733,15.30
458,0114,11,0.0024475,4.55295e-02,6.45535e-02,1.11510e-02,0.931709,2.734,15.30
459,0114,22,0.00244353,4.91076e-02,6.32006e-02,1.13627e-02,1.5993,2.733,15.30
460,0114,33,0.0024358,4.96725e-02,6.25858e-02,1.13746e-02,1.52591,2.733,15.30
461,0114,44,0.00220019,4.38323e-02,6.10547e-02,1.10814e-02,1.13924,2.733,15.30
462,0114,55,0.00231329,4.20247e-02,6.43175e-02,1.01967e-02,1.53632,2.733,15.30
463,0114,66,0.00233066,4.42117e-02,6.35294e-02,1.12222e-02,1.47415,2.732,15.30
464,0114,77,0.00223366,4.33404e-02,6.23509e-02,1.10239e-02,1.13091,2.732,15.30
465,0114,88,0.00211744,4.23152e-02,6.09979e-02,1.11545e-02,1.32073,2.733,15.30
466,0114,99,0.00240002,4.75809e-02,6.54422e-02,1.14817e-02,1.41142,2.733,15.30
467,0114,110,0.00220017,4.67284e-02,6.31648e-02,1.02363e-02,1.29989,2.733,15.30
468,0114,121,0.00210623,4.53235e-02,6.17757e-02,1.02060e-02,0.97035,2.733,15.30
469,0114,132,0.0022004,4.85665e-02,6.27609e-02,1.02871e-02,1.16717,2.733,15.30
470,0144,0,0.00284161,4.65267e-02,5.56914e-02,6.81679e-03,1.89405,2.733,15.30
471,0144,11,0.00258795,4.30898e-02,5.22488e-02,6.68265e-03,1.0739,2.733,15.30
472,0144,22,0.00294263,4.95177e-02,5.50868e-02,7.16470e-03,1.60257,2.733,15.30
473,0144,33,0.00264258,4.82248e-02,5.56322e-02,7.95485e-03,1.91061,2.733,15.30
474,0144,44,0.00258128,4.59289e-02,5.69988e-02,8.33405e-03,1.12555,2.738,15.30
475,0144,55,0.00239397,4.32042e-02,5.53481e-02,7.92460e-03,1.509,2.735,15.30
476,0144,66,0.00246784,4.55715e-02,5.58294e-02,8.28242e-03,1.37909,2.738,15.30
477,0144,77,0.00280033,4.70322e-02,6.03353e-02,8.67927e-03,1.3331,2.735,15.30
478,0144,88,0.00318204,5.10152e-02,6.15963e-02,7.58569e-03,1.74814,2.735,15.30
479,0144,99,0.00373006,5.49895e-02,6.35552e-02,7.34137e-03,2.6475,2.760,15.30
480,0144,110,0.00372557,5.62110e-02,6.07861e-02,7.52768e-03,2.27834,2.857,15.30
481,0144,121,0.00346438,5.47945e-02,5.87970e-02,7.68725e-03,2.49872,2.734,15.30
482,0144,132,0.00338882,5.29141e-02,6.05843e-02,8.42759e-03,1.89618,2.733,15.30
483,0144,143,0.00338327,5.97567e-02,5.79098e-02,7.53035e-03,2.68461,2.733,15.30
484,0144,154,0.00245336,5.46168e-02,4.64611e-02,6.85658e-03,2.3222,2.733,15.30
485,0165,0,0.00202729,3.99612e-02,4.84094e-02,7.81945e-03,1.07041,2.733,15.30
486,0165,11,0.00178883,3.74902e-02,4.49038e-02,6.98817e-03,1.60563,2.733,15.30
487,0165,22,0.00182269,3.76752e-02,4.55531e-02,7.52221e-03,1.14954,2.733,15.30
488,0165,33,0.00164711,3.33388e-02,4.38832e-02,7.28488e-03,1.05052,2.733,15.30
489,0165,44,0.00149429,3.21357e-02,4.16820e-02,7.23007e-03,0.806573,2.732,15.30
490,0165,55,0.00153294,3.23371e-02,4.25665e-02,7.33605e-03,0.965706,2.733,15.30
491,0165,66,0.00156056,3.14915e-02,4.36720e-02,7.35222e-03,0.920286,2.736,15.30
492,0165,77,0.00142257,3.10279e-02,4.14043e-02,7.06533e-03,0.859553,2.733,15.30
493,0165,88,0.00157643,3.31730e-02,4.34385e-02,7.10632e-03,0.974458,2.733,15.30
494,0165,99,0.00151288,3.31083e-02,4.26011e-02,6.90565e-03,0.874227,2.734,15.30
495,0165,110,0.00145572,3.18062e-02,4.20089e-02,6.97366e-03,1.0473,2.733,15.30
496,0165,121,0.00137138,3.13323e-02,4.06242e-02,6.72187e-03,0.792075,2.732,15.30
497,0165,132,0.0014607,3.04090e-02,4.30668e-02,6.98823e-03,0.827841,2.732,15.30
498,0177,0,0.00291646,5.05666e-02,5.90871e-02,7.28114e-03,2.02264,2.732,15.30
499,0177,11,0.00262183,4.54849e-02,5.60934e-02,7.33534e-03,1.25878,2.734,15.30
500,0177,22,0.00264237,4.44182e-02,5.70746e-02,7.55832e-03,1.17265,2.733,15.30
501,0177,33,0.00255105,4.34229e-02,5.62433e-02,7.74560e-03,1.22451,2.733,15.30
502,0177,44,0.00251596,4.34532e-02,5.56937e-02,7.74447e-03,1.03703,2.733,15.30
503,0177,55,0.00244973,4.16119e-02,5.56115e-02,7.63804e-03,1.12534,2.733,15.30
504,0177,66,0.002382,4.05514e-02,5.40693e-02,7.46321e-03,0.866329,2.733,15.30
505,0177,77,0.0023717,4.08912e-02,5.32790e-02,7.50039e-03,1.10811,2.733,15.30
506,0177,88,0.00225319,3.79097e-02,5.18314e-02,7.28300e-03,0.766767,2.732,15.30
507,0177,99,0.00226883,3.80346e-02,5.13240e-02,7.24041e-03,0.895011,2.735,15.30
508,0177,110,0.00218739,3.73950e-02,4.98245e-02,7.05459e-03,0.658787,2.734,15.30
509,0177,121,0.00218324,3.67338e-02,4.96259e-02,6.93438e-03,0.694043,2.733,15.30
510,0177,132,0.00213889,3.59754e-02,4.92763e-02,7.03900e-03,0.698249,2.733,15.30
511,0179,0,0.00225413,4.51230e-02,5.61927e-02,7.26721e-03,0.897996,2.733,15.30
512,0179,11,0.00212589,4.63524e-02,5.39686e-02,7.10306e-03,1.11522,2.733,15.30
513,0179,22,0.00204386,4.98661e-02,5.22837e-02,7.12474e-03,0.74844,2.732,15.30
514,0179,33,0.00201767,4.50874e-02,5.34602e-02,7.11147e-03,1.14192,2.797,15.30
515,0179,44,0.00202308,4.80062e-02,5.22821e-02,6.95863e-03,1.23602,2.734,15.30
516,0179,55,0.00201349,4.95968e-02,5.06283e-02,6.88105e-03,1.08789,2.734,15.30
517,0179,66,0.00204549,5.09587e-02,5.02762e-02,6.98033e-03,1.35301,2.734,15.30
518,0179,77,0.00211407,4.58175e-02,5.21777e-02,7.20317e-03,1.26832,2.735,15.30
519,0179,88,0.00210595,4.15305e-02,5.04584e-02,6.81596e-03,1.20645,2.734,15.30
520,0179,99,0.00211522,4.32527e-02,5.01585e-02,6.85316e-03,1.07376,2.735,15.30
521,0179,110,0.00198453,4.67617e-02,5.06916e-02,7.13042e-03,1.16767,2.735,15.30
522,0179,121,0.00190983,4.71873e-02,5.00943e-02,7.24346e-03,1.40339,2.734,15.30
523,0179,132,0.00190193,4.54236e-02,5.12576e-02,7.64471e-03,1.25572,2.734,15.30
524,0286,0,0.00216988,5.14476e-02,5.09155e-02,7.38334e-03,1.54304,2.735,15.30
525,0286,11,0.0021035,5.14014e-02,4.92491e-02,6.90202e-03,1.0861,2.735,15.30
526,0286,22,0.00197972,4.70045e-02,4.94719e-02,6.88288e-03,0.727941,2.734,15.30
527,0286,33,0.00200066,4.63656e-02,5.01685e-02,6.85459e-03,0.97646,2.735,15.30
528,0286,44,0.00189895,4.46556e-02,4.86703e-02,6.85999e-03,0.933735,2.734,15.30
529,0286,55,0.00188262,4.51674e-02,4.84123e-02,6.77049e-03,1.05293,2.735,15.30
530,0286,66,0.001893,4.60033e-02,4.78108e-02,6.81747e-03,0.919264,2.734,15.30
531,0286,77,0.00194326,4.79976e-02,4.78785e-02,6.74671e-03,1.18434,2.734,15.30
532,0286,88,0.00191816,4.63270e-02,4.81761e-02,6.76596e-03,0.929269,2.735,15.30
533,0286,99,0.00193108,4.81650e-02,4.73752e-02,6.66674e-03,1.40003,2.734,15.30
534,0286,110,0.00195233,4.87130e-02,4.79781e-02,6.78533e-03,1.3679,2.734,15.30
535,0286,121,0.00178241,4.52208e-02,4.62405e-02,6.63280e-03,0.859239,2.734,15.30
536,0286,132,0.00185971,4.77343e-02,4.63842e-02,6.70719e-03,1.17177,2.734,15.30
537,0011,0,0.00179606,4.02819e-02,5.32177e-02,6.61323e-03,1.31193,2.735,15.30
538,0011,11,0.0015673,3.73571e-02,4.93348e-02,6.48440e-03,1.16164,2.735,15.30
539,0011,22,0.00162441,3.69435e-02,5.08758e-02,6.89312e-03,1.31868,2.734,15.30
540,0011,33,0.0020224,4.29761e-02,5.46515e-02,7.05969e-03,1.10688,2.734,15.30
541,0011,44,0.00215749,4.23630e-02,5.54847e-02,6.95188e-03,1.4635,2.737,15.30
542,0011,55,0.00185275,3.81374e-02,5.23305e-02,7.07396e-03,0.904621,2.734,15.30
543,0011,66,0.00183978,4.01685e-02,5.23689e-02,7.52896e-03,1.35434,2.734,15.30
544,0011,77,0.00164952,3.93610e-02,5.00546e-02,7.52953e-03,0.998411,2.738,15.30
545,0011,88,0.00163903,4.24967e-02,4.90746e-02,6.99631e-03,0.939227,2.737,15.30
546,0011,99,0.0015749,4.22187e-02,4.72453e-02,6.89669e-03,0.833145,2.735,15.30
547,0011,110,0.00138592,3.68506e-02,4.61446e-02,6.83234e-03,0.791614,2.742,15.30
548,0011,121,0.00151345,3.75883e-02,4.93896e-02,7.16747e-03,0.734488,2.757,15.30
549,0011,132,0.0015959,3.74761e-02,5.02075e-02,7.24598e-03,0.693362,2.738,15.30
550,0011,143,0.00196427,4.80951e-02,5.11109e-02,7.54187e-03,1.24252,2.735,15.30
551,0078,0,0.00187374,3.57283e-02,4.77231e-02,7.39769e-03,0.852336,2.735,15.30
552,0078,11,0.00171293,3.25472e-02,4.52731e-02,7.13286e-03,0.617261,2.734,15.30
553,0078,22,0.00171066,3.03649e-02,4.49853e-02,7.13252e-03,0.678086,2.734,15.30
554,0078,33,0.00182453,3.47666e-02,4.43222e-02,6.94484e-03,0.732782,2.734,15.30
555,0078,44,0.00173164,3.37809e-02,4.31659e-02,6.71386e-03,0.670256,2.735,15.30
556,0078,55,0.00209766,4.18262e-02,4.41807e-02,7.01939e-03,0.869642,2.734,15.30
557,0078,66,0.00265645,5.26890e-02,4.80308e-02,7.28550e-03,0.880488,2.734,15.30
558,0078,77,0.00230753,4.25820e-02,4.81327e-02,7.29533e-03,0.808804,2.734,15.30
559,0078,88,0.00240413,4.45836e-02,4.82587e-02,7.36420e-03,0.975438,2.734,15.30
560,0078,99,0.00239576,4.60260e-02,4.77135e-02,7.72546e-03,1.21747,2.734,15.30
561,0078,110,0.00217743,4.40822e-02,4.80261e-02,7.95175e-03,0.936387,2.734,15.30
562,0078,121,0.00229931,4.28412e-02,4.99604e-02,8.48639e-03,1.29992,2.734,15.30
563,0078,132,0.00221619,4.05732e-02,4.81466e-02,8.12285e-03,1.34288,2.736,15.30
564,0094,0,0.00231874,3.60296e-02,4.58161e-02,6.42859e-03,0.882553,2.734,15.30
565,0094,11,0.00226609,3.33534e-02,4.58103e-02,6.27183e-03,1.53953,2.734,15.30
566,0094,22,0.00218792,3.56025e-02,4.30497e-02,5.75440e-03,1.26866,2.733,15.30
567,0094,33,0.00190538,3.16145e-02,4.03529e-02,5.74256e-03,1.16714,2.734,15.30
568,0094,44,0.00225801,3.36981e-02,4.52411e-02,6.10382e-03,1.07928,2.734,15.30
569,0094,55,0.00187287,3.11704e-02,4.14956e-02,5.95216e-03,0.845506,2.735,15.30
570,0094,66,0.00196299,3.41022e-02,4.31565e-02,6.21576e-03,0.669978,2.734,15.30
571,0094,77,0.00225911,3.89106e-02,4.59045e-02,6.66890e-03,1.11894,2.735,15.30
572,0094,88,0.00212281,3.63079e-02,4.70715e-02,6.54764e-03,0.956545,2.733,15.30
573,0094,99,0.0021329,3.75794e-02,4.90206e-02,6.74026e-03,0.916915,2.735,15.30
574,0094,110,0.00189577,3.93998e-02,4.71459e-02,6.51239e-03,0.95071,2.734,15.30
575,0094,121,0.00198715,3.69099e-02,4.95599e-02,6.97812e-03,1.0966,2.734,15.30
576,0094,132,0.00237462,4.09568e-02,5.34471e-02,7.12778e-03,1.03912,2.734,15.30
577,0094,143,0.00209042,4.58834e-02,4.53478e-02,6.60023e-03,0.931431,2.734,15.30
578,0105,0,0.00200102,3.58503e-02,4.61672e-02,6.29924e-03,0.785622,2.734,15.30
579,0105,11,0.00216902,4.07993e-02,4.77148e-02,6.79596e-03,1.22665,2.735,15.30
580,0105,22,0.00171611,3.28856e-02,4.40957e-02,6.66822e-03,0.916421,2.735,15.30
581,0105,33,0.00182595,3.71059e-02,4.30249e-02,6.57945e-03,1.05682,2.734,15.30
582,0105,44,0.00207992,3.89070e-02,4.43503e-02,6.67900e-03,0.993102,2.734,15.30
583,0105,55,0.00198462,3.68307e-02,4.52359e-02,6.73062e-03,0.75664,2.734,15.30
584,0105,66,0.00202195,3.75630e-02,4.51003e-02,6.80078e-03,1.30758,2.735,15.30
585,0105,77,0.00175477,3.43498e-02,4.21815e-02,6.50835e-03,0.984755,2.734,15.30
586,0105,88,0.00180486,3.74530e-02,4.35322e-02,6.66408e-03,1.10562,2.734,15.30
587,0105,99,0.00188728,3.69280e-02,4.49854e-02,6.77795e-03,0.922134,2.734,15.30
588,0105,110,0.00169003,3.32860e-02,4.29079e-02,6.80355e-03,0.874505,2.735,15.30
589,0105,121,0.00165177,3.51791e-02,4.10195e-02,6.79047e-03,0.851498,2.735,15.30
590,0105,132,0.00168186,3.53386e-02,4.26645e-02,6.74984e-03,1.06059,2.734,15.30
591,0114,0,0.00265457,5.13440e-02,6.63906e-02,1.03375e-02,1.95849,2.734,15.30
592,0114,11,0.00252986,4.77018e-02,6.50318e-02,1.12086e-02,1.15863,2.736,15.30
593,0114,22,0.00234377,4.74315e-02,6.22233e-02,1.10782e-02,1.30014,2.734,15.30
594,0114,33,0.00219104,4.47348e-02,6.04352e-02,1.10237e-02,1.01182,2.735,15.30
595,0114,44,0.00215227,4.23954e-02,6.09333e-02,1.03637e-02,1.36173,2.735,15.30
596,0114,55,0.00220078,4.14999e-02,6.25278e-02,9.93577e-03,1.15876,2.734,15.30
597,0114,66,0.0021753,4.41995e-02,6.07733e-02,1.05900e-02,1.27341,2.735,15.30
598,0114,77,0.00208984,4.14609e-02,6.05288e-02,1.05619e-02,1.02245,2.734,15.30
599,0114,88,0.00215072,4.36159e-02,6.11135e-02,1.09634e-02,1.37267,2.734,15.30
600,0114,99,0.00221921,4.55084e-02,6.31513e-02,1.04867e-02,1.30957,2.734,15.30
601,0114,110,0.00219523,4.58470e-02,6.34901e-02,1.00959e-02,1.31428,2.735,15.30
602,0114,121,0.00208018,4.37182e-02,6.19428e-02,1.03146e-02,1.01451,2.735,15.30
603,0114,132,0.00213702,4.75954e-02,6.19879e-02,1.00803e-02,1.2686,2.734,15.30
604,0144,0,0.00268895,4.45276e-02,5.45470e-02,6.64298e-03,1.6653,2.735,15.30
605,0144,11,0.00259093,4.29231e-02,5.23814e-02,6.65717e-03,1.133,2.736,15.30
606,0144,22,0.00270482,4.65314e-02,5.33132e-02,6.97738e-03,1.17251,2.734,15.30
607,0144,33,0.00230836,4.43013e-02,5.24036e-02,7.43048e-03,1.05649,2.734,15.30
608,0144,44,0.00250228,4.45578e-02,5.64835e-02,7.99316e-03,1.25312,2.734,15.30
609,0144,55,0.00228482,4.15188e-02,5.43560e-02,8.00278e-03,1.2175,2.740,15.30
610,0144,66,0.0022591,4.26853e-02,5.38417e-02,8.11115e-03,1.02728,2.738,15.30
611,0144,77,0.0025448,4.32953e-02,5.82883e-02,7.98119e-03,1.15257,2.741,15.30
612,0144,88,0.00285126,4.77480e-02,5.86032e-02,7.00755e-03,1.12574,2.759,15.30
613,0144,99,0.00311174,4.79801e-02,5.91621e-02,7.02387e-03,1.35228,2.736,15.30
614,0144,110,0.00309606,4.88725e-02,5.67115e-02,6.98630e-03,1.61454,2.734,15.30
615,0144,121,0.00305119,4.67154e-02,5.75733e-02,7.97897e-03,1.40907,2.735,15.30
616,0144,132,0.00328841,5.27983e-02,5.93454e-02,8.11864e-03,1.81617,2.735,15.30
617,0144,143,0.00290761,5.34709e-02,5.48051e-02,7.44420e-03,1.60052,2.734,15.30
618,0144,154,0.00221369,4.88946e-02,4.61868e-02,6.66705e-03,2.00691,2.734,15.30
619,0165,0,0.00200371,3.93383e-02,4.82946e-02,7.94114e-03,1.2325,2.734,15.30
620,0165,11,0.00155958,3.50088e-02,4.18241e-02,7.04238e-03,0.765254,2.734,15.30
621,0165,22,0.00158084,3.22109e-02,4.37611e-02,7.37379e-03,0.742442,2.733,15.30
622,0165,33,0.00154348,3.24143e-02,4.24541e-02,6.84343e-03,0.890947,2.734,15.30
623,0165,44,0.00144839,3.13464e-02,4.12066e-02,6.98045e-03,0.929418,2.735,15.30
624,0165,55,0.00140539,2.99702e-02,4.11928e-02,7.15896e-03,0.711917,2.734,15.30
625,0165,66,0.00150063,3.09624e-02,4.27987e-02,7.15910e-03,0.875011,2.735,15.30
626,0165,77,0.00136552,2.95582e-02,4.09324e-02,7.02554e-03,0.622113,2.734,15.30
627,0165,88,0.00147691,3.23198e-02,4.19330e-02,6.93261e-03,0.82039,2.734,15.30
628,0165,99,0.00136829,3.01740e-02,4.11053e-02,6.71676e-03,0.489622,2.734,15.30
629,0165,110,0.00136246,3.13372e-02,4.04111e-02,6.53696e-03,0.692431,2.734,15.30
630,0165,121,0.0013076,2.98036e-02,4.00661e-02,6.44467e-03,0.607232,2.734,15.30
631,0165,132,0.00133086,2.80229e-02,4.15200e-02,6.79243e-03,0.58312,2.734,15.30
632,0177,0,0.00267404,4.70337e-02,5.72535e-02,7.17501e-03,1.38849,2.734,15.30
633,0177,11,0.0025183,4.40229e-02,5.52396e-02,7.23461e-03,1.10559,2.734,15.30
634,0177,22,0.00249322,4.30967e-02,5.54586e-02,7.37596e-03,0.919916,2.734,15.30
635,0177,33,0.00246266,4.27019e-02,5.52584e-02,7.51387e-03,0.955993,2.735,15.30
636,0177,44,0.00243987,4.27434e-02,5.48724e-02,7.59858e-03,0.936795,2.734,15.30
637,0177,55,0.00235795,4.05921e-02,5.46369e-02,7.66726e-03,0.674065,2.734,15.30
638,0177,66,0.00234523,4.06391e-02,5.34640e-02,7.40407e-03,0.88729,2.734,15.30
639,0177,77,0.00224965,3.89433e-02,5.23275e-02,7.14049e-03,0.64764,2.735,15.30
640,0177,88,0.0022206,3.76418e-02,5.14738e-02,7.09971e-03,0.661469,2.735,15.30
641,0177,99,0.00217559,3.63987e-02,5.06360e-02,7.11540e-03,0.542873,2.734,15.30
642,0177,110,0.00214523,3.67211e-02,4.94954e-02,6.93166e-03,0.574897,2.735,15.30
643,0177,121,0.0021397,3.56693e-02,4.94562e-02,6.78844e-03,0.527452,2.734,15.30
644,0177,132,0.00208311,3.53756e-02,4.87149e-02,6.78456e-03,0.513949,2.734,15.30
645,0179,0,0.00223619,4.48771e-02,5.60209e-02,7.10896e-03,0.895841,2.735,15.30
646,0179,11,0.0020807,4.53042e-02,5.36901e-02,6.94739e-03,1.12311,2.734,15.30
647,0179,22,0.00210176,5.07611e-02,5.29366e-02,7.04122e-03,1.10276,2.734,15.30
648,0179,33,0.00193068,4.39744e-02,5.23659e-02,6.93288e-03,0.919777,2.734,15.30
649,0179,44,0.00195666,4.66793e-02,5.17057e-02,6.87881e-03,0.917894,2.734,15.30
650,0179,55,0.00197327,4.87521e-02,5.03301e-02,6.78911e-03,1.04218,2.734,15.30
651,0179,66,0.00211188,5.27148e-02,5.05377e-02,6.86329e-03,1.77649,2.734,15.30
652,0179,77,0.00212714,4.65316e-02,5.20537e-02,7.08217e-03,1.24667,2.735,15.30
653,0179,88,0.00203862,4.04716e-02,4.98393e-02,6.70337e-03,0.971118,2.734,15.30
654,0179,99,0.00211989,4.33684e-02,5.02009e-02,6.72113e-03,1.28402,2.735,15.30
655,0179,110,0.00196772,4.70330e-02,5.02282e-02,6.99676e-03,1.14833,2.735,15.30
656,0179,121,0.00188028,4.62281e-02,5.00538e-02,7.12191e-03,1.22927,2.734,15.30
657,0179,132,0.00185784,4.47293e-02,5.07669e-02,7.45126e-03,1.02676,2.734,15.30
658,0286,0,0.00217562,5.18016e-02,5.08322e-02,7.23781e-03,1.6288,2.793,15.30
659,0286,11,0.00219154,5.25737e-02,5.02328e-02,6.85064e-03,1.60777,2.733,15.30
660,0286,22,0.00199032,4.74691e-02,4.94188e-02,6.82224e-03,0.816932,2.733,15.30
661,0286,33,0.00215597,4.83213e-02,5.20110e-02,6.87396e-03,1.83685,2.733,15.30
662,0286,44,0.00211445,4.85209e-02,5.06164e-02,6.85500e-03,1.43713,2.732,15.30
663,0286,55,0.00200022,4.66680e-02,4.98425e-02,6.95025e-03,1.68348,2.732,15.30
664,0286,66,0.00202485,4.75565e-02,4.94991e-02,6.82521e-03,1.4498,2.733,15.30
665,0286,77,0.00211038,5.00940e-02,4.98964e-02,6.74598e-03,1.78879,2.734,15.30
666,0286,88,0.00195763,4.69804e-02,4.85906e-02,6.67128e-03,1.02331,2.732,15.30
667,0286,99,0.00212347,5.13998e-02,4.91486e-02,6.77692e-03,1.98729,2.733,15.30
668,0286,110,0.00201822,5.06723e-02,4.80627e-02,6.85201e-03,1.37166,2.732,15.30
669,0286,121,0.00208413,5.19879e-02,4.81263e-02,6.68426e-03,2.15211,2.733,15.30
670,0286,132,0.00203273,5.14412e-02,4.75535e-02,6.67910e-03,1.64778,2.733,15.30
671,0011,0,0.00197863,4.24928e-02,5.57942e-02,6.69813e-03,1.82715,2.733,15.30
672,0011,11,0.00166133,3.88283e-02,5.06147e-02,6.72140e-03,1.10143,2.734,15.30
673,0011,22,0.0017053,3.80887e-02,5.20236e-02,7.05287e-03,1.44755,2.734,15.30
674,0011,33,0.00219618,4.44347e-02,5.70995e-02,7.46924e-03,1.35545,2.733,15.30
675,0011,44,0.0023746,4.50745e-02,5.78798e-02,7.50242e-03,1.5542,2.741,15.30
676,0011,55,0.00197857,3.94288e-02,5.40816e-02,7.24084e-03,1.28128,2.736,15.30
677,0011,66,0.00180418,4.02394e-02,5.16530e-02,7.39419e-03,1.08571,2.746,15.30
678,0011,77,0.00169187,4.07734e-02,5.02708e-02,7.51594e-03,1.1084,2.790,15.30
679,0011,88,0.00159657,4.00799e-02,4.93095e-02,7.34168e-03,0.662256,2.755,15.30
680,0011,99,0.00154987,4.03458e-02,4.76539e-02,7.01259e-03,0.792652,2.733,15.30
681,0011,110,0.00138441,3.64415e-02,4.63083e-02,6.82167e-03,0.583989,2.733,15.30
682,0011,121,0.00151768,3.72664e-02,4.96405e-02,7.11429e-03,0.759801,2.732,15.30
683,0011,132,0.00159652,3.69552e-02,5.04638e-02,7.19550e-03,0.542607,2.733,15.30
684,0011,143,0.00187836,4.64210e-02,5.02924e-02,7.57191e-03,1.03754,2.732,15.30
685,0078,0,0.00179957,3.49784e-02,4.67683e-02,7.34082e-03,0.780724,2.734,15.30
686,0078,11,0.00164716,3.14918e-02,4.45996e-02,6.91576e-03,0.545396,2.733,15.30
687,0078,22,0.00168384,3.05365e-02,4.45052e-02,6.81804e-03,0.826858,2.733,15.30
688,0078,33,0.00176197,3.42885e-02,4.35104e-02,6.74376e-03,0.648618,2.732,15.30
689,0078,44,0.00171362,3.34823e-02,4.30076e-02,6.64154e-03,0.815797,2.732,15.30
690,0078,55,0.00212887,4.28547e-02,4.40978e-02,6.95585e-03,1.02091,2.733,15.30
691,0078,66,0.00265382,5.26770e-02,4.80164e-02,7.17787e-03,1.11218,2.733,15.30
692,0078,77,0.00227275,4.21007e-02,4.78792e-02,7.11862e-03,0.799185,2.733,15.30
693,0078,88,0.00238652,4.45571e-02,4.80289e-02,7.19128e-03,1.041,2.736,15.30
694,0078,99,0.00239054,4.62743e-02,4.75010e-02,7.60621e-03,1.33505,2.733,15.30
695,0078,110,0.00211467,4.30433e-02,4.75608e-02,7.81453e-03,0.965359,2.733,15.30
696,0078,121,0.00225666,4.25041e-02,4.94852e-02,8.29225e-03,1.33626,2.732,15.30
697,0078,132,0.00220051,4.01336e-02,4.81562e-02,7.97514e-03,1.42805,2.733,15.30
698,0094,0,0.00224868,3.52253e-02,4.52551e-02,6.26013e-03,0.835756,2.733,15.30
699,0094,11,0.00221604,3.25536e-02,4.55236e-02,6.02927e-03,1.59376,2.733,15.30
700,0094,22,0.00206355,3.31836e-02,4.25171e-02,5.52985e-03,1.10169,2.733,15.30
701,0094,33,0.00186902,3.08444e-02,4.02183e-02,5.54050e-03,1.30057,2.733,15.30
702,0094,44,0.00216485,3.27505e-02,4.44147e-02,5.95897e-03,0.919118,2.734,15.30
703,0094,55,0.00180877,3.04106e-02,4.08685e-02,5.93136e-03,0.715102,2.732,15.30
704,0094,66,0.00193577,3.42177e-02,4.26764e-02,6.19762e-03,0.665315,2.733,15.30
705,0094,77,0.00217321,3.79816e-02,4.51254e-02,6.51109e-03,0.963482,2.733,15.30
706,0094,88,0.00210711,3.58961e-02,4.70541e-02,6.38098e-03,1.01591,2.732,15.30
707,0094,99,0.00212969,3.74190e-02,4.90709e-02,6.59015e-03,1.02061,2.732,15.30
708,0094,110,0.00183709,3.81115e-02,4.67474e-02,6.45342e-03,0.859848,2.732,15.30
709,0094,121,0.00202874,3.78422e-02,4.98336e-02,6.96966e-03,1.27124,2.733,15.30
710,0094,132,0.00238501,4.11237e-02,5.35315e-02,7.11418e-03,1.06534,2.734,15.30
711,0094,143,0.00204608,4.54522e-02,4.48279e-02,6.52804e-03,0.902201,2.732,15.30
712,0105,0,0.00200358,3.61268e-02,4.60912e-02,6.19814e-03,0.786368,2.733,15.30
713,0105,11,0.00216324,4.02559e-02,4.79204e-02,6.71867e-03,1.20766,2.732,15.30
714,0105,22,0.00171714,3.31484e-02,4.40014e-02,6.61489e-03,0.958346,2.732,15.30
715,0105,33,0.00181064,3.67419e-02,4.29524e-02,6.56670e-03,1.02801,2.732,15.30
716,0105,44,0.00207995,3.85991e-02,4.45129e-02,6.70287e-03,0.981795,2.732,15.30
717,0105,55,0.00198172,3.72784e-02,4.49635e-02,6.70940e-03,0.698058,2.732,15.30
718,0105,66,0.00203122,3.79615e-02,4.50632e-02,6.69251e-03,1.35159,2.735,15.30
719,0105,77,0.00175714,3.43623e-02,4.22250e-02,6.46134e-03,0.955919,2.735,15.30
720,0105,88,0.00180068,3.69527e-02,4.37336e-02,6.60774e-03,1.06259,2.733,15.30
721,0105,99,0.00187467,3.66251e-02,4.49292e-02,6.73685e-03,0.853006,2.732,15.30
722,0105,110,0.00172048,3.42470e-02,4.29854e-02,6.78124e-03,0.910136,2.732,15.30
723,0105,121,0.00164444,3.51996e-02,4.08768e-02,6.76994e-03,0.817706,2.733,15.30
724,0105,132,0.00166741,3.54421e-02,4.23491e-02,6.72127e-03,1.04557,2.733,15.30
725,0114,0,0.00265968,5.08785e-02,6.66930e-02,1.03763e-02,2.01299,2.733,15.30
726,0114,11,0.00257327,4.81454e-02,6.56013e-02,1.11569e-02,1.15694,2.733,15.30
727,0114,22,0.00230194,4.64865e-02,6.19433e-02,1.08154e-02,1.20461,2.733,15.30
728,0114,33,0.00218684,4.42826e-02,6.05952e-02,1.08686e-02,1.0279,2.732,15.30
729,0114,44,0.00213529,4.23589e-02,6.06426e-02,1.02888e-02,1.27747,2.732,15.30
730,0114,55,0.00219349,4.14161e-02,6.24466e-02,9.83428e-03,1.13646,2.733,15.30
731,0114,66,0.00210858,4.27221e-02,6.02161e-02,1.02894e-02,1.08246,2.739,15.30
732,0114,77,0.00205624,4.10543e-02,6.00826e-02,1.04202e-02,1.01074,2.733,15.30
733,0114,88,0.00207151,4.23805e-02,6.01156e-02,1.09824e-02,1.13214,2.732,15.30
734,0114,99,0.00206599,4.35784e-02,6.10752e-02,1.01296e-02,0.977415,2.733,15.30
735,0114,110,0.00212597,4.38097e-02,6.30453e-02,9.95260e-03,1.19418,2.733,15.30
736,0114,121,0.0020713,4.45798e-02,6.14007e-02,1.02451e-02,1.06542,2.732,15.30
737,0114,132,0.00200629,4.32955e-02,6.13822e-02,9.54037e-03,0.964905,2.733,15.30
738,0144,0,0.00274901,4.48731e-02,5.52318e-02,6.69042e-03,1.8683,2.733,15.30
739,0144,11,0.00255816,4.17905e-02,5.24558e-02,6.78227e-03,1.0209,2.735,15.30
740,0144,22,0.00272252,4.71620e-02,5.32274e-02,6.99859e-03,1.29791,2.735,15.30
741,0144,33,0.00238959,4.53715e-02,5.31678e-02,7.52344e-03,1.39711,2.737,15.30
742,0144,44,0.00253628,4.48773e-02,5.68523e-02,8.07581e-03,1.11968,2.736,15.30
743,0144,55,0.00234553,4.28556e-02,5.47403e-02,7.84950e-03,1.37118,2.736,15.30
744,0144,66,0.00231723,4.36533e-02,5.43366e-02,8.12295e-03,1.00822,2.785,15.30
745,0144,77,0.0025416,4.32843e-02,5.82439e-02,7.97786e-03,1.12326,2.869,15.30
746,0144,88,0.002812,4.69985e-02,5.83871e-02,7.08116e-03,0.929012,2.734,15.30
747,0144,99,0.00318844,4.94517e-02,5.94192e-02,7.25077e-03,1.45706,2.733,15.30
748,0144,110,0.00316439,4.98730e-02,5.70901e-02,7.01653e-03,1.76531,2.733,15.30
749,0144,121,0.00308753,4.68383e-02,5.79798e-02,8.09937e-03,1.3665,2.733,15.30
750,0144,132,0.00339225,5.35760e-02,6.03077e-02,8.21197e-03,2.15538,2.734,15.30
751,0144,143,0.00297477,5.46248e-02,5.51226e-02,7.42911e-03,1.85517,2.732,15.30
752,0144,154,0.00226543,4.89277e-02,4.70847e-02,6.68162e-03,2.27018,2.733,15.30
753,0165,0,0.00191602,3.74440e-02,4.77047e-02,7.94215e-03,0.972989,2.733,15.30
754,0165,11,0.00157429,3.44493e-02,4.24036e-02,7.03848e-03,1.02071,2.732,15.30
755,0165,22,0.00157144,3.24296e-02,4.35058e-02,7.24565e-03,0.833966,2.733,15.30
756,0165,33,0.0015413,3.21613e-02,4.25575e-02,6.71804e-03,1.19456,2.734,15.30
757,0165,44,0.00145417,3.19954e-02,4.10201e-02,6.91675e-03,0.851376,2.733,15.30
758,0165,55,0.00142837,3.05961e-02,4.13901e-02,7.03600e-03,1.04404,2.733,15.30
759,0165,66,0.00145606,3.01009e-02,4.23308e-02,7.08380e-03,0.724061,2.733,15.30
760,0165,77,0.00139109,2.99780e-02,4.12725e-02,6.97428e-03,0.980083,2.733,15.30
761,0165,88,0.00143035,3.11917e-02,4.15561e-02,6.83830e-03,0.665361,2.732,15.30
762,0165,99,0.00137538,2.97760e-02,4.14448e-02,6.64963e-03,0.732933,2.732,15.30
763,0165,110,0.00131814,3.00803e-02,4.01042e-02,6.42399e-03,0.584048,2.733,15.30
764,0165,121,0.00129207,2.91313e-02,4.00665e-02,6.34480e-03,0.647618,2.735,15.30
765,0165,132,0.00131608,2.80050e-02,4.12467e-02,6.66958e-03,0.63995,2.733,15.30
766,0177,0,0.00262145,4.63956e-02,5.67894e-02,7.00075e-03,1.21979,2.732,15.30
767,0177,11,0.00243753,4.33366e-02,5.43420e-02,7.06793e-03,0.867547,2.732,15.30
768,0177,22,0.00246431,4.27030e-02,5.52092e-02,7.30011e-03,0.926345,2.733,15.30
769,0177,33,0.00240891,4.19923e-02,5.47806e-02,7.33860e-03,0.810398,2.733,15.30
770,0177,44,0.00239832,4.21029e-02,5.45378e-02,7.51094e-03,0.806944,2.733,15.30
771,0177,55,0.00234059,4.05530e-02,5.43963e-02,7.57239e-03,0.651139,2.732,15.30
772,0177,66,0.00232043,4.02975e-02,5.32567e-02,7.26130e-03,0.767706,2.733,15.30
773,0177,77,0.00222906,3.87051e-02,5.21207e-02,7.07115e-03,0.552301,2.733,15.30
774,0177,88,0.0021833,3.71077e-02,5.11448e-02,6.99353e-03,0.576028,2.733,15.30
775,0177,99,0.00216334,3.63358e-02,5.04857e-02,7.03611e-03,0.53062,2.733,15.30
776,0177,110,0.00211395,3.60290e-02,4.93355e-02,6.82551e-03,0.474931,2.733,15.30
777,0177,121,0.00213584,3.57752e-02,4.93617e-02,6.71067e-03,0.58041,2.736,15.30
778,0177,132,0.00204645,3.47075e-02,4.84463e-02,6.70530e-03,0.388129,2.732,15.30
779,0179,0,0.00222828,4.49377e-02,5.58578e-02,7.06878e-03,0.886678,2.732,15.30
780,0179,11,0.00201441,4.43885e-02,5.29150e-02,6.89341e-03,0.841998,2.733,15.30
781,0179,22,0.00206083,5.03486e-02,5.23703e-02,6.96760e-03,0.97757,2.733,15.30
782,0179,33,0.0019354,4.41425e-02,5.23835e-02,6.86342e-03,1.10031,2.733,15.30
783,0179,44,0.00198337,4.72864e-02,5.19189e-02,6.79272e-03,1.19611,2.733,15.30
784,0179,55,0.00195967,4.87563e-02,5.00639e-02,6.70491e-03,1.02699,2.732,15.30
785,0179,66,0.00211022,5.26779e-02,5.05338e-02,6.82697e-03,1.77425,2.733,15.30
786,0179,77,0.00214227,4.74312e-02,5.18363e-02,7.09674e-03,1.22884,2.732,15.30
787,0179,88,0.00201342,4.00292e-02,4.96248e-02,6.66053e-03,0.984006,2.733,15.30
788,0179,99,0.0021618,4.41552e-02,5.05250e-02,6.65885e-03,1.35762,2.732,15.30
789,0179,110,0.00196418,4.70055e-02,5.01968e-02,6.85733e-03,1.13356,2.733,15.30
790,0179,121,0.00187394,4.63291e-02,4.98920e-02,6.97056e-03,1.40349,2.733,15.30
791,0179,132,0.00196341,4.66648e-02,5.18539e-02,7.46912e-03,1.37989,2.733,15.30
792,0286,0,0.00210174,5.02306e-02,5.03523e-02,7.29248e-03,1.04583,2.733,15.30
793,0286,11,0.00210903,5.12755e-02,4.94663e-02,6.73596e-03,1.64505,2.733,15.30
794,0286,22,0.00212562,4.99071e-02,5.06042e-02,6.79962e-03,1.18464,2.732,15.30
795,0286,33,0.0020053,4.59375e-02,5.05241e-02,6.69638e-03,1.27039,2.733,15.30
796,0286,44,0.00203804,4.73772e-02,4.98310e-02,6.81620e-03,1.46268,2.732,15.30
797,0286,55,0.001922,4.60723e-02,4.86684e-02,6.82202e-03,1.14567,2.732,15.30
798,0286,66,0.00199221,4.72135e-02,4.90934e-02,6.65206e-03,1.51741,2.733,15.30
799,0286,77,0.0020605,5.01428e-02,4.89087e-02,6.62346e-03,1.3369,2.733,15.30
800,0286,88,0.00201108,4.76907e-02,4.92329e-02,6.59821e-03,1.38104,2.732,15.30
801,0286,99,0.00203261,5.03809e-02,4.80207e-02,6.66081e-03,1.55943,2.733,15.30
802,0286,110,0.00202506,5.10949e-02,4.79328e-02,6.81936e-03,1.67301,2.732,15.30
803,0286,121,0.00181236,4.67477e-02,4.59303e-02,6.63276e-03,0.798786,2.732,15.30
804,0286,132,0.00192986,4.91395e-02,4.69798e-02,6.50202e-03,1.79737,2.732,15.30
805,0011,0,0.00186748,4.17190e-02,5.40028e-02,6.49095e-03,1.59806,2.733,15.30
806,0011,11,0.00152711,3.67912e-02,4.87539e-02,6.29263e-03,0.788671,2.733,15.30
807,0011,22,0.00161061,3.71858e-02,5.05310e-02,6.55362e-03,1.32261,2.732,15.30
808,0011,33,0.0019256,4.20401e-02,5.32790e-02,6.87766e-03,1.02451,2.734,15.30
809,0011,44,0.00209132,4.23807e-02,5.43047e-02,6.87866e-03,1.45277,2.746,15.30
810,0011,55,0.00179575,3.63209e-02,5.20710e-02,6.85480e-03,0.986164,2.763,15.30
811,0011,66,0.00182265,3.97939e-02,5.22697e-02,7.15188e-03,1.40563,2.735,15.30
812,0011,77,0.0016438,4.02693e-02,4.95719e-02,7.07168e-03,1.08303,2.739,15.30
813,0011,88,0.00155662,4.06754e-02,4.82220e-02,6.74575e-03,0.886976,2.744,15.30
814,0011,99,0.00154558,4.17059e-02,4.68723e-02,6.80501e-03,0.861782,2.752,15.30
815,0011,110,0.0013912,3.69131e-02,4.62442e-02,6.80027e-03,0.853052,2.733,15.30
816,0011,121,0.00144828,3.56253e-02,4.88484e-02,6.90424e-03,0.634372,2.732,15.30
817,0011,132,0.00160136,3.75299e-02,5.03356e-02,7.03960e-03,0.7861,2.732,15.30
818,0011,143,0.00182824,4.57567e-02,4.96596e-02,7.36047e-03,0.962147,2.732,15.30
819,0078,0,0.00186289,3.60847e-02,4.73923e-02,7.24594e-03,1.00876,2.732,15.30
820,0078,11,0.00166236,3.17156e-02,4.47504e-02,7.05004e-03,0.579777,2.733,15.30
821,0078,22,0.00173387,3.06425e-02,4.52763e-02,7.09010e-03,0.791722,2.732,15.30
822,0078,33,0.00185134,3.53669e-02,4.45172e-02,6.77505e-03,0.892831,2.733,15.30
823,0078,44,0.00164542,3.23162e-02,4.23900e-02,6.45964e-03,0.55162,2.732,15.30
824,0078,55,0.00214315,4.19472e-02,4.48652e-02,7.02739e-03,1.11844,2.734,15.30
825,0078,66,0.00265106,5.24117e-02,4.81378e-02,7.26864e-03,0.948825,2.733,15.30
826,0078,77,0.0022625,4.20606e-02,4.77494e-02,7.05410e-03,0.905154,2.732,15.30
827,0078,88,0.00238464,4.42982e-02,4.81534e-02,7.16927e-03,1.01176,2.733,15.30
828,0078,99,0.00236879,4.55394e-02,4.75846e-02,7.66597e-03,1.30232,2.733,15.30
829,0078,110,0.00212708,4.31934e-02,4.76653e-02,7.94236e-03,0.950254,2.733,15.30
830,0078,121,0.00231203,4.28554e-02,5.01708e-02,8.42945e-03,1.39858,2.733,15.30
831,0078,132,0.00223135,4.07442e-02,4.83078e-02,8.08268e-03,1.45975,2.733,15.30
832,0094,0,0.00232555,3.65984e-02,4.56413e-02,6.36155e-03,0.9452,2.733,15.30
833,0094,11,0.00226071,3.27162e-02,4.60370e-02,6.18863e-03,1.70642,2.733,15.30
834,0094,22,0.00217521,3.47283e-02,4.33278e-02,5.66927e-03,1.32016,2.733,15.30
835,0094,33,0.00197912,3.33319e-02,4.06130e-02,5.58419e-03,1.44367,2.733,15.30
836,0094,44,0.0021404,3.25549e-02,4.41743e-02,5.88517e-03,0.769517,2.732,15.30
837,0094,55,0.00187049,3.07259e-02,4.16801e-02,5.87087e-03,1.04366,2.733,15.30
838,0094,66,0.00195627,3.39582e-02,4.31309e-02,6.17046e-03,0.705768,2.732,15.30
839,0094,77,0.00225544,3.87240e-02,4.59688e-02,6.55405e-03,1.2406,2.733,15.30
840,0094,88,0.0020839,3.60795e-02,4.66109e-02,6.34495e-03,1.02971,2.733,15.30
841,0094,99,0.0021928,3.78013e-02,4.98633e-02,6.74380e-03,1.26856,2.732,15.30
842,0094,110,0.00191591,3.93537e-02,4.75508e-02,6.40194e-03,1.17162,2.732,15.30
843,0094,121,0.00200306,3.81635e-02,4.92683e-02,6.81346e-03,1.128,2.732,15.30
844,0094,132,0.00230946,3.98616e-02,5.29580e-02,7.04319e-03,1.06919,2.733,15.30
845,0094,143,0.00208515,4.64098e-02,4.49375e-02,6.48098e-03,1.09825,2.733,15.30
846,0105,0,0.00199037,3.58485e-02,4.60163e-02,6.17646e-03,0.898914,2.733,15.30
847,0105,11,0.00214583,4.07216e-02,4.73935e-02,6.70439e-03,1.04433,2.733,15.30
848,0105,22,0.00173129,3.34183e-02,4.41265e-02,6.60452e-03,0.980129,2.732,15.30
849,0105,33,0.00174794,3.50259e-02,4.27712e-02,6.39088e-03,0.864437,2.732,15.30
850,0105,44,0.00201032,3.80717e-02,4.37204e-02,6.44726e-03,0.927049,2.732,15.30
851,0105,55,0.00196755,3.66835e-02,4.50383e-02,6.68347e-03,0.720103,2.732,15.30
852,0105,66,0.00195317,3.65463e-02,4.45104e-02,6.72633e-03,1.03094,2.733,15.30
853,0105,77,0.0016586,3.28899e-02,4.12542e-02,6.36861e-03,0.729673,2.732,15.30
854,0105,88,0.00172373,3.66846e-02,4.25013e-02,6.49490e-03,0.946114,2.732,15.30
855,0105,99,0.00179021,3.56525e-02,4.39774e-02,6.57121e-03,0.733512,2.733,15.30
856,0105,110,0.00162837,3.25531e-02,4.21958e-02,6.57290e-03,0.709172,2.732,15.30
857,0105,121,0.00157693,3.41211e-02,4.02443e-02,6.47637e-03,0.704497,2.733,15.30
858,0105,132,0.0015897,3.36355e-02,4.18605e-02,6.47297e-03,0.896425,2.733,15.30
859,0114,0,0.00260784,5.18060e-02,6.53975e-02,1.00529e-02,1.9074,2.733,15.30
860,0114,11,0.00249866,4.70723e-02,6.48591e-02,1.07491e-02,1.30636,2.733,15.30
861,0114,22,0.0023154,4.69279e-02,6.20349e-02,1.05916e-02,1.38403,2.733,15.30
862,0114,33,0.00216244,4.43020e-02,6.02052e-02,1.04786e-02,1.09503,2.733,15.30
863,0114,44,0.0020669,4.09277e-02,6.00065e-02,1.00138e-02,1.20766,2.733,15.30
864,0114,55,0.00212486,3.98704e-02,6.18528e-02,9.52297e-03,1.16509,2.732,15.30
865,0114,66,0.0020951,4.25653e-02,6.00863e-02,9.98911e-03,1.19453,2.733,15.30
866,0114,77,0.00201034,3.98173e-02,5.98103e-02,9.92350e-03,1.05795,2.732,15.30
867,0114,88,0.00205099,4.17011e-02,6.00964e-02,1.05763e-02,1.20883,2.732,15.30
868,0114,99,0.00209338,4.41514e-02,6.14120e-02,9.90000e-03,1.1678,2.733,15.30
869,0114,110,0.00209991,4.34804e-02,6.27380e-02,9.59842e-03,1.16351,2.733,15.30
870,0114,121,0.00201452,4.36894e-02,6.07142e-02,9.90703e-03,1.01307,2.733,15.30
871,0114,132,0.0020111,4.41409e-02,6.10980e-02,9.60204e-03,1.10497,2.733,15.30
872,0144,0,0.00265752,4.39905e-02,5.43766e-02,6.53243e-03,1.65141,2.732,15.30
873,0144,11,0.00253411,4.14919e-02,5.22728e-02,6.66274e-03,1.06665,2.738,15.30
874,0144,22,0.00268112,4.65959e-02,5.29568e-02,6.79908e-03,1.09363,2.744,15.30
875,0144,33,0.00225917,4.37333e-02,5.19138e-02,7.21629e-03,1.00232,2.736,15.30
876,0144,44,0.00240383,4.30363e-02,5.56674e-02,7.83956e-03,1.01922,2.740,15.30
877,0144,55,0.00221823,4.10847e-02,5.35003e-02,7.74122e-03,1.06715,2.750,15.30
878,0144,66,0.00222274,4.21273e-02,5.35487e-02,7.83929e-03,1.12019,2.749,15.30
879,0144,77,0.00247964,4.24456e-02,5.77039e-02,7.67164e-03,1.04145,2.733,15.30
880,0144,88,0.00280447,4.74926e-02,5.80604e-02,6.89109e-03,1.08945,2.733,15.30
881,0144,99,0.00314671,4.86732e-02,5.92742e-02,7.10654e-03,1.53793,2.732,15.30
882,0144,110,0.00319664,4.96448e-02,5.76518e-02,6.97509e-03,1.78699,2.733,15.30
883,0144,121,0.00302676,4.60171e-02,5.76061e-02,7.88183e-03,1.36288,2.733,15.30
884,0144,132,0.00325323,5.22104e-02,5.91822e-02,8.14096e-03,1.77623,2.733,15.30
885,0144,143,0.0029439,5.35856e-02,5.52672e-02,7.54963e-03,1.64189,2.733,15.30
886,0144,154,0.00220147,4.94469e-02,4.56116e-02,6.57759e-03,1.9316,2.732,15.30
887,0165,0,0.00191963,3.74508e-02,4.77791e-02,7.87271e-03,1.10172,2.733,15.30
888,0165,11,0.0015465,3.48675e-02,4.16695e-02,6.89355e-03,0.817452,2.733,15.30
889,0165,22,0.00155527,3.18778e-02,4.34632e-02,7.19346e-03,0.720993,2.733,15.30
890,0165,33,0.001439,3.04603e-02,4.13813e-02,6.64005e-03,0.668874,2.732,15.30
891,0165,44,0.00146921,3.21382e-02,4.12566e-02,6.88363e-03,0.998636,2.732,15.30
892,0165,55,0.00135001,2.87218e-02,4.06744e-02,6.98061e-03,0.512457,2.733,15.30
893,0165,66,0.00148734,3.10036e-02,4.25453e-02,7.03966e-03,0.861706,2.733,15.30
894,0165,77,0.00133865,2.88403e-02,4.07271e-02,6.91593e-03,0.572805,2.732,15.30
895,0165,88,0.00142273,3.09195e-02,4.15364e-02,6.80711e-03,0.699254,2.733,15.30
896,0165,99,0.00135673,2.97317e-02,4.10967e-02,6.57760e-03,0.512507,2.733,15.30
897,0165,110,0.00131743,3.03729e-02,3.99616e-02,6.36857e-03,0.575886,2.732,15.30
898,0165,121,0.00127341,2.89174e-02,3.97763e-02,6.30493e-03,0.55482,2.733,15.30
899,0165,132,0.00129418,2.74456e-02,4.10414e-02,6.60761e-03,0.409142,2.733,15.30
900,0177,0,0.00260595,4.62946e-02,5.66008e-02,6.99617e-03,1.31168,2.733,15.30
901,0177,11,0.00241825,4.28450e-02,5.42846e-02,7.01962e-03,0.863885,2.732,15.30
902,0177,22,0.00241837,4.19794e-02,5.48499e-02,7.19667e-03,0.851428,2.733,15.30
903,0177,33,0.00240062,4.21305e-02,5.45965e-02,7.26867e-03,0.831493,2.733,15.30
904,0177,44,0.00236364,4.16662e-02,5.42196e-02,7.36139e-03,0.737105,2.733,15.30
905,0177,55,0.00231998,4.01692e-02,5.42730e-02,7.39923e-03,0.695622,2.733,15.30
906,0177,66,0.00229592,3.99716e-02,5.30358e-02,7.16889e-03,0.715642,2.732,15.30
907,0177,77,0.00220667,3.85285e-02,5.18629e-02,6.95618e-03,0.548814,2.733,15.30
908,0177,88,0.0021739,3.69773e-02,5.10648e-02,6.93074e-03,0.58954,2.733,15.30
909,0177,99,0.00214328,3.61214e-02,5.02869e-02,6.91082e-03,0.467286,2.733,15.30
910,0177,110,0.00211498,3.62530e-02,4.92606e-02,6.76248e-03,0.550992,2.732,15.30
911,0177,121,0.00210321,3.52293e-02,4.91013e-02,6.67760e-03,0.504661,2.733,15.30
912,0177,132,0.002048,3.48035e-02,4.84281e-02,6.70638e-03,0.471628,2.733,15.30
913,0179,0,0.00217649,4.39400e-02,5.54289e-02,7.01462e-03,0.817094,2.733,15.30
914,0179,11,0.00198714,4.38672e-02,5.26724e-02,6.81238e-03,0.803686,2.732,15.30
915,0179,22,0.00204129,4.99661e-02,5.22110e-02,6.89563e-03,0.950209,2.732,15.30
916,0179,33,0.00189714,4.33667e-02,5.20309e-02,6.82683e-03,1.02986,2.732,15.30
917,0179,44,0.00193426,4.62103e-02,5.15360e-02,6.73037e-03,1.19077,2.732,15.30
918,0179,55,0.00196938,4.86037e-02,5.03571e-02,6.67482e-03,1.24972,2.734,15.30
919,0179,66,0.00202961,5.09628e-02,4.99920e-02,6.73149e-03,1.61289,2.733,15.30
920,0179,77,0.00200597,4.44687e-02,5.09290e-02,6.91607e-03,0.968527,2.733,15.30
921,0179,88,0.00201765,4.05028e-02,4.94870e-02,6.52278e-03,1.06321,2.732,15.30
922,0179,99,0.00207596,4.28021e-02,4.97562e-02,6.53813e-03,1.23676,2.733,15.30
923,0179,110,0.00188307,4.53709e-02,4.95007e-02,6.81780e-03,0.967334,2.732,15.30
924,0179,121,0.00185421,4.57508e-02,4.98065e-02,6.99332e-03,1.35779,2.733,15.30
925,0179,132,0.00185481,4.49953e-02,5.05806e-02,7.34432e-03,1.08544,2.733,15.30
926,0286,0,0.00206182,4.95468e-02,5.00269e-02,7.04446e-03,1.17543,2.734,15.30
927,0286,11,0.00202086,4.99567e-02,4.85674e-02,6.61022e-03,1.25004,2.733,15.30
928,0286,22,0.00201061,4.74885e-02,4.98303e-02,6.67610e-03,1.29393,2.732,15.30
929,0286,33,0.0019678,4.61318e-02,4.96919e-02,6.66677e-03,1.01903,2.732,15.30
930,0286,44,0.00184698,4.41879e-02,4.79300e-02,6.68597e-03,0.852498,2.733,15.30
931,0286,55,0.00189688,4.56163e-02,4.84711e-02,6.58219e-03,1.37541,2.733,15.30
932,0286,66,0.00187859,4.58337e-02,4.76572e-02,6.60112e-03,0.906422,2.734,15.30
933,0286,77,0.00189283,4.71489e-02,4.74195e-02,6.47883e-03,1.01471,2.733,15.30
934,0286,88,0.00193339,4.66530e-02,4.83270e-02,6.52674e-03,1.13332,2.792,15.30
935,0286,99,0.00183501,4.66087e-02,4.63936e-02,6.50833e-03,0.897075,2.737,15.30
936,0286,110,0.0019282,4.90194e-02,4.73070e-02,6.69045e-03,1.6507,2.732,15.30
937,0286,121,0.00180463,4.55675e-02,4.65126e-02,6.53125e-03,1.10973,2.736,15.30
938,0286,132,0.00175743,4.57932e-02,4.54776e-02,6.49453e-03,0.79181,2.738,15.30
939,0011,0,0.00176336,3.94677e-02,5.29685e-02,6.32400e-03,1.51742,2.734,15.30
940,0011,11,0.00145703,3.52966e-02,4.78922e-02,6.28761e-03,0.738568,2.739,15.30
941,0011,22,0.0015907,3.65946e-02,5.03454e-02,6.71924e-03,1.35179,2.735,15.30
942,0011,33,0.00196398,4.21859e-02,5.39654e-02,6.75753e-03,1.03822,2.735,15.30
943,0011,44,0.00206494,4.13629e-02,5.43350e-02,6.69902e-03,1.40162,2.775,15.30
944,0011,55,0.00187769,3.95644e-02,5.21726e-02,6.97795e-03,1.10222,2.793,15.30
945,0011,66,0.00182346,4.00316e-02,5.21297e-02,7.41929e-03,1.31292,2.733,15.30
946,0011,77,0.00161643,3.87116e-02,4.96974e-02,7.30215e-03,0.972266,2.733,15.30
947,0011,88,0.00160688,4.22089e-02,4.85486e-02,6.76928e-03,0.895242,2.733,15.30
948,0011,99,0.00157979,4.25564e-02,4.71946e-02,6.76376e-03,0.861026,2.733,15.30
949,0011,110,0.00135878,3.63496e-02,4.57860e-02,6.60526e-03,0.793682,2.733,15.30
950,0011,121,0.00146612,3.67727e-02,4.87397e-02,6.90232e-03,0.63052,2.734,15.30
951,0011,132,0.00159084,3.74718e-02,5.01462e-02,6.98114e-03,0.798946,2.732,15.30
952,0011,143,0.00185563,4.54812e-02,5.03999e-02,7.26459e-03,0.968293,2.733,15.30
953,0078,0,0.00186498,3.56874e-02,4.76078e-02,7.29365e-03,0.898818,2.733,15.30
954,0078,11,0.00171136,3.24611e-02,4.52879e-02,7.11063e-03,0.637543,2.733,15.30
955,0078,22,0.00173759,3.08612e-02,4.52376e-02,7.13967e-03,0.725163,2.733,15.30
956,0078,33,0.00185256,3.53503e-02,4.45219e-02,6.90533e-03,0.814455,2.732,15.30
957,0078,44,0.00169999,3.33860e-02,4.28097e-02,6.65932e-03,0.659255,2.733,15.30
958,0078,55,0.00207424,4.13399e-02,4.40710e-02,7.03866e-03,0.896878,2.733,15.30
959,0078,66,0.00264953,5.25370e-02,4.80197e-02,7.30777e-03,0.963369,2.732,15.30
960,0078,77,0.00230375,4.23507e-02,4.82080e-02,7.25778e-03,0.875379,2.732,15.30
961,0078,88,0.00237446,4.42555e-02,4.80087e-02,7.21844e-03,1.05844,2.733,15.30
962,0078,99,0.00238455,4.62070e-02,4.74424e-02,7.62081e-03,1.27137,2.733,15.30
963,0078,110,0.00215883,4.40764e-02,4.77150e-02,7.91802e-03,1.00782,2.733,15.30
964,0078,121,0.00230032,4.28961e-02,4.99642e-02,8.40435e-03,1.37081,2.733,15.30
965,0078,132,0.00223882,4.05798e-02,4.85228e-02,8.03918e-03,1.46866,2.733,15.30
966,0094,0,0.00227088,3.58107e-02,4.52867e-02,6.23174e-03,0.866212,2.732,15.30
967,0094,11,0.00228347,3.33650e-02,4.60496e-02,6.22821e-03,1.69109,2.733,15.30
968,0094,22,0.00220072,3.55449e-02,4.32737e-02,5.67788e-03,1.38555,2.732,15.30
969,0094,33,0.00191524,3.21367e-02,4.02807e-02,5.51111e-03,1.26057,2.732,15.30
970,0094,44,0.00217802,3.27390e-02,4.46193e-02,5.86176e-03,0.944643,2.733,15.30
971,0094,55,0.00183425,3.05871e-02,4.11982e-02,5.82525e-03,0.794585,2.733,15.30
972,0094,66,0.001969,3.45373e-02,4.30517e-02,6.11216e-03,0.684092,2.732,15.30
973,0094,77,0.00224134,3.89920e-02,4.56240e-02,6.49404e-03,1.11102,2.733,15.30
974,0094,88,0.00209006,3.59073e-02,4.67925e-02,6.33033e-03,0.973187,2.732,15.30
975,0094,99,0.00217564,3.81412e-02,4.94513e-02,6.61305e-03,1.10514,2.733,15.30
976,0094,110,0.00183731,3.83638e-02,4.66413e-02,6.34751e-03,0.873294,2.732,15.30
977,0094,121,0.00202103,3.81491e-02,4.95819e-02,6.81971e-03,1.25005,2.733,15.30
978,0094,132,0.0023007,3.98025e-02,5.28627e-02,6.94978e-03,0.981531,2.732,15.30
979,0094,143,0.00206446,4.59203e-02,4.48777e-02,6.46038e-03,0.964252,2.733,15.30
980,0105,0,0.0019971,3.60955e-02,4.60061e-02,6.17201e-03,0.873952,2.734,15.30
981,0105,11,0.00214766,4.05146e-02,4.75262e-02,6.74607e-03,1.14322,2.733,15.30
982,0105,22,0.00173532,3.34232e-02,4.41857e-02,6.65589e-03,1.02926,2.733,15.30
983,0105,33,0.0017808,3.65792e-02,4.25257e-02,6.49043e-03,0.977613,2.732,15.30
984,0105,44,0.00205335,3.85910e-02,4.41130e-02,6.57813e-03,0.996438,2.733,15.30
985,0105,55,0.0019502,3.64414e-02,4.48836e-02,6.63156e-03,0.761901,2.733,15.30
986,0105,66,0.00202578,3.81979e-02,4.48594e-02,6.63821e-03,1.38212,2.732,15.30
987,0105,77,0.00175668,3.48381e-02,4.19943e-02,6.35380e-03,1.04193,2.732,15.30
988,0105,88,0.00175989,3.64556e-02,4.32757e-02,6.53074e-03,1.02948,2.733,15.30
989,0105,99,0.00182123,3.58449e-02,4.44190e-02,6.60402e-03,0.841312,2.733,15.30
990,0105,110,0.0016881,3.36889e-02,4.27175e-02,6.59443e-03,0.930516,2.733,15.30
991,0105,121,0.00163214,3.50484e-02,4.07619e-02,6.60513e-03,0.85388,2.733,15.30
992,0105,132,0.00164322,3.48592e-02,4.22255e-02,6.57972e-03,1.02402,2.733,15.30
993,0114,0,0.00259863,5.12286e-02,6.55238e-02,1.00023e-02,1.98592,2.732,15.30
994,0114,11,0.00247619,4.67680e-02,6.45957e-02,1.07615e-02,1.11789,2.732,15.30
995,0114,22,0.00230588,4.75812e-02,6.15811e-02,1.04315e-02,1.44193,2.733,15.30
996,0114,33,0.00214181,4.43391e-02,5.98073e-02,1.04095e-02,1.00141,2.735,15.30
997,0114,44,0.00208272,4.13626e-02,6.01406e-02,9.93441e-03,1.31457,2.733,15.30
998,0114,55,0.00215306,4.09779e-02,6.19395e-02,9.48359e-03,1.14167,2.733,15.30
999,0114,66,0.00212436,4.40238e-02,6.00131e-02,9.92086e-03,1.33217,2.732,15.30
1000,0114,77,0.00202155,4.07192e-02,5.96141e-02,1.01106e-02,0.998411,2.733,15.30
1001,0114,88,0.00210372,4.31395e-02,6.05040e-02,1.05474e-02,1.40319,2.733,15.30
1002,0114,99,0.00217662,4.52085e-02,6.25358e-02,1.01069e-02,1.30656,2.733,15.30
1003,0114,110,0.00218188,4.56410e-02,6.34083e-02,9.62550e-03,1.35391,2.733,15.30
1004,0114,121,0.00203484,4.31077e-02,6.13985e-02,9.80538e-03,1.01133,2.743,15.30
1005,0114,132,0.00209557,4.70294e-02,6.14852e-02,9.70654e-03,1.22447,2.736,15.30
1006,0144,0,0.00263772,4.38617e-02,5.41620e-02,6.46552e-03,1.61119,2.736,15.30
1007,0144,11,0.00254371,4.23507e-02,5.20147e-02,6.45501e-03,1.2664,2.737,15.30
1008,0144,22,0.00266299,4.63552e-02,5.28314e-02,6.71785e-03,1.12724,2.736,15.30
1009,0144,33,0.00223671,4.33157e-02,5.17783e-02,7.06230e-03,0.825292,2.763,15.30
1010,0144,44,0.00241605,4.34082e-02,5.57344e-02,7.55071e-03,1.17077,2.790,15.30
1011,0144,55,0.00218493,4.06299e-02,5.31669e-02,7.67903e-03,0.957064,2.755,15.30
1012,0144,66,0.00222265,4.15857e-02,5.38125e-02,7.82863e-03,1.17426,2.744,15.30
1013,0144,77,0.00250674,4.26499e-02,5.80067e-02,7.85985e-03,1.17382,2.737,15.30
1014,0144,88,0.00286751,4.82227e-02,5.86173e-02,6.91733e-03,1.33155,2.773,15.30
1015,0144,99,0.00313522,4.85916e-02,5.91831e-02,6.94808e-03,1.48748,2.742,15.30
1016,0144,110,0.00306078,4.89513e-02,5.62187e-02,6.78337e-03,1.6543,2.760,15.30
1017,0144,121,0.00302414,4.70444e-02,5.70868e-02,7.70863e-03,1.47012,2.758,15.30
1018,0144,132,0.00326204,5.27833e-02,5.90009e-02,8.07255e-03,1.84562,2.757,15.30
1019,0144,143,0.00283849,5.29664e-02,5.40893e-02,7.22629e-03,1.55303,2.809,15.30
1020,0144,154,0.00222872,5.05443e-02,4.53633e-02,6.53816e-03,2.23796,2.749,15.30
1021,0165,0,0.00192861,3.84307e-02,4.74641e-02,7.79156e-03,1.08569,2.753,15.30
1022,0165,11,0.00151906,3.43452e-02,4.13994e-02,6.87955e-03,0.810545,2.750,15.30
1023,0165,22,0.00155669,3.18387e-02,4.35151e-02,7.16102e-03,0.826496,2.749,15.30
1024,0165,33,0.00149163,3.10378e-02,4.21449e-02,6.62812e-03,0.930337,2.807,15.30
1025,0165,44,0.00145156,3.18326e-02,4.10717e-02,6.79826e-03,1.02219,2.741,15.30
1026,0165,55,0.00137039,2.92923e-02,4.08320e-02,6.98401e-03,0.71949,2.750,15.30
1027,0165,66,0.00148756,3.09629e-02,4.25742e-02,7.00944e-03,0.90638,2.748,15.30
1028,0165,77,0.00134022,2.89311e-02,4.07163e-02,6.92868e-03,0.636287,2.753,15.30
1029,0165,88,0.00142959,3.12117e-02,4.15511e-02,6.73923e-03,0.768329,2.748,15.30
1030,0165,99,0.00134218,2.98475e-02,4.07631e-02,6.47568e-03,0.48367,2.795,15.30
1031,0165,110,0.00133048,3.07970e-02,4.00452e-02,6.31107e-03,0.659387,2.764,15.30
1032,0165,121,0.00126,2.89929e-02,3.94707e-02,6.22733e-03,0.542231,2.738,15.30
1033,0165,132,0.00128911,2.71886e-02,4.10509e-02,6.56953e-03,0.492503,2.755,15.30
1034,0177,0,0.00259839,4.58411e-02,5.67145e-02,6.95195e-03,1.33777,2.756,15.30
1035,0177,11,0.00243725,4.29653e-02,5.45356e-02,6.94986e-03,1.07312,2.753,15.30
1036,0177,22,0.00243878,4.24087e-02,5.49771e-02,7.13276e-03,0.947501,2.747,15.30
1037,0177,33,0.00237045,4.13842e-02,5.44805e-02,7.20307e-03,0.808862,2.800,15.30
1038,0177,44,0.00238683,4.19375e-02,5.44589e-02,7.36207e-03,0.899472,2.746,15.30
1039,0177,55,0.00231007,4.00118e-02,5.41795e-02,7.44272e-03,0.717969,2.761,15.30
1040,0177,66,0.00227414,3.97321e-02,5.28084e-02,7.12260e-03,0.732061,2.763,15.30
1041,0177,77,0.002206,3.84526e-02,5.18969e-02,6.89397e-03,0.612267,2.760,15.30
1042,0177,88,0.00217149,3.68945e-02,5.10782e-02,6.84238e-03,0.654945,2.800,15.30
1043,0177,99,0.00212216,3.57230e-02,5.01405e-02,6.84787e-03,0.46095,2.747,15.30
1044,0177,110,0.00211478,3.63453e-02,4.92203e-02,6.73284e-03,0.599626,2.766,15.30
1045,0177,121,0.00209089,3.51597e-02,4.89547e-02,6.58236e-03,0.48075,2.764,15.30
1046,0177,132,0.0020399,3.48920e-02,4.82749e-02,6.61675e-03,0.490375,2.780,15.30
1047,0179,0,0.00216882,4.36946e-02,5.54186e-02,6.95562e-03,0.819749,2.781,15.30
1048,0179,11,0.00199028,4.37008e-02,5.28232e-02,6.76683e-03,0.836935,2.740,15.30
1049,0179,22,0.00200237,4.91586e-02,5.19054e-02,6.80032e-03,0.864879,2.762,15.30
1050,0179,33,0.00189477,4.34286e-02,5.19630e-02,6.75980e-03,1.06065,2.761,15.30
1051,0179,44,0.00191989,4.56704e-02,5.15499e-02,6.66451e-03,1.20819,2.759,15.30
1052,0179,55,0.00198851,4.87695e-02,5.06569e-02,6.61374e-03,1.36181,2.801,15.30
1053,0179,66,0.00197824,4.92915e-02,4.99778e-02,6.65534e-03,1.50329,2.741,15.30
1054,0179,77,0.00196467,4.33792e-02,5.07396e-02,6.80343e-03,0.945554,2.752,15.30
1055,0179,88,0.00201183,4.01992e-02,4.95398e-02,6.49534e-03,1.14271,2.766,15.30
1056,0179,99,0.00203423,4.20386e-02,4.94254e-02,6.47490e-03,1.17387,2.768,15.30
1057,0179,110,0.00185762,4.50021e-02,4.92066e-02,6.72786e-03,0.97572,2.801,15.30
1058,0179,121,0.00188031,4.64192e-02,4.99832e-02,6.90557e-03,1.60123,2.745,15.30
1059,0179,132,0.00185666,4.44818e-02,5.09269e-02,7.15023e-03,1.20213,2.763,15.30
1060,0286,0,0.00204096,4.92798e-02,4.97890e-02,6.97181e-03,1.17832,2.761,15.30
1061,0286,11,0.00209474,5.10069e-02,4.93805e-02,6.57738e-03,1.84359,2.759,15.30
1062,0286,22,0.00195559,4.68713e-02,4.91202e-02,6.59478e-03,0.839026,2.814,15.30
1063,0286,33,0.00202282,4.64511e-02,5.05804e-02,6.65481e-03,1.59426,2.742,15.30
1064,0286,44,0.00197634,4.65114e-02,4.91585e-02,6.68654e-03,1.22823,2.761,15.30
1065,0286,55,0.00184709,4.42199e-02,4.82596e-02,6.63720e-03,1.23662,2.784,15.30
1066,0286,66,0.00197706,4.67653e-02,4.90823e-02,6.51396e-03,1.61245,2.790,15.30
1067,0286,77,0.00197399,4.84987e-02,4.82338e-02,6.47653e-03,1.23636,2.810,15.30
1068,0286,88,0.00200215,4.72511e-02,4.93248e-02,6.55946e-03,1.70108,2.753,15.30
1069,0286,99,0.00202469,5.03911e-02,4.78706e-02,6.56490e-03,1.50831,2.785,15.30
1070,0286,110,0.00197,4.96899e-02,4.77515e-02,6.61478e-03,1.66572,2.802,15.30
1071,0286,121,0.00181395,4.67699e-02,4.59744e-02,6.49105e-03,1.03004,2.822,15.30
1072,0286,132,0.00204474,5.16863e-02,4.76720e-02,6.45680e-03,2.26989,2.749,15.30
1073,0011,0,0.00198076,4.38833e-02,5.52220e-02,6.38064e-03,1.93544,2.796,15.30
1074,0011,11,0.0014968,3.71136e-02,4.79758e-02,6.03340e-03,0.66934,2.807,15.30
1075,0011,22,0.00167627,3.88433e-02,5.12026e-02,6.26103e-03,1.65076,2.852,15.30
1076,0011,33,0.00205264,4.47871e-02,5.43968e-02,6.67925e-03,1.46783,2.737,15.30
1077,0011,44,0.00219429,4.46867e-02,5.50354e-02,6.84552e-03,1.503,2.735,15.30
1078,0011,55,0.00184213,3.78548e-02,5.23309e-02,6.58668e-03,1.34201,2.742,15.30
1079,0011,66,0.0017548,3.86787e-02,5.14777e-02,6.89042e-03,1.15061,2.825,15.30
1080,0011,77,0.00165325,4.04011e-02,4.97452e-02,6.86056e-03,1.21841,2.736,15.30
1081,0011,88,0.00147433,3.87562e-02,4.73521e-02,6.54996e-03,0.575146,2.734,15.30
1082,0011,99,0.00148227,3.97806e-02,4.65003e-02,6.47756e-03,0.813964,2.736,15.30
1083,0011,110,0.00135953,3.60730e-02,4.59564e-02,6.49053e-03,0.667459,2.735,15.30
1084,0011,121,0.00141957,3.53879e-02,4.83469e-02,6.61525e-03,0.689156,2.734,15.30
1085,0011,132,0.00150194,3.51329e-02,4.92975e-02,6.74964e-03,0.479153,2.735,15.30
1086,0011,143,0.00180433,4.50398e-02,4.95917e-02,7.16863e-03,0.995265,2.734,15.30
1087,0078,0,0.00178589,3.51458e-02,4.65068e-02,7.00576e-03,0.896557,2.735,15.30
1088,0078,11,0.00162208,3.08493e-02,4.44565e-02,6.74823e-03,0.604285,2.735,15.30
1089,0078,22,0.00172676,3.08404e-02,4.51189e-02,6.82686e-03,0.916251,2.736,15.30
1090,0078,33,0.00181287,3.54211e-02,4.38523e-02,6.63582e-03,0.877614,2.736,15.30
1091,0078,44,0.00163757,3.23411e-02,4.22469e-02,6.40658e-03,0.715919,2.736,15.30
1092,0078,55,0.00209948,4.10994e-02,4.46472e-02,6.96680e-03,1.20118,2.735,15.30
1093,0078,66,0.00263735,5.21070e-02,4.81395e-02,7.19148e-03,1.04947,2.736,15.30
1094,0078,77,0.002247,4.17448e-02,4.77043e-02,6.89595e-03,1.06343,2.735,15.30
1095,0078,88,0.0023225,4.31714e-02,4.78487e-02,6.99349e-03,1.04225,2.733,15.30
1096,0078,99,0.00237272,4.47999e-02,4.81201e-02,7.49925e-03,1.49955,2.733,15.30
1097,0078,110,0.00214118,4.30115e-02,4.80500e-02,7.74930e-03,1.25509,2.733,15.30
1098,0078,121,0.00220829,4.17418e-02,4.91256e-02,8.15004e-03,1.23979,2.733,15.30
1099,0078,132,0.00218294,3.97833e-02,4.80932e-02,7.79032e-03,1.53247,2.733,15.30
1100,0094,0,0.00223347,3.55096e-02,4.49312e-02,6.08051e-03,0.916133,2.733,15.30
1101,0094,11,0.0022447,3.27043e-02,4.58538e-02,6.00323e-03,1.80002,2.733,15.30
1102,0094,22,0.00212365,3.35492e-02,4.31900e-02,5.59365e-03,1.34589,2.732,15.30
1103,0094,33,0.0019461,3.28532e-02,4.03878e-02,5.46100e-03,1.49295,2.732,15.30
1104,0094,44,0.00209327,3.20649e-02,4.37652e-02,5.69377e-03,0.795021,2.733,15.30
1105,0094,55,0.00184278,3.03448e-02,4.14550e-02,5.74098e-03,1.09913,2.733,15.30
1106,0094,66,0.00195696,3.41174e-02,4.30753e-02,6.10021e-03,0.791543,2.736,15.30
1107,0094,77,0.00225402,3.87623e-02,4.59446e-02,6.45333e-03,1.35039,2.736,15.30
1108,0094,88,0.00207889,3.57046e-02,4.67334e-02,6.22084e-03,1.24893,2.733,15.30
1109,0094,99,0.00216521,3.73633e-02,4.96556e-02,6.62401e-03,1.22054,2.733,15.30
1110,0094,110,0.00191657,3.93645e-02,4.75742e-02,6.29666e-03,1.35654,2.733,15.30
1111,0094,121,0.00194457,3.76926e-02,4.85141e-02,6.62936e-03,1.0589,2.733,15.30
1112,0094,132,0.0022052,3.81934e-02,5.21130e-02,6.81043e-03,1.05583,2.733,15.30
1113,0094,143,0.00206543,4.65679e-02,4.44867e-02,6.40687e-03,1.14056,2.734,15.30
1114,0105,0,0.00193985,3.52193e-02,4.55186e-02,6.05110e-03,0.911918,2.734,15.30
1115,0105,11,0.00205641,3.92775e-02,4.66972e-02,6.61102e-03,1.01655,2.733,15.30
1116,0105,22,0.00171834,3.36420e-02,4.37950e-02,6.58394e-03,1.03952,2.732,15.30
1117,0105,33,0.00168709,3.38175e-02,4.23133e-02,6.30549e-03,0.820023,2.734,15.30
1118,0105,44,0.00193843,3.69461e-02,4.31845e-02,6.22918e-03,0.900907,2.733,15.30
1119,0105,55,0.00194728,3.64862e-02,4.48220e-02,6.58065e-03,0.8524,2.733,15.30
1120,0105,66,0.00192277,3.61953e-02,4.42105e-02,6.59508e-03,1.04009,2.733,15.30
1121,0105,77,0.00160563,3.18686e-02,4.08459e-02,6.18482e-03,0.715645,2.732,15.30
1122,0105,88,0.0016397,3.49704e-02,4.18920e-02,6.27065e-03,0.881597,2.732,15.30
1123,0105,99,0.00172375,3.45235e-02,4.33995e-02,6.35809e-03,0.677521,2.733,15.30
1124,0105,110,0.00161923,3.28573e-02,4.19157e-02,6.39665e-03,0.782381,2.733,15.30
1125,0105,121,0.00155446,3.37913e-02,4.00129e-02,6.37289e-03,0.719959,2.734,15.30
1126,0105,132,0.00154121,3.32397e-02,4.11654e-02,6.32654e-03,0.839821,2.733,15.30
1127,0114,0,0.00254297,5.12189e-02,6.46010e-02,9.64166e-03,1.88298,2.736,15.30
1128,0114,11,0.00240352,4.56271e-02,6.38895e-02,1.03508e-02,1.21102,2.734,15.30
1129,0114,22,0.00227175,4.70046e-02,6.12612e-02,1.01995e-02,1.45162,2.734,15.30
1130,0114,33,0.00211558,4.40231e-02,5.94991e-02,1.01576e-02,1.03134,2.734,15.30
1131,0114,44,0.00204149,4.06422e-02,5.97192e-02,9.60454e-03,1.30259,2.734,15.30
1132,0114,55,0.00208901,3.99399e-02,6.12043e-02,9.22920e-03,1.11107,2.734,15.30
1133,0114,66,0.00206063,4.24091e-02,5.95526e-02,9.66205e-03,1.27073,2.733,15.30
1134,0114,77,0.00196553,3.97038e-02,5.90143e-02,9.75103e-03,0.996084,2.733,15.30
1135,0114,88,0.00206627,4.21442e-02,6.02200e-02,1.04994e-02,1.35785,2.733,15.30
1136,0114,99,0.00210649,4.44002e-02,6.15840e-02,9.78142e-03,1.26897,2.733,15.30
1137,0114,110,0.00211624,4.39611e-02,6.28876e-02,9.42008e-03,1.28607,2.733,15.30
1138,0114,121,0.00200113,4.27411e-02,6.09160e-02,9.59392e-03,1.0155,2.733,15.30
1139,0114,132,0.00208771,4.62778e-02,6.16909e-02,9.62286e-03,1.34536,2.738,15.30
1140,0144,0,0.00255799,4.23772e-02,5.37425e-02,6.35485e-03,1.50025,2.734,15.30
1141,0144,11,0.00251689,4.13814e-02,5.21175e-02,6.39115e-03,1.273,2.735,15.30
1142,0144,22,0.00265214,4.61153e-02,5.28054e-02,6.68461e-03,1.07697,2.739,15.30
1143,0144,33,0.00216829,4.24214e-02,5.11017e-02,6.92474e-03,0.697857,2.752,15.30
1144,0144,44,0.00232779,4.23536e-02,5.48243e-02,7.43902e-03,0.952188,2.736,15.30
1145,0144,55,0.00216814,4.06138e-02,5.29056e-02,7.59223e-03,0.964701,2.733,15.30
1146,0144,66,0.00217005,4.11762e-02,5.31445e-02,7.65625e-03,1.08274,2.733,15.30
1147,0144,77,0.0024434,4.21416e-02,5.72871e-02,7.55492e-03,1.13285,2.733,15.30
1148,0144,88,0.00282306,4.76985e-02,5.82471e-02,6.78118e-03,1.28217,2.733,15.30
1149,0144,99,0.00309838,4.78566e-02,5.90568e-02,6.92679e-03,1.42207,2.732,15.30
1150,0144,110,0.00308242,4.92204e-02,5.63779e-02,6.71736e-03,1.70575,2.733,15.30
1151,0144,121,0.00300864,4.65691e-02,5.71203e-02,7.68042e-03,1.45266,2.733,15.30
1152,0144,132,0.00322938,5.19902e-02,5.89842e-02,8.08741e-03,1.83518,2.732,15.30
1153,0144,143,0.00283638,5.27934e-02,5.41476e-02,7.30978e-03,1.56684,2.733,15.30
1154,0144,154,0.00217826,4.92884e-02,4.53172e-02,6.44873e-03,2.19194,2.733,15.30
1155,0165,0,0.00190708,3.79512e-02,4.73391e-02,7.71287e-03,1.12156,2.732,15.30
1156,0165,11,0.00150754,3.42845e-02,4.12129e-02,6.81694e-03,0.781632,2.732,15.30
1157,0165,22,0.00154365,3.16819e-02,4.33490e-02,7.10132e-03,0.791556,2.733,15.30
1158,0165,33,0.00147309,3.12667e-02,4.16927e-02,6.54387e-03,0.870413,2.735,15.30
1159,0165,44,0.00143264,3.17027e-02,4.07755e-02,6.70075e-03,0.989055,2.734,15.30
1160,0165,55,0.00134937,2.90674e-02,4.05273e-02,6.88248e-03,0.646424,2.733,15.30
1161,0165,66,0.00147861,3.09006e-02,4.24388e-02,6.95279e-03,0.907968,2.732,15.30
1162,0165,77,0.00132595,2.87592e-02,4.05125e-02,6.86412e-03,0.608511,2.733,15.30
1163,0165,88,0.00141657,3.09160e-02,4.14327e-02,6.71134e-03,0.750402,2.732,15.30
1164,0165,99,0.00134184,2.96050e-02,4.08691e-02,6.46220e-03,0.500799,2.732,15.30
1165,0165,110,0.00131248,3.01834e-02,3.99648e-02,6.27640e-03,0.621819,2.732,15.30
1166,0165,121,0.00125938,2.89275e-02,3.94903e-02,6.21118e-03,0.5667,2.732,15.30
1167,0165,132,0.00128175,2.70123e-02,4.09779e-02,6.53389e-03,0.448338,2.733,15.30
1168,0177,0,0.002594,4.59199e-02,5.66142e-02,6.90914e-03,1.36932,2.733,15.30
1169,0177,11,0.00240691,4.25775e-02,5.42517e-02,6.91140e-03,0.996024,2.733,15.30
1170,0177,22,0.00240933,4.20807e-02,5.46766e-02,7.09639e-03,0.920252,2.733,15.30
1171,0177,33,0.00237265,4.15254e-02,5.44555e-02,7.16540e-03,0.847608,2.733,15.30
1172,0177,44,0.00237114,4.17753e-02,5.43000e-02,7.28277e-03,0.876375,2.732,15.30
1173,0177,55,0.00229388,3.98369e-02,5.40189e-02,7.33122e-03,0.67621,2.732,15.30
1174,0177,66,0.00227252,3.97180e-02,5.27959e-02,7.08140e-03,0.757602,2.732,15.30
1175,0177,77,0.00218983,3.81437e-02,5.17868e-02,6.84156e-03,0.56773,2.733,15.30
1176,0177,88,0.00215741,3.66893e-02,5.09543e-02,6.79597e-03,0.624938,2.732,15.30
1177,0177,99,0.00211821,3.57373e-02,5.00783e-02,6.80927e-03,0.476561,2.733,15.30
1178,0177,110,0.00209056,3.59313e-02,4.90361e-02,6.66365e-03,0.535014,2.733,15.30
1179,0177,121,0.00207992,3.49270e-02,4.88917e-02,6.54390e-03,0.494993,2.734,15.30
1180,0177,132,0.00202483,3.44600e-02,4.82321e-02,6.58550e-03,0.43693,2.733,15.30
1181,0179,0,0.00214478,4.33750e-02,5.51462e-02,6.92263e-03,0.801208,2.732,15.30
1182,0179,11,0.00198322,4.37238e-02,5.26842e-02,6.71988e-03,0.923179,2.732,15.30
1183,0179,22,0.00201579,4.90631e-02,5.22345e-02,6.78020e-03,1.07374,2.733,15.30
1184,0179,33,0.00190055,4.35770e-02,5.20038e-02,6.74659e-03,1.23655,2.733,15.30
1185,0179,44,0.00192481,4.58823e-02,5.15333e-02,6.67253e-03,1.06657,2.733,15.30
1186,0179,55,0.00193999,4.81070e-02,5.00684e-02,6.55880e-03,1.08787,2.733,15.30
1187,0179,66,0.00201824,5.08021e-02,4.98755e-02,6.63421e-03,1.66393,2.735,15.30
1188,0179,77,0.0020412,4.50275e-02,5.13026e-02,6.86072e-03,1.15341,2.734,15.30
1189,0179,88,0.00197045,3.95399e-02,4.91487e-02,6.42036e-03,0.947717,2.733,15.30
1190,0179,99,0.00205273,4.24498e-02,4.95492e-02,6.41502e-03,1.22505,2.733,15.30
1191,0179,110,0.00189926,4.59058e-02,4.95476e-02,6.69385e-03,1.10626,2.732,15.30
1192,0179,121,0.00184432,4.54337e-02,4.98028e-02,6.85273e-03,1.35901,2.733,15.30
1193,0179,132,0.0018504,4.47893e-02,5.06261e-02,7.20043e-03,1.23008,2.733,15.30
1194,0286,0,0.0021163,5.05251e-02,5.05012e-02,7.03493e-03,1.71348,2.733,15.30
1195,0286,11,0.00208988,5.07720e-02,4.94293e-02,6.59873e-03,1.48841,2.733,15.30
1196,0286,22,0.00192437,4.65233e-02,4.87096e-02,6.54703e-03,0.811815,2.733,15.30
1197,0286,33,0.00206163,4.68237e-02,5.11187e-02,6.61961e-03,1.72397,2.733,15.30
1198,0286,44,0.00201054,4.69330e-02,4.95854e-02,6.64903e-03,1.28261,2.732,15.30
1199,0286,55,0.00192749,4.53126e-02,4.92342e-02,6.69239e-03,1.66518,2.732,15.30
1200,0286,66,0.00198434,4.69206e-02,4.91227e-02,6.58340e-03,1.48851,2.733,15.30
1201,0286,77,0.00205022,4.96098e-02,4.90550e-02,6.52450e-03,1.70685,2.733,15.30
1202,0286,88,0.0019081,4.60790e-02,4.81727e-02,6.45639e-03,1.10721,2.734,15.30
1203,0286,99,0.00202599,5.05226e-02,4.78209e-02,6.50824e-03,1.77985,2.746,15.30
1204,0286,110,0.00188891,4.81552e-02,4.70601e-02,6.56957e-03,1.09398,2.749,15.30
1205,0286,121,0.00193308,4.94283e-02,4.67634e-02,6.48474e-03,1.74894,2.738,15.30
1206,0286,132,0.00193253,4.93567e-02,4.69018e-02,6.45869e-03,1.39281,2.739,15.30
1207,0011,0,0.00184148,4.12169e-02,5.37326e-02,6.38915e-03,1.64084,2.735,15.30
1208,0011,11,0.00158506,3.88750e-02,4.90442e-02,6.19832e-03,1.18254,2.741,15.30
1209,0011,22,0.00167037,3.87207e-02,5.11388e-02,6.24026e-03,1.53493,2.786,15.30
1210,0011,33,0.0019227,4.11032e-02,5.37203e-02,6.51039e-03,1.07404,2.785,15.30
1211,0011,44,0.0021908,4.34824e-02,5.55899e-02,6.64454e-03,1.69435,2.733,15.30
1212,0011,55,0.0019484,3.93921e-02,5.36409e-02,6.59411e-03,1.46071,2.732,15.30
1213,0011,66,0.00175556,3.90514e-02,5.13272e-02,6.85354e-03,1.2116,2.733,15.30
1214,0011,77,0.00164995,4.00678e-02,4.98238e-02,6.94845e-03,1.23164,2.732,15.30
1215,0011,88,0.00155104,3.99644e-02,4.84663e-02,6.69273e-03,0.808492,2.733,15.30
1216,0011,99,0.00148442,3.99014e-02,4.65120e-02,6.32637e-03,0.876557,2.732,15.30
1217,0011,110,0.00135916,3.67559e-02,4.56443e-02,6.33012e-03,0.717383,2.733,15.30
1218,0011,121,0.00146099,3.67967e-02,4.86636e-02,6.59373e-03,0.851066,2.734,15.30
1219,0011,132,0.00152454,3.59721e-02,4.94376e-02,6.66158e-03,0.580505,2.733,15.30
1220,0011,143,0.00180005,4.50895e-02,4.94713e-02,7.18501e-03,1.04592,2.734,15.30
1221,0078,0,0.00175828,3.44648e-02,4.63301e-02,6.98887e-03,0.870332,2.732,15.30
1222,0078,11,0.00162651,3.08220e-02,4.45576e-02,6.70109e-03,0.660093,2.733,15.30
1223,0078,22,0.00169987,3.05125e-02,4.48165e-02,6.70243e-03,0.937974,2.735,15.30
1224,0078,33,0.00177404,3.48345e-02,4.34920e-02,6.51834e-03,0.833732,2.734,15.30
1225,0078,44,0.00165331,3.26119e-02,4.24162e-02,6.31595e-03,0.832463,2.734,15.30
1226,0078,55,0.00206964,4.10686e-02,4.41964e-02,6.81109e-03,1.20313,2.734,15.30
1227,0078,66,0.00260864,5.17433e-02,4.79359e-02,7.12353e-03,1.08802,2.734,15.30
1228,0078,77,0.00226035,4.20096e-02,4.77631e-02,6.94433e-03,1.15017,2.734,15.30
1229,0078,88,0.00232938,4.32583e-02,4.79122e-02,6.97152e-03,1.1387,2.735,15.30
1230,0078,99,0.00238928,4.49892e-02,4.82916e-02,7.40114e-03,1.51849,2.732,15.30
1231,0078,110,0.00219645,4.38796e-02,4.85253e-02,7.65755e-03,1.52624,2.733,15.30
1232,0078,121,0.00210981,4.03306e-02,4.82317e-02,8.13362e-03,0.889093,2.734,15.30
1233,0078,132,0.00213151,3.91556e-02,4.76006e-02,7.71638e-03,1.48071,2.735,15.30
1234,0094,0,0.0022578,3.58157e-02,4.51282e-02,6.06012e-03,1.07275,2.733,15.30
1235,0094,11,0.00221572,3.28132e-02,4.54215e-02,5.91106e-03,1.72735,2.734,15.30
1236,0094,22,0.00210597,3.36810e-02,4.28914e-02,5.47860e-03,1.37194,2.734,15.30
1237,0094,33,0.00193775,3.29673e-02,4.02225e-02,5.35100e-03,1.46757,2.733,15.30
1238,0094,44,0.00207548,3.23317e-02,4.34105e-02,5.55361e-03,0.785625,2.733,15.30
1239,0094,55,0.00186185,3.06354e-02,4.16318e-02,5.62491e-03,1.10636,2.734,15.30
1240,0094,66,0.00196896,3.44853e-02,4.31109e-02,5.91353e-03,0.854102,2.734,15.30
1241,0094,77,0.00222847,3.86834e-02,4.56127e-02,6.39092e-03,1.28993,2.734,15.30
1242,0094,88,0.00209642,3.57979e-02,4.69586e-02,6.23803e-03,1.30911,2.734,15.30
1243,0094,99,0.00216489,3.78030e-02,4.94482e-02,6.58436e-03,1.16384,2.735,15.30
1244,0094,110,0.00187005,3.91961e-02,4.68418e-02,6.16224e-03,1.19328,2.734,15.30
1245,0094,121,0.00194248,3.78809e-02,4.84083e-02,6.49628e-03,1.09134,2.734,15.30
1246,0094,132,0.00221147,3.86881e-02,5.19931e-02,6.75861e-03,1.02544,2.735,15.30
1247,0094,143,0.00209278,4.73055e-02,4.45051e-02,6.40259e-03,1.19758,2.735,15.30
1248,0105,0,0.00192712,3.51457e-02,4.53411e-02,6.07896e-03,0.765049,2.735,15.30
1249,0105,11,0.00205778,3.93629e-02,4.66719e-02,6.63082e-03,1.07343,2.734,15.30
1250,0105,22,0.00169512,3.35315e-02,4.34339e-02,6.58239e-03,0.919357,2.737,15.30
1251,0105,33,0.00170653,3.40861e-02,4.25383e-02,6.23696e-03,0.998841,2.734,15.30
1252,0105,44,0.0018874,3.61900e-02,4.27497e-02,6.16620e-03,0.783918,2.734,15.30
1253,0105,55,0.00193973,3.57931e-02,4.50486e-02,6.55211e-03,0.887257,2.734,15.30
1254,0105,66,0.0018732,3.49292e-02,4.40269e-02,6.56410e-03,0.96384,2.734,15.30
1255,0105,77,0.00157093,3.10190e-02,4.06359e-02,6.15723e-03,0.720316,2.734,15.30
1256,0105,88,0.00165348,3.52823e-02,4.19904e-02,6.24726e-03,0.942664,2.734,15.30
1257,0105,99,0.00169798,3.45047e-02,4.29498e-02,6.33655e-03,0.651764,2.734,15.30
1258,0105,110,0.00160067,3.23058e-02,4.18377e-02,6.42580e-03,0.780218,2.735,15.30
1259,0105,121,0.00152681,3.32598e-02,3.97678e-02,6.35461e-03,0.672611,2.734,15.30
1260,0105,132,0.00155089,3.28956e-02,4.15206e-02,6.32419e-03,0.961434,2.735,15.30
1261,0114,0,0.00253012,5.03567e-02,6.47995e-02,9.57727e-03,1.94802,2.735,15.30
1262,0114,11,0.00239249,4.48629e-02,6.40569e-02,1.01862e-02,1.29577,2.734,15.30
1263,0114,22,0.00228742,4.72487e-02,6.14482e-02,1.01588e-02,1.52709,2.734,15.30
1264,0114,33,0.00210524,4.42680e-02,5.91899e-02,1.01382e-02,1.07641,2.734,15.30
1265,0114,44,0.0020652,4.14317e-02,5.98264e-02,9.67135e-03,1.37821,2.735,15.30
1266,0114,55,0.00213298,4.04352e-02,6.18421e-02,9.16995e-03,1.31083,2.735,15.30
1267,0114,66,0.00208055,4.22783e-02,5.99817e-02,9.73517e-03,1.29335,2.734,15.30
1268,0114,77,0.00200516,4.01440e-02,5.96196e-02,9.69272e-03,1.11702,2.736,15.30
1269,0114,88,0.00201437,4.12375e-02,5.96402e-02,1.02712e-02,1.29516,2.734,15.30
1270,0114,99,0.00213383,4.42113e-02,6.21890e-02,9.85563e-03,1.34429,2.739,15.30
1271,0114,110,0.00211764,4.47791e-02,6.25813e-02,9.30449e-03,1.29408,2.740,15.30
1272,0114,121,0.00196897,4.21190e-02,6.05723e-02,9.36284e-03,0.972448,2.740,15.30
1273,0114,132,0.00205412,4.56821e-02,6.12898e-02,9.57043e-03,1.24826,2.737,15.30
1274,0144,0,0.00261281,4.37853e-02,5.38612e-02,6.28530e-03,1.74329,2.736,15.30
1275,0144,11,0.00247838,4.08892e-02,5.18113e-02,6.28830e-03,1.10727,2.760,15.30
1276,0144,22,0.00263869,4.57210e-02,5.28403e-02,6.53593e-03,1.20879,2.767,15.30
1277,0144,33,0.00215082,4.20701e-02,5.09864e-02,6.90347e-03,0.804727,2.737,15.30
1278,0144,44,0.00236012,4.23974e-02,5.53448e-02,7.35219e-03,1.15655,2.734,15.30
1279,0144,55,0.00216,4.02089e-02,5.29950e-02,7.38525e-03,1.02824,2.733,15.30
1280,0144,66,0.00216265,4.08769e-02,5.31801e-02,7.55118e-03,1.14821,2.734,15.30
1281,0144,77,0.00246171,4.20979e-02,5.75910e-02,7.59084e-03,1.15694,2.733,15.30
1282,0144,88,0.00279643,4.76086e-02,5.79121e-02,6.69191e-03,1.3427,2.733,15.30
1283,0144,99,0.00301467,4.68806e-02,5.84180e-02,6.81182e-03,1.34983,2.734,15.30
1284,0144,110,0.00296429,4.78680e-02,5.54987e-02,6.61665e-03,1.54525,2.734,15.30
1285,0144,121,0.00283771,4.45071e-02,5.58596e-02,7.27946e-03,1.26692,2.733,15.30
1286,0144,132,0.00320845,5.21143e-02,5.86835e-02,7.75412e-03,2.04182,2.733,15.30
1287,0144,143,0.00279231,5.26421e-02,5.35890e-02,7.12274e-03,1.72327,2.735,15.30
1288,0144,154,0.00226287,5.03306e-02,4.61466e-02,6.44645e-03,2.52549,2.733,15.30
1289,0165,0,0.00189959,3.85902e-02,4.69128e-02,7.54202e-03,1.15142,2.734,15.30
1290,0165,11,0.00152882,3.38641e-02,4.18616e-02,6.77569e-03,1.10933,2.735,15.30
1291,0165,22,0.00156563,3.21146e-02,4.35903e-02,7.00035e-03,1.04178,2.735,15.30
1292,0165,33,0.0015526,3.21306e-02,4.28312e-02,6.49056e-03,1.38014,2.735,15.30
1293,0165,44,0.00141872,3.10675e-02,4.08439e-02,6.49589e-03,0.991871,2.735,15.30
1294,0165,55,0.00144718,3.13178e-02,4.14912e-02,6.71466e-03,1.40537,2.735,15.30
1295,0165,66,0.0014985,3.19698e-02,4.23604e-02,6.81079e-03,1.16573,2.735,15.30
1296,0165,77,0.00139354,3.02537e-02,4.12293e-02,6.80933e-03,1.25352,2.735,15.30
1297,0165,88,0.00148071,3.29271e-02,4.17631e-02,6.67646e-03,1.18505,2.735,15.30
1298,0165,99,0.00141498,3.13083e-02,4.15759e-02,6.49357e-03,0.953462,2.734,15.30
1299,0165,110,0.0013101,2.90987e-02,4.04165e-02,6.27033e-03,1.00686,2.734,15.30
1300,0165,121,0.00132597,2.98041e-02,4.05151e-02,6.10703e-03,1.05929,2.734,15.30
1301,0165,132,0.00129041,2.74221e-02,4.10165e-02,6.38042e-03,0.567404,2.733,15.30
1302,0177,0,0.00260591,4.60725e-02,5.67496e-02,6.72535e-03,1.36438,2.732,15.30
1303,0177,11,0.0023846,4.28483e-02,5.37831e-02,6.81769e-03,0.872396,2.733,15.30
1304,0177,22,0.00246839,4.22890e-02,5.54957e-02,7.11452e-03,1.15055,2.734,15.30
1305,0177,33,0.00237808,4.11315e-02,5.47283e-02,7.13483e-03,1.00854,2.735,15.30
1306,0177,44,0.00237054,4.13383e-02,5.45020e-02,7.23937e-03,0.995154,2.735,15.30
1307,0177,55,0.00231114,4.01841e-02,5.41420e-02,7.29899e-03,0.87681,2.734,15.30
1308,0177,66,0.00225753,3.95558e-02,5.26348e-02,7.06428e-03,0.818533,2.734,15.30
1309,0177,77,0.00221767,3.88114e-02,5.19271e-02,6.84445e-03,0.801493,2.733,15.30
1310,0177,88,0.00216027,3.65069e-02,5.10931e-02,6.71503e-03,0.645163,2.734,15.30
1311,0177,99,0.00214943,3.64229e-02,5.02806e-02,6.71986e-03,0.77834,2.732,15.30
1312,0177,110,0.00208445,3.56982e-02,4.90498e-02,6.63163e-03,0.564273,2.741,15.30
1313,0177,121,0.00209333,3.52439e-02,4.89679e-02,6.50628e-03,0.697662,2.745,15.30
1314,0177,132,0.00202342,3.42797e-02,4.82962e-02,6.54265e-03,0.525178,2.763,15.30
1315,0179,0,0.00216311,4.35666e-02,5.53912e-02,6.86695e-03,0.92335,2.737,15.30
1316,0179,11,0.00200259,4.41949e-02,5.28173e-02,6.70771e-03,1.02952,2.760,15.30
1317,0179,22,0.00198009,4.87762e-02,5.16723e-02,6.79699e-03,0.835183,2.772,15.30
1318,0179,33,0.00187212,4.31614e-02,5.16614e-02,6.67827e-03,0.918464,2.762,15.30
1319,0179,44,0.00184332,4.48090e-02,5.04725e-02,6.57744e-03,0.7461,2.823,15.30
1320,0179,55,0.00191264,4.71547e-02,5.00629e-02,6.55492e-03,1.02433,2.742,15.30
1321,0179,66,0.00198986,5.02175e-02,4.96611e-02,6.60076e-03,1.70181,2.811,15.30
1322,0179,77,0.00207808,4.53772e-02,5.18042e-02,6.85607e-03,1.37698,2.745,15.30
1323,0179,88,0.00193131,3.87298e-02,4.88495e-02,6.42062e-03,0.800259,2.759,15.30
1324,0179,99,0.00208984,4.30753e-02,4.98762e-02,6.41837e-03,1.41525,2.761,15.30
1325,0179,110,0.00190729,4.63596e-02,4.94630e-02,6.62724e-03,1.09658,2.804,15.30
1326,0179,121,0.00183674,4.54411e-02,4.96475e-02,6.81813e-03,1.34945,2.755,15.30
1327,0179,132,0.00186189,4.49890e-02,5.07464e-02,7.24457e-03,1.15498,2.738,15.30
1328,0286,0,0.00208391,4.96754e-02,5.03899e-02,7.00279e-03,1.40643,2.757,15.30
1329,0286,11,0.0020842,5.06406e-02,4.94050e-02,6.56616e-03,1.55621,2.764,15.30
1330,0286,22,0.00193508,4.65554e-02,4.89053e-02,6.54368e-03,0.80804,2.753,15.30
1331,0286,33,0.001971,4.59939e-02,4.98521e-02,6.54549e-03,1.23934,2.804,15.30
1332,0286,44,0.00194356,4.60793e-02,4.87734e-02,6.64063e-03,1.23785,2.743,15.30
1333,0286,55,0.0017992,4.36644e-02,4.76241e-02,6.51224e-03,0.954276,2.751,15.30
1334,0286,66,0.00192189,4.63768e-02,4.82246e-02,6.48481e-03,1.27562,2.794,15.30
1335,0286,77,0.00186679,4.65096e-02,4.72904e-02,6.38703e-03,0.905697,2.790,15.30
1336,0286,88,0.00190579,4.67729e-02,4.77184e-02,6.42431e-03,1.04598,2.820,15.30
1337,0286,99,0.00186252,4.70168e-02,4.67181e-02,6.46724e-03,1.1269,2.733,15.30
1338,0286,110,0.0018225,4.71964e-02,4.62760e-02,6.54197e-03,0.832958,2.732,15.30
1339,0286,121,0.00173055,4.43089e-02,4.57526e-02,6.29929e-03,0.925165,2.732,15.30
1340,0286,132,0.00187314,4.89741e-02,4.59294e-02,6.34120e-03,1.7627,2.734,15.30
1341,0011,0,0.00185781,4.21396e-02,5.36386e-02,6.28832e-03,1.64535,2.739,15.30
1342,0011,11,0.00145827,3.54782e-02,4.78696e-02,6.08323e-03,0.608346,2.737,15.30
1343,0011,22,0.00159531,3.68815e-02,5.03636e-02,6.41769e-03,1.47841,2.738,15.30
1344,0011,33,0.00195786,4.32383e-02,5.33593e-02,6.62893e-03,1.16729,2.738,15.30
1345,0011,44,0.00208749,4.29329e-02,5.40288e-02,6.48084e-03,1.50308,2.766,15.30
1346,0011,55,0.00183121,3.84283e-02,5.18828e-02,6.47417e-03,1.24347,2.733,15.30
1347,0011,66,0.00180834,4.03374e-02,5.17572e-02,6.99173e-03,1.28655,2.734,15.30
1348,0011,77,0.00161188,3.89175e-02,4.95519e-02,7.01505e-03,1.17213,2.733,15.30
1349,0011,88,0.0015062,3.93421e-02,4.77699e-02,6.65979e-03,0.654655,2.732,15.30
1350,0011,99,0.00155628,4.17981e-02,4.70870e-02,6.68777e-03,0.913096,2.733,15.30
1351,0011,110,0.00131835,3.47904e-02,4.55766e-02,6.52613e-03,0.606215,2.734,15.30
1352,0011,121,0.00142263,3.57757e-02,4.82354e-02,6.67045e-03,0.706492,2.733,15.30
1353,0011,132,0.00152557,3.60933e-02,4.93849e-02,6.79082e-03,0.612811,2.732,15.30
1354,0011,143,0.00178144,4.42475e-02,4.95650e-02,7.05769e-03,0.999117,2.733,15.30
1355,0078,0,0.00171873,3.35595e-02,4.60303e-02,6.98032e-03,0.73323,2.733,15.30
1356,0078,11,0.00163041,3.10102e-02,4.45326e-02,6.77717e-03,0.597493,2.734,15.30
1357,0078,22,0.0016964,3.10221e-02,4.45246e-02,6.76400e-03,0.764556,2.795,15.30
1358,0078,33,0.00174802,3.43965e-02,4.32396e-02,6.59536e-03,0.721966,2.733,15.30
1359,0078,44,0.00164366,3.27379e-02,4.21564e-02,6.45282e-03,0.620905,2.733,15.30
1360,0078,55,0.00205668,4.10454e-02,4.39720e-02,6.91687e-03,1.00669,2.733,15.30
1361,0078,66,0.00252391,5.08831e-02,4.71554e-02,7.03121e-03,0.802616,2.734,15.30
1362,0078,77,0.00220996,4.13715e-02,4.73098e-02,6.92258e-03,0.901788,2.733,15.30
1363,0078,88,0.00230091,4.35493e-02,4.72781e-02,7.05153e-03,0.945531,2.734,15.30
1364,0078,99,0.00231228,4.49643e-02,4.70491e-02,7.48075e-03,1.33032,2.733,15.30
1365,0078,110,0.0020539,4.22563e-02,4.69700e-02,7.67652e-03,0.868689,2.733,15.30
1366,0078,121,0.00222727,4.18383e-02,4.94041e-02,8.06555e-03,1.39542,2.732,15.30
1367,0078,132,0.00214068,3.93886e-02,4.76281e-02,7.72060e-03,1.37837,2.733,15.30
1368,0094,0,0.00222177,3.53768e-02,4.48261e-02,6.10508e-03,0.93165,2.733,15.30
1369,0094,11,0.00212585,3.20085e-02,4.45269e-02,5.93631e-03,1.21608,2.732,15.30
1370,0094,22,0.00210021,3.47612e-02,4.22816e-02,5.37707e-03,1.36861,2.733,15.30
1371,0094,33,0.00178218,2.99005e-02,3.93752e-02,5.42461e-03,0.77783,2.732,15.30
1372,0094,44,0.00230196,3.42470e-02,4.56399e-02,5.75634e-03,1.70379,2.733,15.30
1373,0094,55,0.00193841,3.23709e-02,4.19408e-02,5.82769e-03,1.16869,2.733,15.30
1374,0094,66,0.00200523,3.46255e-02,4.35682e-02,6.11978e-03,1.02958,2.733,15.30
1375,0094,77,0.00227193,3.93406e-02,4.58967e-02,6.49594e-03,1.22476,2.733,15.30
1376,0094,88,0.00207536,3.62772e-02,4.63855e-02,6.31690e-03,0.877021,2.732,15.30
1377,0094,99,0.00215004,3.80434e-02,4.90975e-02,6.57608e-03,1.05495,2.733,15.30
1378,0094,110,0.00189148,3.93796e-02,4.71279e-02,6.21299e-03,1.17512,2.733,15.30
1379,0094,121,0.00203233,3.84337e-02,4.96581e-02,6.69805e-03,1.2415,2.732,15.30
1380,0094,132,0.00227222,3.84676e-02,5.30236e-02,6.99550e-03,1.03372,2.733,15.30
1381,0094,143,0.00210337,4.65601e-02,4.51640e-02,6.52509e-03,1.13053,2.733,15.30
1382,0105,0,0.00201999,3.58101e-02,4.65135e-02,6.16197e-03,1.03668,2.733,15.30
1383,0105,11,0.00214554,4.05057e-02,4.75074e-02,6.68247e-03,1.31211,2.733,15.30
1384,0105,22,0.00184625,3.65201e-02,4.45924e-02,6.77628e-03,1.29617,2.732,15.30
1385,0105,33,0.00172318,3.40460e-02,4.27999e-02,6.52869e-03,0.988735,2.732,15.30
1386,0105,44,0.00202341,3.87436e-02,4.35685e-02,6.43918e-03,1.00964,2.733,15.30
1387,0105,55,0.00206309,3.79719e-02,4.59538e-02,6.60144e-03,1.24972,2.733,15.30
1388,0105,66,0.00195725,3.58185e-02,4.49415e-02,6.74132e-03,1.06183,2.733,15.30
1389,0105,77,0.00177344,3.46225e-02,4.23846e-02,6.40718e-03,1.36582,2.734,15.30
1390,0105,88,0.00165789,3.48256e-02,4.22970e-02,6.31283e-03,0.846336,2.733,15.30
1391,0105,99,0.00181589,3.57746e-02,4.44047e-02,6.35689e-03,1.34169,2.732,15.30
1392,0105,110,0.00171638,3.54202e-02,4.24056e-02,6.30780e-03,1.07712,2.733,15.30
1393,0105,121,0.00165213,3.42000e-02,4.16225e-02,6.34855e-03,1.41121,2.733,15.30
1394,0105,132,0.0016414,3.42254e-02,4.25254e-02,6.50586e-03,1.22038,2.733,15.30
1395,0114,0,0.00298106,5.70483e-02,6.92328e-02,9.97430e-03,2.56013,2.733,15.30
1396,0114,11,0.00270006,4.93334e-02,6.73533e-02,1.06037e-02,1.90385,2.732,15.30
1397,0114,22,0.00235443,4.61926e-02,6.30187e-02,1.09539e-02,1.39661,2.732,15.30
1398,0114,33,0.0022591,4.70503e-02,6.07965e-02,1.02858e-02,1.51241,2.733,15.30
1399,0114,44,0.00224352,4.70616e-02,6.06103e-02,9.95876e-03,1.64052,2.732,15.30
1400,0114,55,0.00230553,4.37923e-02,6.35529e-02,9.60365e-03,1.51787,2.735,15.30
1401,0114,66,0.00219106,4.25152e-02,6.19430e-02,9.92104e-03,1.5286,2.733,15.30
1402,0114,77,0.00228837,4.37864e-02,6.32816e-02,1.04970e-02,1.35653,2.735,15.30
1403,0114,88,0.00205205,4.15243e-02,6.03572e-02,9.77088e-03,1.35126,2.732,15.30
1404,0114,99,0.00223405,4.44538e-02,6.39048e-02,1.04232e-02,1.36792,2.732,15.30
1405,0114,110,0.00217521,4.67876e-02,6.27488e-02,9.69889e-03,1.50483,2.742,15.30
1406,0114,121,0.00205133,4.52490e-02,6.08626e-02,9.37970e-03,1.10185,2.736,15.30
1407,0114,132,0.00223847,4.97720e-02,6.30614e-02,9.65197e-03,1.59747,2.735,15.30
1408,0144,0,0.00272363,4.45583e-02,5.50351e-02,6.62399e-03,1.61788,2.741,15.30
1409,0144,11,0.00241491,4.05805e-02,5.10210e-02,6.30688e-03,0.976779,2.757,15.30
1410,0144,22,0.00264686,4.66054e-02,5.24616e-02,6.67348e-03,1.21458,2.733,15.30
1411,0144,33,0.00229875,4.45313e-02,5.21323e-02,7.37410e-03,0.93991,2.733,15.30
1412,0144,44,0.00238604,4.28187e-02,5.55675e-02,7.33408e-03,1.17658,2.733,15.30
1413,0144,55,0.00217642,4.17918e-02,5.25393e-02,7.21439e-03,0.93209,2.733,15.30
1414,0144,66,0.00225811,4.34144e-02,5.35368e-02,7.68443e-03,1.24891,2.733,15.30
1415,0144,77,0.00249077,4.31640e-02,5.75331e-02,7.78068e-03,1.09648,2.733,15.30
1416,0144,88,0.00290687,4.89299e-02,5.88201e-02,7.02292e-03,1.36347,2.733,15.30
1417,0144,99,0.00308397,4.73305e-02,5.91507e-02,6.72665e-03,1.62679,2.732,15.30
1418,0144,110,0.00307718,4.78875e-02,5.70015e-02,6.82563e-03,1.58774,2.733,15.30
1419,0144,121,0.00314655,4.97836e-02,5.73940e-02,7.25055e-03,1.94132,2.733,15.30
1420,0144,132,0.00309429,4.85565e-02,5.89540e-02,7.95845e-03,1.31105,2.734,15.30
1421,0144,143,0.00292653,5.38347e-02,5.49266e-02,7.10468e-03,2.70787,2.733,15.30
1422,0144,154,0.00198415,4.74412e-02,4.29565e-02,6.27152e-03,1.26628,2.732,15.30
1423,0165,0,0.0018858,3.68373e-02,4.75506e-02,7.51660e-03,1.07443,2.732,15.30
1424,0165,11,0.0016899,3.75519e-02,4.30110e-02,6.98035e-03,1.31464,2.733,15.30
1425,0165,22,0.00177145,3.46843e-02,4.61107e-02,7.50329e-03,1.26678,2.733,15.30
1426,0165,33,0.00149283,3.12187e-02,4.20619e-02,6.74306e-03,0.85994,2.733,15.30
1427,0165,44,0.00141773,3.11775e-02,4.07301e-02,6.70421e-03,0.761771,2.732,15.30
1428,0165,55,0.001445,3.06934e-02,4.17012e-02,6.91162e-03,0.894289,2.735,15.30
1429,0165,66,0.00147163,3.17242e-02,4.18881e-02,7.10177e-03,0.89188,2.733,15.30
1430,0165,77,0.00134835,2.89781e-02,4.08438e-02,7.01616e-03,0.581051,2.733,15.30
1431,0165,88,0.00150765,3.23916e-02,4.25248e-02,6.84462e-03,1.07753,2.732,15.30
1432,0165,99,0.00136987,3.04763e-02,4.10372e-02,6.51740e-03,0.594133,2.732,15.30
1433,0165,110,0.00135408,3.00195e-02,4.09021e-02,6.31379e-03,1.09634,2.733,15.30
1434,0165,121,0.00130382,2.94574e-02,4.01921e-02,6.20421e-03,0.684537,2.732,15.30
1435,0165,132,0.00134577,2.84706e-02,4.16849e-02,6.53630e-03,0.695386,2.733,15.30
1436,0177,0,0.00266947,4.75070e-02,5.69835e-02,6.91941e-03,1.52357,2.733,15.30
1437,0177,11,0.00239165,4.22470e-02,5.41803e-02,6.83897e-03,0.870648,2.733,15.30
1438,0177,22,0.00248149,4.35079e-02,5.51356e-02,7.02179e-03,1.18164,2.733,15.30
1439,0177,33,0.00237708,4.13393e-02,5.46250e-02,7.08264e-03,0.835411,2.733,15.30
1440,0177,44,0.00240193,4.20919e-02,5.46465e-02,7.22533e-03,1.11359,2.733,15.30
1441,0177,55,0.00229017,3.96236e-02,5.40864e-02,7.14289e-03,0.733636,2.733,15.30
1442,0177,66,0.00228863,4.00366e-02,5.29150e-02,7.01460e-03,0.905151,2.732,15.30
1443,0177,77,0.00218561,3.84405e-02,5.15881e-02,6.81603e-03,0.606654,2.733,15.30
1444,0177,88,0.00218224,3.71676e-02,5.11460e-02,6.71735e-03,0.733628,2.733,15.30
1445,0177,99,0.00210992,3.57116e-02,4.99838e-02,6.65437e-03,0.57014,2.733,15.30
1446,0177,110,0.00212684,3.69209e-02,4.91674e-02,6.60206e-03,0.700839,2.732,15.30
1447,0177,121,0.00208247,3.47723e-02,4.90018e-02,6.53217e-03,0.628582,2.732,15.30
1448,0177,132,0.00201477,3.42285e-02,4.81826e-02,6.53183e-03,0.536448,2.733,15.30
1449,0179,0,0.0021051,4.28483e-02,5.47015e-02,6.79921e-03,0.681951,2.736,15.30
1450,0179,11,0.00203202,4.47936e-02,5.30769e-02,6.66944e-03,1.12737,2.733,15.30
1451,0179,22,0.00195537,4.81288e-02,5.15455e-02,6.74187e-03,0.799132,2.732,15.30
1452,0179,33,0.00188383,4.32305e-02,5.18560e-02,6.69948e-03,1.06727,2.733,15.30
1453,0179,44,0.00184414,4.45975e-02,5.06043e-02,6.56976e-03,0.852708,2.732,15.30
1454,0179,55,0.0019219,4.72705e-02,5.01915e-02,6.51639e-03,1.22249,2.732,15.30
1455,0179,66,0.00200471,5.05743e-02,4.97460e-02,6.59570e-03,1.6718,2.733,15.30
1456,0179,77,0.00200825,4.40579e-02,5.12025e-02,6.83036e-03,1.19095,2.732,15.30
1457,0179,88,0.00196158,3.94500e-02,4.90419e-02,6.38311e-03,0.974361,2.732,15.30
1458,0179,99,0.00203176,4.18627e-02,4.94899e-02,6.36315e-03,1.23731,2.733,15.30
1459,0179,110,0.00189422,4.57024e-02,4.95723e-02,6.62012e-03,1.12794,2.732,15.30
1460,0179,121,0.00181206,4.49804e-02,4.93997e-02,6.76685e-03,1.30077,2.733,15.30
1461,0179,132,0.00181946,4.38641e-02,5.04921e-02,7.14745e-03,1.15442,2.732,15.30
1462,0286,0,0.00212471,5.06353e-02,5.06282e-02,6.85094e-03,1.96325,2.733,15.30
1463,0286,11,0.00209128,5.08516e-02,4.94198e-02,6.51688e-03,1.43717,2.732,15.30
1464,0286,22,0.00191356,4.64142e-02,4.85696e-02,6.46802e-03,0.923365,2.733,15.30
1465,0286,33,0.00213967,4.84998e-02,5.16463e-02,6.59987e-03,2.02909,2.733,15.30
1466,0286,44,0.00211635,4.87312e-02,5.05585e-02,6.67023e-03,1.61425,2.733,15.30
1467,0286,55,0.00202691,4.73397e-02,4.99993e-02,6.79113e-03,2.03572,2.732,15.30
1468,0286,66,0.00198391,4.66360e-02,4.92687e-02,6.65477e-03,1.63021,2.732,15.30
1469,0286,77,0.00213534,5.04642e-02,5.01920e-02,6.48801e-03,2.14856,2.737,15.30
1470,0286,88,0.00202786,4.80031e-02,4.93928e-02,6.48402e-03,1.50529,2.739,15.30
1471,0286,99,0.00200324,4.78012e-02,4.90644e-02,6.53353e-03,1.94626,2.734,15.30
1472,0286,110,0.00205988,5.10024e-02,4.87234e-02,6.65963e-03,1.75883,2.739,15.30
1473,0286,121,0.00192861,4.90201e-02,4.69389e-02,6.46469e-03,1.81665,2.737,15.30
1474,0286,132,0.00190591,4.91021e-02,4.65076e-02,6.49643e-03,1.53694,2.764,15.30
1475,0011,0,0.00179341,3.96094e-02,5.34866e-02,6.50669e-03,1.51544,2.826,15.30
1476,0011,11,0.00149922,3.61509e-02,4.84340e-02,6.30952e-03,0.808701,3.221,15.30
1477,0011,22,0.00150382,3.58601e-02,4.88391e-02,6.45927e-03,1.16546,2.743,15.30
1478,0011,33,0.00185263,4.12593e-02,5.22652e-02,6.63885e-03,0.97632,2.758,15.30
1479,0011,44,0.00199623,4.09691e-02,5.32615e-02,6.72810e-03,1.24602,2.762,15.30
1480,0011,55,0.00174371,3.71256e-02,5.07096e-02,6.86734e-03,0.896519,2.756,15.30
1481,0011,66,0.00165851,3.75687e-02,5.00200e-02,6.94613e-03,1.09268,2.780,15.30
1482,0011,77,0.00147874,3.62961e-02,4.79080e-02,6.79370e-03,0.718662,2.791,15.30
1483,0011,88,0.00153016,3.99421e-02,4.80170e-02,6.63000e-03,0.811538,2.753,15.30
1484,0011,99,0.00143361,3.94553e-02,4.55277e-02,6.53301e-03,0.604128,2.740,15.30
1485,0011,110,0.00130922,3.48032e-02,4.53643e-02,6.45825e-03,0.716116,2.754,15.30
1486,0011,121,0.00138459,3.46524e-02,4.78744e-02,6.55571e-03,0.493222,2.764,15.30
1487,0011,132,0.00151397,3.53417e-02,4.95039e-02,6.53753e-03,0.64398,2.764,15.30
1488,0011,143,0.00172871,4.38335e-02,4.86918e-02,6.95163e-03,1.12605,2.811,15.30
1489,0078,0,0.00174931,3.36458e-02,4.65389e-02,7.01324e-03,0.939351,2.738,15.30
1490,0078,11,0.00158215,3.08339e-02,4.37237e-02,6.78006e-03,0.592999,2.739,15.30
1491,0078,22,0.00160406,2.88852e-02,4.37870e-02,6.86096e-03,0.678229,2.757,15.30
1492,0078,33,0.00171271,3.28094e-02,4.33974e-02,6.55486e-03,0.77145,2.751,15.30
1493,0078,44,0.00158047,3.19518e-02,4.14364e-02,6.19067e-03,0.467098,2.758,15.30
1494,0078,55,0.00197712,3.97606e-02,4.34248e-02,6.61546e-03,0.913886,2.759,15.30
1495,0078,66,0.00247375,4.99991e-02,4.69479e-02,6.90664e-03,0.843315,2.810,15.30
1496,0078,77,0.00217023,4.12037e-02,4.67736e-02,6.83512e-03,0.737977,2.762,15.30
1497,0078,88,0.00225415,4.25002e-02,4.71617e-02,6.86403e-03,1.04108,2.742,15.30
1498,0078,99,0.00222862,4.43455e-02,4.60918e-02,7.22178e-03,1.02882,2.754,15.30
1499,0078,110,0.00201005,4.16901e-02,4.65594e-02,7.44167e-03,0.854182,2.751,15.30
1500,0078,121,0.00212413,4.02869e-02,4.85152e-02,8.03432e-03,1.09934,2.749,15.30
1501,0078,132,0.00198912,3.76002e-02,4.60750e-02,7.57523e-03,1.01333,2.974,15.30
1502,0094,0,0.00214743,3.41585e-02,4.43881e-02,5.89878e-03,0.8429,2.797,15.30
1503,0094,11,0.00209788,3.17061e-02,4.43104e-02,5.66832e-03,1.32471,2.735,15.30
1504,0094,22,0.00195352,3.28562e-02,4.11237e-02,5.14429e-03,1.02669,2.735,15.30
1505,0094,33,0.00171457,2.86632e-02,3.89386e-02,5.28755e-03,0.704266,2.736,15.30
1506,0094,44,0.0021882,3.34446e-02,4.44772e-02,5.57989e-03,1.33901,2.735,15.30
1507,0094,55,0.00177925,3.02499e-02,4.05567e-02,5.50766e-03,0.816601,2.736,15.30
1508,0094,66,0.00185062,3.23739e-02,4.23146e-02,5.72366e-03,0.697753,2.737,15.30
1509,0094,77,0.00214069,3.74100e-02,4.49900e-02,6.15483e-03,1.07689,2.735,15.30
1510,0094,88,0.00197832,3.46016e-02,4.56924e-02,6.10278e-03,0.748911,2.735,15.30
1511,0094,99,0.001984,3.57647e-02,4.75466e-02,6.25573e-03,0.74402,2.735,15.30
1512,0094,110,0.00176325,3.75948e-02,4.56999e-02,6.12932e-03,0.808998,2.738,15.30
1513,0094,121,0.00184716,3.48578e-02,4.81625e-02,6.44200e-03,1.01338,2.735,15.30
1514,0094,132,0.0021611,3.77707e-02,5.16356e-02,6.56038e-03,0.86938,2.735,15.30
1515,0094,143,0.00204492,4.45561e-02,4.53804e-02,6.43948e-03,1.16611,2.736,15.30
1516,0105,0,0.00192685,3.48675e-02,4.54660e-02,6.10245e-03,0.804467,2.735,15.30
1517,0105,11,0.00202283,3.77802e-02,4.69355e-02,6.43818e-03,1.33429,2.734,15.30
1518,0105,22,0.00170998,3.32333e-02,4.38576e-02,6.48814e-03,1.05238,2.734,15.30
1519,0105,33,0.00174367,3.51663e-02,4.26242e-02,6.39041e-03,1.18199,2.735,15.30
1520,0105,44,0.00201326,3.80995e-02,4.37538e-02,6.44452e-03,1.00825,2.735,15.30
1521,0105,55,0.00200645,3.70705e-02,4.55186e-02,6.46321e-03,1.17471,2.737,15.30
1522,0105,66,0.00192283,3.56443e-02,4.45084e-02,6.48938e-03,1.11207,2.735,15.30
1523,0105,77,0.00174274,3.39684e-02,4.22126e-02,6.24872e-03,1.27687,2.735,15.30
1524,0105,88,0.00169845,3.55548e-02,4.26712e-02,6.29148e-03,0.892654,2.735,15.30
1525,0105,99,0.00176756,3.52508e-02,4.38214e-02,6.33308e-03,1.09292,2.735,15.30
1526,0105,110,0.00163104,3.33951e-02,4.18635e-02,6.41674e-03,0.731966,2.734,15.30
1527,0105,121,0.00159328,3.31311e-02,4.10666e-02,6.43454e-03,1.10949,2.735,15.30
1528,0105,132,0.00157292,3.36464e-02,4.15449e-02,6.43661e-03,0.773578,2.736,15.30
1529,0114,0,0.00256576,4.93046e-02,6.59284e-02,9.56919e-03,2.00615,2.735,15.30
1530,0114,11,0.00234632,4.41251e-02,6.35293e-02,1.02771e-02,1.02645,2.737,15.30
1531,0114,22,0.00215617,4.42662e-02,6.03797e-02,9.99126e-03,1.22356,2.735,15.30
1532,0114,33,0.00210779,4.44052e-02,5.92131e-02,9.95544e-03,1.18293,2.735,15.30
1533,0114,44,0.0019499,3.86400e-02,5.87595e-02,9.66146e-03,0.923803,2.735,15.30
1534,0114,55,0.00209452,4.03796e-02,6.10966e-02,9.41009e-03,1.2704,2.738,15.30
1535,0114,66,0.00205776,4.23770e-02,5.94963e-02,9.73629e-03,1.1316,2.735,15.30
1536,0114,77,0.00191538,3.89019e-02,5.83626e-02,9.70148e-03,0.909606,2.734,15.30
1537,0114,88,0.00199667,4.15802e-02,5.90499e-02,1.06992e-02,1.16456,2.744,15.30
1538,0114,99,0.00199236,4.22509e-02,6.03030e-02,9.48191e-03,1.00085,2.744,15.30
1539,0114,110,0.0020391,4.28291e-02,6.18777e-02,9.19577e-03,1.2637,2.739,15.30
1540,0114,121,0.00196348,4.34402e-02,5.98732e-02,9.41925e-03,0.982152,2.740,15.30
1541,0114,132,0.00199321,4.29127e-02,6.13599e-02,9.10493e-03,1.32904,2.737,15.30
1542,0144,0,0.00254228,4.37765e-02,5.28095e-02,6.35409e-03,1.58179,2.770,15.30
1543,0144,11,0.00239098,4.04823e-02,5.06901e-02,6.44705e-03,0.879913,2.788,15.30
1544,0144,22,0.00252536,4.48015e-02,5.16379e-02,6.50000e-03,1.08596,2.749,15.30
1545,0144,33,0.00220253,4.32433e-02,5.12459e-02,7.01137e-03,0.975868,2.745,15.30
1546,0144,44,0.00230662,4.18845e-02,5.47286e-02,7.26478e-03,1.0844,2.735,15.30
1547,0144,55,0.00213719,4.01358e-02,5.26622e-02,7.26413e-03,1.02188,2.735,15.30
1548,0144,66,0.00210457,4.02877e-02,5.24968e-02,7.34273e-03,1.0398,2.735,15.30
1549,0144,77,0.00238616,4.16209e-02,5.66520e-02,7.28233e-03,1.04645,2.735,15.30
1550,0144,88,0.00275802,4.66814e-02,5.77850e-02,6.82071e-03,1.25388,2.741,15.30
1551,0144,99,0.00307188,4.71875e-02,5.90091e-02,7.06831e-03,1.48068,2.735,15.30
1552,0144,110,0.00309708,4.93322e-02,5.65195e-02,6.69856e-03,1.8034,2.736,15.30
1553,0144,121,0.0031397,4.77682e-02,5.82500e-02,7.86406e-03,1.67005,2.735,15.30
1554,0144,132,0.00316407,5.05248e-02,5.88944e-02,7.95307e-03,1.51261,2.735,15.30
1555,0144,143,0.00277896,5.16556e-02,5.39502e-02,7.26818e-03,1.5476,2.734,15.30
1556,0144,154,0.00202111,4.65799e-02,4.42427e-02,6.26313e-03,1.88504,2.735,15.30
1557,0165,0,0.00191883,3.73910e-02,4.78323e-02,7.68163e-03,1.25448,2.736,15.30
1558,0165,11,0.0015312,3.51262e-02,4.12401e-02,6.82927e-03,0.800585,2.737,15.30
1559,0165,22,0.0015652,3.23556e-02,4.34356e-02,7.17375e-03,0.780469,2.735,15.30
1560,0165,33,0.0014111,2.98477e-02,4.11361e-02,6.51048e-03,0.665206,2.737,15.30
1561,0165,44,0.00143583,3.19603e-02,4.07241e-02,6.64526e-03,0.974744,2.735,15.30
1562,0165,55,0.00132222,2.82908e-02,4.03339e-02,6.80688e-03,0.52437,2.736,15.30
1563,0165,66,0.00146728,3.04591e-02,4.24160e-02,6.95787e-03,0.843786,2.737,15.30
1564,0165,77,0.00132307,2.86379e-02,4.05054e-02,6.87142e-03,0.577566,2.735,15.30
1565,0165,88,0.00137369,2.98779e-02,4.10374e-02,6.73415e-03,0.601218,2.735,15.30
1566,0165,99,0.00134451,2.94770e-02,4.09818e-02,6.46355e-03,0.573702,2.734,15.30
1567,0165,110,0.00127786,2.92398e-02,3.96851e-02,6.20574e-03,0.516823,2.735,15.30
1568,0165,121,0.00125115,2.83881e-02,3.95742e-02,6.12914e-03,0.582105,2.734,15.30
1569,0165,132,0.00127121,2.66419e-02,4.09279e-02,6.44448e-03,0.380397,2.735,15.30
1570,0177,0,0.00257203,4.57167e-02,5.63968e-02,6.75055e-03,1.35348,2.734,15.30
1571,0177,11,0.0023436,4.18996e-02,5.36000e-02,6.74201e-03,0.793867,2.734,15.30
1572,0177,22,0.00238203,4.17344e-02,5.44369e-02,6.92294e-03,0.937104,2.734,15.30
1573,0177,33,0.00234525,4.12946e-02,5.41520e-02,7.02124e-03,0.80912,2.734,15.30
1574,0177,44,0.00231911,4.06826e-02,5.40055e-02,7.14094e-03,0.804833,2.735,15.30
1575,0177,55,0.0022695,3.95632e-02,5.37810e-02,7.15569e-03,0.691503,2.736,15.30
1576,0177,66,0.00223486,3.90424e-02,5.25351e-02,6.89869e-03,0.70439,2.736,15.30
1577,0177,77,0.00216512,3.81535e-02,5.14060e-02,6.71050e-03,0.584667,2.736,15.30
1578,0177,88,0.00213083,3.63844e-02,5.06865e-02,6.67542e-03,0.592973,2.735,15.30
1579,0177,99,0.00209911,3.56541e-02,4.98344e-02,6.67445e-03,0.492695,2.738,15.30
1580,0177,110,0.0020694,3.56297e-02,4.88566e-02,6.53687e-03,0.559454,2.735,15.30
1581,0177,121,0.00205687,3.45975e-02,4.86901e-02,6.44391e-03,0.500671,2.736,15.30
1582,0177,132,0.00201317,3.43482e-02,4.81126e-02,6.48160e-03,0.481901,2.734,15.30
1583,0179,0,0.00208813,4.24105e-02,5.45991e-02,6.81493e-03,0.699351,2.735,15.30
1584,0179,11,0.00193461,4.31142e-02,5.20737e-02,6.61263e-03,0.762261,2.737,15.30
1585,0179,22,0.00194668,4.81117e-02,5.13931e-02,6.64166e-03,0.802191,2.735,15.30
1586,0179,33,0.00184682,4.23847e-02,5.15608e-02,6.60481e-03,1.01017,2.734,15.30
1587,0179,44,0.00186633,4.47986e-02,5.09600e-02,6.50193e-03,1.27706,2.736,15.30
1588,0179,55,0.00193407,4.78094e-02,5.01362e-02,6.46368e-03,1.37484,2.736,15.30
1589,0179,66,0.0018971,4.80083e-02,4.90982e-02,6.52020e-03,1.35812,2.740,15.30
1590,0179,77,0.00189029,4.17383e-02,5.01881e-02,6.66115e-03,0.862047,2.737,15.30
1591,0179,88,0.00192661,3.88723e-02,4.87189e-02,6.28299e-03,1.01408,2.737,15.30
1592,0179,99,0.00193365,4.01218e-02,4.86355e-02,6.26746e-03,1.1516,2.735,15.30
1593,0179,110,0.00181686,4.40424e-02,4.89314e-02,6.58019e-03,0.985783,2.734,15.30
1594,0179,121,0.00174331,4.33942e-02,4.88449e-02,6.67444e-03,1.18699,2.735,15.30
1595,0179,132,0.00169626,4.18584e-02,4.90077e-02,6.92330e-03,0.706932,2.734,15.30
1596,0286,0,0.00200601,4.84119e-02,4.96648e-02,6.68824e-03,1.47111,2.738,15.30
1597,0286,11,0.00203753,5.03272e-02,4.87017e-02,6.39994e-03,1.87531,2.734,15.30
1598,0286,22,0.0018782,4.56991e-02,4.82820e-02,6.42380e-03,0.737621,2.735,15.30
1599,0286,33,0.00194161,4.56119e-02,4.94974e-02,6.51559e-03,1.46806,2.735,15.30
1600,0286,44,0.00187711,4.45582e-02,4.83360e-02,6.60125e-03,1.10476,2.735,15.30
1601,0286,55,0.00176444,4.29395e-02,4.73343e-02,6.42487e-03,0.922441,2.739,15.30
1602,0286,66,0.00190574,4.53029e-02,4.85549e-02,6.31758e-03,1.69381,2.734,15.30
1603,0286,77,0.00192537,4.75686e-02,4.78448e-02,6.35468e-03,1.1253,2.735,15.30
1604,0286,88,0.0018983,4.57191e-02,4.81931e-02,6.42106e-03,1.36065,2.734,15.30
1605,0286,99,0.00195868,4.95586e-02,4.70867e-02,6.45732e-03,1.6091,2.735,15.30
1606,0286,110,0.0018955,4.88637e-02,4.67427e-02,6.59990e-03,1.57576,2.734,15.30
1607,0286,121,0.00177114,4.56421e-02,4.57863e-02,6.40311e-03,1.00064,2.735,15.30
1608,0286,132,0.00172626,4.49374e-02,4.53784e-02,6.25660e-03,0.985866,2.748,15.30
1609,0011,0,0.00168415,3.87683e-02,5.16707e-02,6.21247e-03,1.27932,2.741,15.30
1610,0011,11,0.00152359,3.59844e-02,4.90866e-02,6.01694e-03,1.11895,2.743,15.30
1611,0011,22,0.00152468,3.58955e-02,4.93276e-02,6.14119e-03,1.26386,2.744,15.30
1612,0011,33,0.00180571,4.01224e-02,5.19211e-02,6.33758e-03,0.987008,2.761,15.30
1613,0011,44,0.00196043,3.99148e-02,5.31389e-02,6.40843e-03,1.28934,2.734,15.30
1614,0011,55,0.00180166,3.73902e-02,5.17579e-02,6.61466e-03,1.04715,2.734,15.30
1615,0011,66,0.00164591,3.66878e-02,5.01919e-02,6.74535e-03,1.06599,2.735,15.30
1616,0011,77,0.00149573,3.63758e-02,4.82821e-02,6.59061e-03,0.796293,2.735,15.30
1617,0011,88,0.00154595,4.11400e-02,4.77883e-02,6.44993e-03,0.877453,2.734,15.30
1618,0011,99,0.00146651,4.01168e-02,4.59530e-02,6.50282e-03,0.777582,2.735,15.30
1619,0011,110,0.00130284,3.49425e-02,4.51565e-02,6.39559e-03,0.684054,2.735,15.30
1620,0011,121,0.00141191,3.61716e-02,4.78361e-02,6.50557e-03,0.646923,2.735,15.30
1621,0011,132,0.0015353,3.65053e-02,4.94399e-02,6.62675e-03,0.747002,2.734,15.30
1622,0011,143,0.00184326,4.65959e-02,4.95701e-02,6.94898e-03,1.21033,2.737,15.30
1623,0078,0,0.00180087,3.49677e-02,4.68523e-02,7.04363e-03,1.03008,2.735,15.30
1624,0078,11,0.00164013,3.21387e-02,4.41967e-02,6.83309e-03,0.719851,2.734,15.30
1625,0078,22,0.00169663,3.06240e-02,4.46872e-02,6.83792e-03,0.855343,2.734,15.30
1626,0078,33,0.00177834,3.39359e-02,4.40010e-02,6.56467e-03,0.878184,2.734,15.30
1627,0078,44,0.00162277,3.28060e-02,4.17812e-02,6.25538e-03,0.722084,2.734,15.30
1628,0078,55,0.0020221,4.02675e-02,4.38589e-02,6.81907e-03,0.966988,2.734,15.30
1629,0078,66,0.00252186,5.07201e-02,4.72206e-02,7.09450e-03,1.03154,2.734,15.30
1630,0078,77,0.00218196,4.15289e-02,4.67622e-02,6.95640e-03,0.778012,2.734,15.30
1631,0078,88,0.00228782,4.28975e-02,4.74538e-02,6.98692e-03,1.08921,2.734,15.30
1632,0078,99,0.00227535,4.45548e-02,4.67111e-02,7.37061e-03,1.08504,2.734,15.30
1633,0078,110,0.00204945,4.20830e-02,4.70117e-02,7.56252e-03,0.938421,2.735,15.30
1634,0078,121,0.0021991,4.17394e-02,4.89819e-02,8.11534e-03,1.20269,2.734,15.30
1635,0078,132,0.0020721,3.87694e-02,4.68236e-02,7.72942e-03,1.20911,2.734,15.30
1636,0094,0,0.00227715,3.64311e-02,4.50902e-02,6.08986e-03,0.972219,2.734,15.30
1637,0094,11,0.00222672,3.32421e-02,4.53763e-02,5.92464e-03,1.75067,2.734,15.30
1638,0094,22,0.00219648,3.60616e-02,4.29818e-02,5.44600e-03,1.47045,2.734,15.30
1639,0094,33,0.001972,3.33165e-02,4.05456e-02,5.40110e-03,1.48234,2.736,15.30
1640,0094,44,0.00214405,3.25853e-02,4.42421e-02,5.69431e-03,0.920655,2.736,15.30
1641,0094,55,0.00186723,3.12156e-02,4.14499e-02,5.58913e-03,1.18815,2.734,15.30
1642,0094,66,0.00199358,3.44698e-02,4.34962e-02,5.93949e-03,0.888603,2.734,15.30
1643,0094,77,0.00220561,3.82818e-02,4.54998e-02,6.27550e-03,1.22075,2.735,15.30
1644,0094,88,0.00209465,3.64985e-02,4.66009e-02,6.18572e-03,1.20342,2.734,15.30
1645,0094,99,0.0021374,3.70994e-02,4.93555e-02,6.52661e-03,1.2024,2.734,15.30
1646,0094,110,0.0018072,3.82290e-02,4.61844e-02,6.17896e-03,0.939402,2.734,15.30
1647,0094,121,0.00201687,3.85802e-02,4.93346e-02,6.62730e-03,1.28929,2.735,15.30
1648,0094,132,0.00224257,3.86021e-02,5.25225e-02,6.80810e-03,1.08807,2.734,15.30
1649,0094,143,0.00205991,4.61563e-02,4.46603e-02,6.36266e-03,1.06074,2.734,15.30
1650,0105,0,0.00194414,3.57055e-02,4.53553e-02,6.03976e-03,0.97055,2.734,15.30
1651,0105,11,0.0020138,3.88042e-02,4.62553e-02,6.47875e-03,0.993542,2.734,15.30
1652,0105,22,0.00168751,3.25440e-02,4.37871e-02,6.44827e-03,1.03899,2.734,15.30
1653,0105,33,0.00170934,3.45885e-02,4.23297e-02,6.27158e-03,0.967938,2.734,15.30
1654,0105,44,0.00192569,3.68372e-02,4.30198e-02,6.29791e-03,0.915546,2.734,15.30
1655,0105,55,0.001909,3.58222e-02,4.45372e-02,6.48538e-03,0.788292,2.734,15.30
1656,0105,66,0.00187475,3.53911e-02,4.38401e-02,6.46654e-03,0.998906,2.734,15.30
1657,0105,77,0.00161308,3.21935e-02,4.08253e-02,6.16141e-03,0.759993,2.734,15.30
1658,0105,88,0.00170014,3.64560e-02,4.22365e-02,6.23327e-03,1.04223,2.734,15.30
1659,0105,99,0.00171627,3.45520e-02,4.32698e-02,6.25486e-03,0.754598,2.735,15.30
1660,0105,110,0.00158859,3.21747e-02,4.16949e-02,6.34197e-03,0.764651,2.735,15.30
1661,0105,121,0.00153126,3.31769e-02,3.99090e-02,6.28509e-03,0.719782,2.734,15.30
1662,0105,132,0.00157404,3.33205e-02,4.17436e-02,6.35439e-03,0.959711,2.734,15.30
1663,0114,0,0.00241124,4.81364e-02,6.37342e-02,9.39416e-03,1.78092,2.735,15.30
1664,0114,11,0.00243387,4.58401e-02,6.43625e-02,1.02175e-02,1.54694,2.734,15.30
1665,0114,22,0.00223278,4.55827e-02,6.12192e-02,1.00591e-02,1.3522,2.734,15.30
1666,0114,33,0.00212153,4.38645e-02,5.97379e-02,9.90355e-03,1.28671,2.734,15.30
1667,0114,44,0.00196263,3.97565e-02,5.85548e-02,9.61510e-03,1.0163,2.734,15.30
1668,0114,55,0.00206418,3.94825e-02,6.09058e-02,9.29494e-03,1.29114,2.734,15.30
1669,0114,66,0.00200214,4.13468e-02,5.88914e-02,9.57310e-03,1.06667,2.735,15.30
1670,0114,77,0.0019441,3.95488e-02,5.87510e-02,9.26035e-03,1.18491,2.734,15.30
1671,0114,88,0.00193704,4.03261e-02,5.85044e-02,1.02048e-02,1.06012,2.735,15.30
1672,0114,99,0.00206287,4.42702e-02,6.08514e-02,9.38386e-03,1.3254,2.735,15.30
1673,0114,110,0.00196879,4.18466e-02,6.08964e-02,9.06695e-03,0.921094,2.736,15.30
1674,0114,121,0.00202523,4.46713e-02,6.05904e-02,9.40035e-03,1.38575,2.742,15.30
1675,0114,132,0.00195634,4.34937e-02,6.02977e-02,9.37195e-03,0.917659,2.744,15.30
1676,0144,0,0.00266073,4.56093e-02,5.36410e-02,6.19717e-03,1.71197,2.761,15.30
1677,0144,11,0.0025239,4.28132e-02,5.15091e-02,6.30439e-03,1.35134,2.735,15.30
1678,0144,22,0.00267268,4.66648e-02,5.27970e-02,6.78059e-03,1.21049,2.735,15.30
1679,0144,33,0.00225425,4.40047e-02,5.16942e-02,7.18618e-03,1.01507,2.734,15.30
1680,0144,44,0.00239702,4.31390e-02,5.55817e-02,7.39708e-03,1.1047,2.734,15.30
1681,0144,55,0.00221599,4.21598e-02,5.30106e-02,7.33437e-03,1.07101,2.734,15.30
1682,0144,66,0.0022187,4.23765e-02,5.33884e-02,7.66271e-03,1.02772,2.734,15.30
1683,0144,77,0.00244827,4.20940e-02,5.73802e-02,7.59037e-03,1.07713,2.734,15.30
1684,0144,88,0.00282615,4.80075e-02,5.81191e-02,6.91411e-03,1.21724,2.734,15.30
1685,0144,99,0.00316388,4.90374e-02,5.93247e-02,7.08124e-03,1.54741,2.735,15.30
1686,0144,110,0.00313814,4.97760e-02,5.68266e-02,6.75778e-03,1.7545,2.734,15.30
1687,0144,121,0.00303156,4.62391e-02,5.75719e-02,7.81917e-03,1.46663,2.735,15.30
1688,0144,132,0.00341523,5.40366e-02,6.03319e-02,8.39805e-03,1.79029,2.734,15.30
1689,0144,143,0.00284341,5.32968e-02,5.39681e-02,7.20225e-03,1.65747,2.734,15.30
1690,0144,154,0.00216572,4.99800e-02,4.46161e-02,6.40476e-03,2.04497,2.734,15.30
1691,0165,0,0.00185698,3.69195e-02,4.69609e-02,7.69407e-03,0.965272,2.734,15.30
1692,0165,11,0.00148235,3.38021e-02,4.09692e-02,6.75674e-03,0.796875,2.734,15.30
1693,0165,22,0.00157466,3.25643e-02,4.35354e-02,7.09034e-03,0.899541,2.734,15.30
1694,0165,33,0.00140036,2.91801e-02,4.12251e-02,6.50738e-03,0.77637,2.734,15.30
1695,0165,44,0.00147818,3.31190e-02,4.09852e-02,6.68530e-03,1.06004,2.735,15.30
1696,0165,55,0.00133916,2.88137e-02,4.04473e-02,6.81122e-03,0.635404,2.734,15.30
1697,0165,66,0.0014666,3.06477e-02,4.23280e-02,6.90483e-03,0.909568,2.734,15.30
1698,0165,77,0.00132451,2.89033e-02,4.04258e-02,6.82756e-03,0.636379,2.734,15.30
1699,0165,88,0.00138607,3.01409e-02,4.11894e-02,6.63201e-03,0.692167,2.735,15.30
1700,0165,99,0.00132948,2.96471e-02,4.06151e-02,6.34837e-03,0.514346,2.734,15.30
1701,0165,110,0.00126805,2.92157e-02,3.95001e-02,6.13776e-03,0.519089,2.734,15.30
1702,0165,121,0.00124154,2.87033e-02,3.92321e-02,6.09397e-03,0.52311,2.734,15.30
1703,0165,132,0.00127279,2.69806e-02,4.08171e-02,6.46499e-03,0.456915,2.734,15.30
1704,0177,0,0.00254073,4.54155e-02,5.60480e-02,6.81623e-03,1.3191,2.734,15.30
1705,0177,11,0.00233394,4.18491e-02,5.34666e-02,6.76421e-03,0.821562,2.734,15.30
1706,0177,22,0.00237669,4.16514e-02,5.43897e-02,6.93611e-03,0.963099,2.734,15.30
1707,0177,33,0.00231333,4.09362e-02,5.38172e-02,6.97653e-03,0.827146,2.735,15.30
1708,0177,44,0.00231233,4.09380e-02,5.37762e-02,7.15648e-03,0.759538,2.733,15.30
1709,0177,55,0.00226649,3.94512e-02,5.37831e-02,7.15679e-03,0.753098,2.734,15.30
1710,0177,66,0.00221993,3.89452e-02,5.23346e-02,6.93513e-03,0.705498,2.734,15.30
1711,0177,77,0.00216047,3.80230e-02,5.13872e-02,6.73007e-03,0.59699,2.734,15.30
1712,0177,88,0.00212336,3.65541e-02,5.04989e-02,6.63292e-03,0.59447,2.735,15.30
1713,0177,99,0.00210033,3.56051e-02,4.98809e-02,6.64122e-03,0.513863,2.734,15.30
1714,0177,110,0.00204991,3.53504e-02,4.86763e-02,6.50441e-03,0.503213,2.734,15.30
1715,0177,121,0.00207262,3.49799e-02,4.87655e-02,6.46918e-03,0.584645,2.735,15.30
1716,0177,132,0.00199047,3.40613e-02,4.78768e-02,6.47301e-03,0.432408,2.735,15.30
1717,0179,0,0.0020927,4.25572e-02,5.46091e-02,6.83850e-03,0.773204,2.734,15.30
1718,0179,11,0.00193986,4.30292e-02,5.22195e-02,6.60001e-03,0.878439,2.734,15.30
1719,0179,22,0.00194746,4.81781e-02,5.13792e-02,6.59152e-03,0.858853,2.734,15.30
1720,0179,33,0.00186037,4.25132e-02,5.17747e-02,6.55299e-03,1.14485,2.735,15.30
1721,0179,44,0.00187232,4.49723e-02,5.09930e-02,6.47524e-03,1.12616,2.734,15.30
1722,0179,55,0.00193068,4.75454e-02,5.02301e-02,6.40043e-03,1.33638,2.734,15.30
1723,0179,66,0.00198434,4.99620e-02,4.97212e-02,6.49659e-03,1.62288,2.734,15.30
1724,0179,77,0.00193433,4.30326e-02,5.03638e-02,6.67527e-03,0.951841,2.734,15.30
1725,0179,88,0.00197134,3.98593e-02,4.90312e-02,6.26794e-03,1.11317,2.734,15.30
1726,0179,99,0.00200343,4.18431e-02,4.90116e-02,6.25881e-03,1.20913,2.734,15.30
1727,0179,110,0.00182793,4.45029e-02,4.89089e-02,6.54825e-03,0.992654,2.734,15.30
1728,0179,121,0.00179408,4.47040e-02,4.91918e-02,6.68216e-03,1.38433,2.735,15.30
1729,0179,132,0.00178772,4.34887e-02,5.00630e-02,6.97931e-03,1.10578,2.734,15.30
1730,0286,0,0.00200748,4.85968e-02,4.95728e-02,6.75389e-03,1.25146,2.734,15.30
1731,0286,11,0.0019534,4.85759e-02,4.81066e-02,6.37673e-03,1.2526,2.734,15.30
1732,0286,22,0.00195268,4.67204e-02,4.91767e-02,6.43154e-03,1.32834,2.734,15.30
1733,0286,33,0.00191379,4.53885e-02,4.90895e-02,6.42423e-03,1.11687,2.735,15.30
1734,0286,44,0.00179584,4.33742e-02,4.73947e-02,6.46338e-03,0.81264,2.735,15.30
1735,0286,55,0.00185107,4.49824e-02,4.79526e-02,6.35263e-03,1.5077,2.735,15.30
1736,0286,66,0.00182024,4.48007e-02,4.71143e-02,6.39159e-03,0.8599,2.742,15.30
1737,0286,77,0.00180467,4.53547e-02,4.67248e-02,6.26049e-03,0.832731,2.739,15.30
1738,0286,88,0.00184724,4.51840e-02,4.74943e-02,6.31658e-03,0.948492,2.750,15.30
1739,0286,99,0.00176355,4.50780e-02,4.58645e-02,6.33606e-03,0.875806,2.747,15.30
1740,0286,110,0.00181076,4.69163e-02,4.62204e-02,6.43962e-03,0.99226,2.791,15.30
1741,0286,121,0.00172049,4.44160e-02,4.54753e-02,6.29494e-03,1.08641,2.746,15.30
1742,0286,132,0.00180748,4.73626e-02,4.55890e-02,6.29827e-03,1.50774,2.817,15.30
1743,0011,0,0.00171603,3.88048e-02,5.23158e-02,6.20838e-03,1.49739,2.927,15.30
1744,0011,11,0.00144404,3.50226e-02,4.77487e-02,6.14420e-03,0.847845,2.765,15.30
1745,0011,22,0.00153527,3.56749e-02,4.96112e-02,6.41877e-03,1.31792,2.755,15.30
1746,0011,33,0.00184275,4.14678e-02,5.20101e-02,6.36999e-03,0.996501,2.755,15.30
1747,0011,44,0.00194351,4.03077e-02,5.26471e-02,6.37935e-03,1.29588,2.818,15.30
1748,0011,55,0.00183815,3.94441e-02,5.14927e-02,6.83265e-03,1.13402,2.766,15.30
1749,0011,66,0.0017375,3.84125e-02,5.12145e-02,7.11836e-03,1.24471,2.778,15.30
1750,0011,77,0.00145934,3.58299e-02,4.76869e-02,6.80824e-03,0.696834,2.769,15.30
1751,0011,88,0.00157184,4.15685e-02,4.81313e-02,6.56806e-03,0.892716,2.765,15.30
1752,0011,99,0.00149897,4.08579e-02,4.63070e-02,6.52348e-03,0.773654,2.762,15.30
1753,0011,110,0.00128526,3.46514e-02,4.48756e-02,6.35780e-03,0.671264,2.753,15.30
1754,0011,121,0.00142114,3.61326e-02,4.80480e-02,6.62228e-03,0.606796,2.804,15.30
1755,0011,132,0.00150459,3.53729e-02,4.92739e-02,6.60977e-03,0.689252,2.738,15.30
1756,0011,143,0.00172954,4.33680e-02,4.89695e-02,6.91385e-03,0.834658,2.761,15.30
1757,0078,0,0.00172142,3.32618e-02,4.62043e-02,7.03157e-03,0.781712,2.775,15.30
1758,0078,11,0.00160276,3.12125e-02,4.39419e-02,6.75320e-03,0.634399,2.769,15.30
1759,0078,22,0.00161221,2.92772e-02,4.37872e-02,6.76247e-03,0.667551,2.808,15.30
1760,0078,33,0.00170325,3.28679e-02,4.32119e-02,6.50735e-03,0.750823,2.742,15.30
1761,0078,44,0.00159029,3.17779e-02,4.16780e-02,6.30773e-03,0.610493,2.743,15.30
1762,0078,55,0.00195868,3.98076e-02,4.30631e-02,6.71356e-03,0.830823,2.758,15.30
1763,0078,66,0.00249624,5.05594e-02,4.69221e-02,7.01437e-03,0.925856,2.761,15.30
1764,0078,77,0.00218239,4.13047e-02,4.68939e-02,6.95642e-03,0.815792,2.761,15.30
1765,0078,88,0.00225558,4.32517e-02,4.67499e-02,6.88742e-03,1.08176,2.800,15.30
1766,0078,99,0.00221533,4.39030e-02,4.61285e-02,7.26604e-03,1.12536,2.733,15.30
1767,0078,110,0.00201808,4.19720e-02,4.65346e-02,7.48700e-03,0.920529,2.732,15.30
1768,0078,121,0.00215864,4.08814e-02,4.88123e-02,7.87419e-03,1.28298,2.733,15.30
1769,0078,132,0.00204402,3.81802e-02,4.67140e-02,7.47333e-03,1.25703,2.734,15.30
1770,0094,0,0.00213348,3.40256e-02,4.42449e-02,5.93616e-03,0.797204,2.732,15.30
1771,0094,11,0.00217647,3.26836e-02,4.49487e-02,5.82826e-03,1.62087,2.734,15.30
1772,0094,22,0.00209927,3.49976e-02,4.21537e-02,5.32555e-03,1.32724,2.732,15.30
1773,0094,33,0.00180715,3.08362e-02,3.93287e-02,5.27888e-03,1.16217,2.733,15.30
1774,0094,44,0.00220319,3.30824e-02,4.48491e-02,5.61525e-03,1.25687,2.734,15.30
1775,0094,55,0.00182726,3.08609e-02,4.09985e-02,5.61485e-03,0.946236,2.796,15.30
1776,0094,66,0.00193515,3.40328e-02,4.28101e-02,5.90136e-03,0.798299,2.734,15.30
1777,0094,77,0.00219192,3.82612e-02,4.53109e-02,6.22839e-03,1.16374,2.734,15.30
1778,0094,88,0.00201881,3.52139e-02,4.60486e-02,6.07311e-03,0.865342,2.735,15.30
1779,0094,99,0.00205355,3.67038e-02,4.82319e-02,6.30423e-03,0.949659,2.733,15.30
1780,0094,110,0.00177434,3.75730e-02,4.59169e-02,6.13446e-03,0.859957,2.734,15.30
1781,0094,121,0.00194052,3.67353e-02,4.89113e-02,6.55128e-03,1.17102,2.734,15.30
1782,0094,132,0.00218803,3.81020e-02,5.19048e-02,6.64677e-03,0.895473,2.734,15.30
1783,0094,143,0.00204942,4.54393e-02,4.49197e-02,6.39926e-03,1.02316,2.733,15.30
1784,0105,0,0.00189145,3.44195e-02,4.51064e-02,6.04524e-03,0.756786,2.733,15.30
1785,0105,11,0.00204875,3.88309e-02,4.68221e-02,6.49209e-03,1.30287,2.732,15.30
1786,0105,22,0.00170774,3.34504e-02,4.37080e-02,6.52801e-03,1.10778,2.732,15.30
1787,0105,33,0.00171334,3.51227e-02,4.21196e-02,6.31541e-03,1.06409,2.732,15.30
1788,0105,44,0.00198477,3.78797e-02,4.34262e-02,6.33994e-03,0.994899,2.732,15.30
1789,0105,55,0.00192227,3.60512e-02,4.46625e-02,6.37615e-03,0.982554,2.732,15.30
1790,0105,66,0.00196736,3.74220e-02,4.43469e-02,6.41629e-03,1.34458,2.733,15.30
1791,0105,77,0.00174496,3.48085e-02,4.18423e-02,6.15050e-03,1.24391,2.733,15.30
1792,0105,88,0.00167443,3.51028e-02,4.24639e-02,6.29000e-03,0.893788,2.733,15.30
1793,0105,99,0.00173957,3.46370e-02,4.36383e-02,6.28427e-03,0.89921,2.732,15.30
1794,0105,110,0.00164186,3.37280e-02,4.19094e-02,6.34110e-03,0.900218,2.733,15.30
1795,0105,121,0.00155655,3.35080e-02,4.01979e-02,6.38468e-03,0.84196,2.733,15.30
1796,0105,132,0.00157927,3.40206e-02,4.14886e-02,6.37240e-03,0.995327,2.733,15.30
1797,0114,0,0.00244594,4.86494e-02,6.41256e-02,9.38908e-03,1.85943,2.732,15.30
1798,0114,11,0.00231446,4.41442e-02,6.29894e-02,1.00510e-02,1.05151,2.733,15.30
1799,0114,22,0.00215551,4.51397e-02,6.00406e-02,9.61085e-03,1.27952,2.732,15.30
1800,0114,33,0.0020458,4.30431e-02,5.86706e-02,9.75362e-03,0.992265,2.732,15.30
1801,0114,44,0.0019568,3.94936e-02,5.86219e-02,9.24936e-03,1.18911,2.734,15.30
1802,0114,55,0.00204668,4.00458e-02,6.03842e-02,9.06935e-03,1.10684,2.735,15.30
1803,0114,66,0.00194664,4.07959e-02,5.80856e-02,9.29826e-03,1.02552,2.733,15.30
1804,0114,77,0.00193837,3.98234e-02,5.84313e-02,9.72366e-03,1.0907,2.745,15.30
1805,0114,88,0.0019351,4.05576e-02,5.83725e-02,1.01750e-02,1.03237,2.736,15.30
1806,0114,99,0.00196215,4.16800e-02,6.00040e-02,9.12334e-03,1.04424,2.738,15.30
1807,0114,110,0.00194982,4.11954e-02,6.07869e-02,9.04139e-03,0.964272,2.751,15.30
1808,0114,121,0.00198756,4.32757e-02,6.04730e-02,9.24360e-03,1.24768,2.737,15.30
1809,0114,132,0.00189567,4.16326e-02,5.99279e-02,8.90548e-03,0.87221,2.782,15.30
1810,0144,0,0.0025846,4.31836e-02,5.37430e-02,6.31423e-03,1.76779,2.811,15.30
1811,0144,11,0.00240576,4.05646e-02,5.08761e-02,6.41300e-03,1.11972,2.758,15.30
1812,0144,22,0.00255996,4.54790e-02,5.17861e-02,6.56964e-03,1.06758,2.733,15.30
1813,0144,33,0.00220149,4.32378e-02,5.12571e-02,6.85262e-03,0.872895,2.733,15.30
1814,0144,44,0.00228149,4.16761e-02,5.44351e-02,7.13116e-03,0.985727,2.733,15.30
1815,0144,55,0.00213887,4.04838e-02,5.25406e-02,7.17181e-03,0.966,2.732,15.30
1816,0144,66,0.00212867,4.06806e-02,5.27108e-02,7.42896e-03,1.08731,2.733,15.30
1817,0144,77,0.00238866,4.11178e-02,5.68940e-02,7.43396e-03,0.989074,2.734,15.30
1818,0144,88,0.00279924,4.72678e-02,5.80920e-02,6.90957e-03,1.28757,2.733,15.30
1819,0144,99,0.00311964,4.82203e-02,5.91333e-02,7.13031e-03,1.51005,2.733,15.30
1820,0144,110,0.00313119,4.94549e-02,5.69358e-02,6.55590e-03,1.89003,2.733,15.30
1821,0144,121,0.00321091,4.84886e-02,5.87849e-02,8.13398e-03,1.64235,2.732,15.30
1822,0144,132,0.003256,5.15444e-02,5.95757e-02,8.15266e-03,1.56814,2.733,15.30
1823,0144,143,0.00283864,5.17690e-02,5.47816e-02,7.36181e-03,1.58771,2.733,15.30
1824,0144,154,0.00196503,4.67647e-02,4.30540e-02,6.24719e-03,1.40738,2.733,15.30
1825,0165,0,0.0019875,3.83705e-02,4.85512e-02,7.67985e-03,1.54028,2.734,15.30
1826,0165,11,0.00169519,3.90942e-02,4.22542e-02,6.92242e-03,1.08207,2.735,15.30
1827,0165,22,0.0016723,3.41490e-02,4.45718e-02,7.36673e-03,1.00256,2.734,15.30
1828,0165,33,0.00146074,3.09483e-02,4.15983e-02,6.55499e-03,0.747839,2.733,15.30
1829,0165,44,0.00157693,3.42844e-02,4.23328e-02,6.70104e-03,1.36966,2.734,15.30
1830,0165,55,0.00144507,3.07394e-02,4.16838e-02,6.90004e-03,0.81058,2.735,15.30
1831,0165,66,0.00155212,3.16467e-02,4.35074e-02,7.01916e-03,1.15805,2.734,15.30
1832,0165,77,0.0014281,3.03642e-02,4.18090e-02,7.13166e-03,0.821158,2.733,15.30
1833,0165,88,0.0015145,3.20314e-02,4.27865e-02,7.06132e-03,1.01816,2.733,15.30
1834,0165,99,0.00138792,3.04609e-02,4.14000e-02,6.59397e-03,0.635808,2.732,15.30
1835,0165,110,0.00134149,3.00230e-02,4.06475e-02,6.27423e-03,0.817147,2.735,15.30
1836,0165,121,0.00131836,2.98657e-02,4.03202e-02,6.14753e-03,0.766287,2.734,15.30
1837,0165,132,0.00134229,2.82451e-02,4.17187e-02,6.49102e-03,0.774578,2.734,15.30
1838,0177,0,0.00266236,4.75713e-02,5.68521e-02,6.84686e-03,1.61974,2.733,15.30
1839,0177,11,0.0024899,4.38296e-02,5.49510e-02,6.86524e-03,1.27679,2.733,15.30
1840,0177,22,0.0024742,4.25363e-02,5.54934e-02,6.96278e-03,1.2124,2.735,15.30
1841,0177,33,0.00240257,4.22527e-02,5.46034e-02,7.05500e-03,1.04799,2.733,15.30
1842,0177,44,0.00240357,4.25341e-02,5.44778e-02,7.12738e-03,1.06754,2.733,15.30
1843,0177,55,0.00228901,3.98429e-02,5.39827e-02,7.05754e-03,0.784137,2.732,15.30
1844,0177,66,0.00228101,3.99234e-02,5.28623e-02,6.91626e-03,0.980691,2.733,15.30
1845,0177,77,0.0021957,3.85750e-02,5.16969e-02,6.76352e-03,0.666904,2.733,15.30
1846,0177,88,0.00215733,3.70222e-02,5.08325e-02,6.61939e-03,0.777418,2.736,15.30
1847,0177,99,0.00211122,3.59161e-02,4.99178e-02,6.62922e-03,0.64367,2.733,15.30
1848,0177,110,0.00211932,3.70218e-02,4.90112e-02,6.53941e-03,0.725736,2.733,15.30
1849,0177,121,0.00204705,3.44700e-02,4.85942e-02,6.42353e-03,0.521797,2.732,15.30
1850,0177,132,0.00203442,3.46906e-02,4.82970e-02,6.49827e-03,0.620058,2.733,15.30
1851,0179,0,0.00209175,4.24648e-02,5.46364e-02,6.83198e-03,0.892218,2.736,15.30
1852,0179,11,0.00204794,4.48519e-02,5.33530e-02,6.63670e-03,1.36898,2.733,15.30
1853,0179,22,0.00201431,4.97058e-02,5.18649e-02,6.58511e-03,1.07032,2.734,15.30
1854,0179,33,0.00188241,4.27538e-02,5.20939e-02,6.53889e-03,1.11162,2.733,15.30
1855,0179,44,0.00199744,4.76036e-02,5.20624e-02,6.54077e-03,1.59618,2.733,15.30
1856,0179,55,0.00189743,4.81150e-02,4.92115e-02,6.39782e-03,0.92903,2.733,15.30
1857,0179,66,0.00198376,4.97235e-02,4.98461e-02,6.55231e-03,1.57228,2.733,15.30
1858,0179,77,0.00205753,4.55921e-02,5.13153e-02,6.79797e-03,1.51046,2.733,15.30
1859,0179,88,0.00194411,3.88172e-02,4.90452e-02,6.35080e-03,1.04585,2.735,15.30
1860,0179,99,0.00201761,4.20090e-02,4.91705e-02,6.31262e-03,1.14674,2.733,15.30
1861,0179,110,0.00188326,4.52556e-02,4.96205e-02,6.49877e-03,1.27538,2.733,15.30
1862,0179,121,0.00177775,4.50399e-02,4.86788e-02,6.57010e-03,1.19593,2.732,15.30
1863,0179,132,0.0018061,4.37414e-02,5.03181e-02,6.93135e-03,1.29819,2.733,15.30
1864,0286,0,0.00205966,4.91507e-02,5.02512e-02,6.87638e-03,1.64166,2.733,15.30
1865,0286,11,0.0019838,4.94225e-02,4.81859e-02,6.43038e-03,1.18572,2.733,15.30
1866,0286,22,0.00184003,4.48626e-02,4.80067e-02,6.32950e-03,0.692767,2.733,15.30
1867,0286,33,0.00193144,4.52919e-02,4.95105e-02,6.30498e-03,1.28078,2.735,15.30
1868,0286,44,0.00181366,4.34614e-02,4.77222e-02,6.36327e-03,0.989669,2.734,15.30
1869,0286,55,0.00175725,4.30705e-02,4.71254e-02,6.35322e-03,1.03465,2.734,15.30
1870,0286,66,0.00182295,4.49072e-02,4.71083e-02,6.38526e-03,1.03036,2.734,15.30
1871,0286,77,0.00183563,4.59069e-02,4.70198e-02,6.34853e-03,1.13395,2.733,15.30
1872,0286,88,0.00179257,4.42821e-02,4.69093e-02,6.28439e-03,0.739347,2.734,15.30
1873,0286,99,0.00174656,4.47618e-02,4.57067e-02,6.28105e-03,0.698664,2.734,15.30
1874,0286,110,0.00176402,4.55988e-02,4.60510e-02,6.38206e-03,0.916075,2.734,15.30
1875,0286,121,0.00174683,4.44946e-02,4.59944e-02,6.24504e-03,1.55627,2.743,15.30
1876,0286,132,0.00177158,4.64201e-02,4.54200e-02,6.30668e-03,1.27623,2.737,15.30
1877,0011,0,0.00172127,4.00145e-02,5.18786e-02,6.12702e-03,1.42872,2.735,15.30
1878,0011,11,0.001456,3.56876e-02,4.77324e-02,6.02603e-03,1.04913,2.742,15.30
1879,0011,22,0.00153094,3.53061e-02,4.96811e-02,6.40160e-03,1.25526,2.767,15.30
1880,0011,33,0.00189143,4.14533e-02,5.29631e-02,6.43427e-03,1.12664,2.734,15.30
1881,0011,44,0.00201343,4.10017e-02,5.36121e-02,6.39041e-03,1.42838,2.735,15.30
1882,0011,55,0.00175223,3.67047e-02,5.11070e-02,6.59000e-03,0.949649,2.733,15.30
1883,0011,66,0.00171605,3.80089e-02,5.09961e-02,6.93502e-03,1.30233,2.733,15.30
1884,0011,77,0.00151656,3.73082e-02,4.82563e-02,6.90302e-03,0.857037,2.732,15.30
1885,0011,88,0.00153249,4.07462e-02,4.76735e-02,6.53199e-03,0.938299,2.733,15.30
1886,0011,99,0.00149127,4.09281e-02,4.60960e-02,6.49081e-03,0.775446,2.732,15.30
1887,0011,110,0.00132094,3.60069e-02,4.50886e-02,6.36345e-03,0.856958,2.734,15.30
1888,0011,121,0.00137459,3.50583e-02,4.74687e-02,6.51872e-03,0.506576,2.733,15.30
1889,0011,132,0.00153543,3.65279e-02,4.94312e-02,6.63486e-03,0.819729,2.734,15.30
1890,0011,143,0.00173458,4.34802e-02,4.90108e-02,6.94374e-03,0.903272,2.733,15.30
1891,0078,0,0.00172092,3.36660e-02,4.60322e-02,6.92284e-03,0.791402,2.734,15.30
1892,0078,11,0.0016305,3.17842e-02,4.41927e-02,6.77013e-03,0.592807,2.734,15.30
1893,0078,22,0.00167878,3.05227e-02,4.44190e-02,6.83788e-03,0.709384,2.733,15.30
1894,0078,33,0.00175374,3.40169e-02,4.35238e-02,6.61602e-03,0.729416,2.734,15.30
1895,0078,44,0.0016229,3.23838e-02,4.19718e-02,6.35164e-03,0.637618,2.735,15.30
1896,0078,55,0.0019852,4.03152e-02,4.32206e-02,6.72630e-03,0.870286,2.735,15.30
1897,0078,66,0.0025215,5.06386e-02,4.72852e-02,7.00916e-03,0.984321,2.735,15.30
1898,0078,77,0.00218582,4.09472e-02,4.71320e-02,7.03563e-03,0.822294,2.735,15.30
1899,0078,88,0.00227789,4.32615e-02,4.70791e-02,7.02739e-03,1.06337,2.735,15.30
1900,0078,99,0.00229236,4.49524e-02,4.67416e-02,7.41958e-03,1.30379,2.735,15.30
1901,0078,110,0.0020905,4.30889e-02,4.71386e-02,7.68604e-03,1.05377,2.735,15.30
1902,0078,121,0.00219782,4.16430e-02,4.90254e-02,8.04859e-03,1.29493,2.736,15.30
1903,0078,132,0.00214671,3.92781e-02,4.77768e-02,7.75365e-03,1.45625,2.734,15.30
1904,0094,0,0.00220471,3.52225e-02,4.46726e-02,6.02168e-03,0.900694,2.734,15.30
1905,0094,11,0.00225658,3.35350e-02,4.56521e-02,5.93284e-03,1.82145,2.733,15.30
1906,0094,22,0.00222417,3.62049e-02,4.32981e-02,5.46316e-03,1.60846,2.733,15.30
1907,0094,33,0.00194515,3.32313e-02,4.01979e-02,5.34564e-03,1.3785,2.733,15.30
1908,0094,44,0.00210491,3.19493e-02,4.39916e-02,5.63705e-03,0.870342,2.733,15.30
1909,0094,55,0.00183023,3.04557e-02,4.12343e-02,5.60703e-03,0.99178,2.732,15.30
1910,0094,66,0.00195476,3.44772e-02,4.28893e-02,5.93714e-03,0.741269,2.733,15.30
1911,0094,77,0.00225384,3.91705e-02,4.57383e-02,6.36787e-03,1.25944,2.733,15.30
1912,0094,88,0.00204625,3.55048e-02,4.63242e-02,6.18350e-03,1.0547,2.732,15.30
1913,0094,99,0.0021704,3.79758e-02,4.94711e-02,6.47001e-03,1.26563,2.733,15.30
1914,0094,110,0.00185414,3.90232e-02,4.66421e-02,6.15497e-03,1.16264,2.732,15.30
1915,0094,121,0.00202358,3.87581e-02,4.93628e-02,6.62852e-03,1.29821,2.733,15.30
1916,0094,132,0.00225155,3.91624e-02,5.24035e-02,6.82104e-03,1.12697,2.733,15.30
1917,0094,143,0.00213087,4.80938e-02,4.46845e-02,6.36755e-03,1.18841,2.733,15.30
1918,0105,0,0.00194787,3.57439e-02,4.54106e-02,5.95906e-03,0.947791,2.732,15.30
1919,0105,11,0.00198896,3.81743e-02,4.61796e-02,6.38746e-03,0.962076,2.796,15.30
1920,0105,22,0.00172531,3.35129e-02,4.40006e-02,6.46930e-03,1.13337,2.734,15.30
1921,0105,33,0.00165047,3.29860e-02,4.20762e-02,6.25073e-03,0.818759,2.734,15.30
1922,0105,44,0.00190509,3.64139e-02,4.29166e-02,6.21813e-03,0.889865,2.733,15.30
1923,0105,55,0.00194665,3.63611e-02,4.48789e-02,6.55610e-03,0.972366,2.732,15.30
1924,0105,66,0.00192872,3.69025e-02,4.39632e-02,6.49151e-03,1.1522,2.734,15.30
1925,0105,77,0.00163496,3.27796e-02,4.09341e-02,6.12328e-03,0.918281,2.735,15.30
1926,0105,88,0.00160472,3.40066e-02,4.17531e-02,6.16002e-03,0.806172,2.733,15.30
1927,0105,99,0.00168749,3.37991e-02,4.31428e-02,6.14263e-03,0.75024,2.736,15.30
1928,0105,110,0.00157444,3.22550e-02,4.14123e-02,6.25277e-03,0.719901,2.734,15.30
1929,0105,121,0.00156523,3.39352e-02,4.01381e-02,6.38982e-03,0.847289,2.733,15.30
1930,0105,132,0.0015303,3.28705e-02,4.11446e-02,6.30275e-03,0.875316,2.732,15.30
1931,0114,0,0.00240318,4.80802e-02,6.36360e-02,9.26634e-03,1.78144,2.732,15.30
1932,0114,11,0.00229331,4.39260e-02,6.27343e-02,9.86523e-03,1.05896,2.733,15.30
1933,0114,22,0.00216395,4.54881e-02,6.00557e-02,9.53055e-03,1.34471,2.732,15.30
1934,0114,33,0.00202469,4.25634e-02,5.84944e-02,9.64775e-03,0.906678,2.733,15.30
1935,0114,44,0.00190342,3.83926e-02,5.80595e-02,9.06496e-03,1.05197,2.734,15.30
1936,0114,55,0.00201737,3.95917e-02,6.00098e-02,9.05135e-03,1.09421,2.732,15.30
1937,0114,66,0.00189184,3.98523e-02,5.74423e-02,9.05069e-03,0.872795,2.733,15.30
1938,0114,77,0.00191706,3.91313e-02,5.82909e-02,9.75148e-03,1.02253,2.733,15.30
1939,0114,88,0.00189986,4.01499e-02,5.78747e-02,9.98444e-03,0.981422,2.739,15.30
1940,0114,99,0.00192225,4.06832e-02,5.96287e-02,9.04396e-03,0.902484,2.735,15.30
1941,0114,110,0.00190422,4.04716e-02,6.01712e-02,8.93315e-03,0.823109,2.736,15.30
1942,0114,121,0.00198241,4.26799e-02,6.06246e-02,9.25949e-03,1.2153,2.739,15.30
1943,0114,132,0.00186864,4.09513e-02,5.96516e-02,8.90015e-03,0.800499,2.745,15.30
1944,0144,0,0.00254453,4.21277e-02,5.36836e-02,6.22793e-03,1.69636,2.734,15.30
1945,0144,11,0.00240524,4.06652e-02,5.08204e-02,6.39888e-03,1.1471,2.734,15.30
1946,0144,22,0.00251625,4.50402e-02,5.13701e-02,6.50356e-03,0.993784,2.732,15.30
1947,0144,33,0.00221553,4.35161e-02,5.13561e-02,6.81763e-03,0.882885,2.733,15.30
1948,0144,44,0.00225005,4.13798e-02,5.40648e-02,7.06703e-03,0.880008,2.733,15.30
1949,0144,55,0.00214936,4.07227e-02,5.26039e-02,7.18028e-03,0.992107,2.733,15.30
1950,0144,66,0.00210577,4.02797e-02,5.25143e-02,7.38453e-03,1.01156,2.732,15.30
1951,0144,77,0.00235298,4.07455e-02,5.65007e-02,7.34916e-03,0.916177,2.732,15.30
1952,0144,88,0.00286517,4.83089e-02,5.85235e-02,7.03119e-03,1.34137,2.732,15.30
1953,0144,99,0.00324588,4.95612e-02,6.01217e-02,7.32007e-03,1.62241,2.732,15.30
1954,0144,110,0.00310997,4.91279e-02,5.68289e-02,6.52927e-03,1.84208,2.733,15.30
1955,0144,121,0.00339968,5.05750e-02,6.01302e-02,8.42326e-03,1.94386,2.732,15.30
1956,0144,132,0.0034325,5.21551e-02,6.15241e-02,8.66482e-03,1.51187,2.732,15.30
1957,0144,143,0.00292269,5.32384e-02,5.51771e-02,7.41645e-03,1.72389,2.732,15.30
1958,0144,154,0.00205192,4.82607e-02,4.36920e-02,6.26952e-03,1.58702,2.733,15.30
1959,0165,0,0.00207296,3.93208e-02,4.94886e-02,7.99104e-03,1.60754,2.732,15.30
1960,0165,11,0.00179158,4.05352e-02,4.32175e-02,7.21386e-03,1.14895,2.733,15.30
1961,0165,22,0.00192983,3.84856e-02,4.69927e-02,7.86621e-03,1.24845,2.732,15.30
1962,0165,33,0.00161066,3.29370e-02,4.34641e-02,6.92968e-03,1.09919,2.733,15.30
1963,0165,44,0.00161107,3.44253e-02,4.28956e-02,6.81876e-03,1.31512,2.732,15.30
1964,0165,55,0.00163911,3.42940e-02,4.36939e-02,7.12779e-03,1.24473,2.732,15.30
1965,0165,66,0.00158601,3.15803e-02,4.41305e-02,7.27013e-03,0.986962,2.733,15.30
1966,0165,77,0.00141703,3.00963e-02,4.16766e-02,7.28551e-03,0.769405,2.733,15.30
1967,0165,88,0.00160345,3.38225e-02,4.36087e-02,7.28681e-03,1.10593,2.734,15.30
1968,0165,99,0.00140785,3.10699e-02,4.14883e-02,6.77394e-03,0.501669,2.733,15.30
1969,0165,110,0.00139666,3.08660e-02,4.13470e-02,6.50764e-03,0.961801,2.733,15.30
1970,0165,121,0.00132528,2.98263e-02,4.04546e-02,6.29912e-03,0.59457,2.732,15.30
1971,0165,132,0.0014368,3.02174e-02,4.27332e-02,6.69388e-03,0.974358,2.733,15.30
1972,0177,0,0.00274511,4.77405e-02,5.79911e-02,7.10499e-03,1.70505,2.733,15.30
1973,0177,11,0.00250043,4.40997e-02,5.49733e-02,6.92700e-03,1.23196,2.733,15.30
1974,0177,22,0.00254752,4.29949e-02,5.63859e-02,7.07653e-03,1.29981,2.732,15.30
1975,0177,33,0.00243737,4.24721e-02,5.50312e-02,7.14769e-03,1.09712,2.733,15.30
1976,0177,44,0.00243241,4.29656e-02,5.47129e-02,7.20678e-03,1.07169,2.732,15.30
1977,0177,55,0.00232857,4.08748e-02,5.41338e-02,7.10415e-03,0.864037,2.732,15.30
1978,0177,66,0.00230858,3.99286e-02,5.32895e-02,6.95849e-03,1.02017,2.733,15.30
1979,0177,77,0.00225,3.95308e-02,5.21021e-02,6.89187e-03,0.786409,2.732,15.30
1980,0177,88,0.00218569,3.72525e-02,5.11559e-02,6.75859e-03,0.823006,2.732,15.30
1981,0177,99,0.00213827,3.64313e-02,5.01118e-02,6.65260e-03,0.70367,2.733,15.30
1982,0177,110,0.00215676,3.74603e-02,4.93954e-02,6.55961e-03,0.790147,2.733,15.30
1983,0177,121,0.00205435,3.46259e-02,4.86410e-02,6.42420e-03,0.522418,2.732,15.30
1984,0177,132,0.00204706,3.47163e-02,4.84802e-02,6.53643e-03,0.687855,2.732,15.30
1985,0179,0,0.00212755,4.28738e-02,5.50862e-02,6.84718e-03,1.05089,2.732,15.30
1986,0179,11,0.00211607,4.58091e-02,5.41305e-02,6.68909e-03,1.59182,2.733,15.30
1987,0179,22,0.00214574,5.24020e-02,5.28992e-02,6.67172e-03,1.49533,2.735,15.30
1988,0179,33,0.00192264,4.36112e-02,5.24421e-02,6.62093e-03,1.62733,2.732,15.30
1989,0179,44,0.00216472,5.03941e-02,5.37538e-02,6.63297e-03,1.7358,2.732,15.30
1990,0179,55,0.0020525,5.19503e-02,5.00473e-02,6.41117e-03,1.31495,2.733,15.30
1991,0179,66,0.00220423,5.23290e-02,5.26405e-02,6.60892e-03,2.73038,2.734,15.30
1992,0179,77,0.0025212,5.40781e-02,5.48468e-02,6.89101e-03,2.62287,2.732,15.30
1993,0179,88,0.002063,4.16235e-02,4.97210e-02,6.48768e-03,1.43739,2.732,15.30
1994,0179,99,0.00206624,4.18711e-02,5.00881e-02,6.39467e-03,1.32062,2.732,15.30
1995,0179,110,0.00207738,4.94728e-02,5.10471e-02,6.54988e-03,1.56227,2.733,15.30
1996,0179,121,0.00177529,4.57812e-02,4.82342e-02,6.37505e-03,0.997224,2.732,15.30
1997,0179,132,0.00194408,4.74666e-02,5.11303e-02,6.80150e-03,1.84405,2.733,15.30
1998,0286,0,0.00236542,5.47515e-02,5.26172e-02,7.07789e-03,1.93499,2.733,15.30
1999,0286,11,0.00204811,4.82585e-02,5.01227e-02,6.71791e-03,1.3415,2.733,15.30
2000,0286,22,0.00211889,5.03208e-02,5.02704e-02,6.49753e-03,1.74776,2.733,15.30
