step,clip,win_start,sig_idx,sigma,loss,kept,grad_norm_preclip,step_s,peak_alloc_GiB
1,0173,44,3,30.99,0.120748,0.6291,0.3226,1.406,15.20
2,0290,88,2,102.9,0.289683,0.5872,1.1645,1.008,15.22
3,0229,88,2,102.9,0.184714,0.6939,0.7666,1.008,15.22
4,0167,0,7,0.002,0.994065,0.3135,0.5192,1.011,15.22
5,0055,132,3,30.99,0.165337,0.3209,0.4138,1.007,15.22
6,0079,88,7,0.002,0.996762,0.4342,0.1592,1.004,15.22
7,0298,0,3,30.99,0.278985,0.4885,0.7536,1.009,15.22
8,0131,44,6,0.09739,0.476984,0.6799,0.2024,1.012,15.22
9,0089,0,1,286.5,0.063890,0.3553,0.1817,1.015,15.22
10,0223,88,0,700,0.248129,0.5206,0.8061,1.010,15.22
11,0250,0,0,700,0.158416,0.9244,0.5975,1.024,15.22
12,0139,44,0,700,0.172745,0.4304,1.2531,1.030,15.22
13,0157,0,2,102.9,0.179828,0.3827,0.3807,1.024,15.22
14,0254,44,2,102.9,0.177048,0.6129,0.6239,1.023,15.22
15,0037,88,7,0.002,0.988825,0.3424,0.3033,1.025,15.22
16,0084,88,4,7.276,0.142321,0.4375,0.1199,1.028,15.22
17,0296,0,6,0.09739,0.449689,0.5289,0.1787,1.027,15.22
18,0263,44,6,0.09739,0.433795,0.7244,0.1900,1.031,15.22
19,0284,132,0,700,0.238333,0.8192,0.5773,1.024,15.22
20,0021,44,3,30.99,0.174991,0.5684,0.4356,1.022,15.22
21,0028,0,6,0.09739,0.478508,0.4197,0.2300,1.020,15.22
22,0181,0,7,0.002,0.988091,0.9712,0.3597,1.027,15.22
23,0117,0,3,30.99,0.183179,0.5793,0.5269,1.022,15.22
24,0227,88,7,0.002,1.003437,0.5494,0.0874,1.024,15.22
25,0065,88,6,0.09739,0.447174,0.5829,0.2275,1.023,15.22
26,0252,88,6,0.09739,0.415716,0.3241,0.2289,1.025,15.22
27,0034,88,0,700,0.175566,0.7296,0.3888,1.026,15.22
28,0111,88,5,1.168,0.135949,0.2956,0.2452,1.028,15.22
29,0093,0,4,7.276,0.203694,0.5376,0.2615,1.050,15.22
30,0191,44,6,0.09739,0.414183,0.9522,0.2334,1.036,15.22
31,0112,88,5,1.168,0.104755,0.6358,0.1741,1.026,15.22
32,0279,132,0,700,0.131250,0.3061,0.4459,1.028,15.22
33,0081,132,7,0.002,0.993557,0.3638,0.1541,1.035,15.22
34,0046,0,2,102.9,0.154601,0.8422,0.2457,1.031,15.22
35,0199,132,5,1.168,0.102290,0.5190,0.1868,1.029,15.22
36,0180,0,5,1.168,0.105699,0.3485,0.1942,1.034,15.22
37,0148,44,3,30.99,0.075730,0.4384,0.0959,1.035,15.22
38,0270,0,0,700,0.252442,0.4083,0.5932,1.033,15.22
39,0166,44,3,30.99,0.175269,0.6033,0.7376,1.036,15.22
40,0010,44,3,30.99,0.106202,0.5171,0.4480,1.031,15.22
41,0066,88,2,102.9,0.143224,0.6338,0.5128,1.034,15.22
42,0207,132,2,102.9,0.273527,0.5342,0.8648,1.037,15.22
43,0211,0,1,286.5,0.291024,0.4366,0.9310,1.041,15.22
44,0277,132,3,30.99,0.149070,0.4442,0.4372,1.036,15.22
45,0175,0,4,7.276,0.139830,0.6655,0.3054,1.032,15.22
46,0134,0,2,102.9,0.118734,0.5558,0.4104,1.039,15.22
47,0027,132,7,0.002,1.000321,0.9092,0.0721,1.043,15.22
48,0299,132,3,30.99,0.232229,0.4558,0.5191,1.030,15.22
49,0045,44,3,30.99,0.055113,0.4260,0.2161,1.028,15.22
50,0228,88,3,30.99,0.182700,0.6315,0.4309,1.041,15.22
51,0012,132,5,1.168,0.137692,0.5537,0.1568,1.028,15.22
52,0033,132,4,7.276,0.150178,0.3755,0.6446,1.039,15.22
53,0030,0,7,0.002,0.996059,0.8135,0.1060,1.042,15.22
54,0051,0,3,30.99,0.174278,0.5042,0.6385,1.041,15.22
55,0044,88,1,286.5,0.108635,0.3239,0.2202,1.043,15.22
56,0043,132,4,7.276,0.069554,0.3846,0.1021,1.038,15.22
57,0201,0,2,102.9,0.252523,0.6788,0.5648,1.048,15.22
58,0160,44,5,1.168,0.112666,0.4429,0.2529,1.066,15.22
59,0035,132,5,1.168,0.083034,0.3843,0.1725,1.042,15.22
60,0241,88,2,102.9,0.493485,0.4866,1.7463,1.035,15.22
61,0006,88,6,0.09739,0.476820,0.5526,0.2074,1.029,15.22
62,0029,88,3,30.99,0.092788,0.6944,0.1905,1.042,15.22
63,0104,132,0,700,0.115517,0.7795,0.3571,1.043,15.22
64,0059,44,5,1.168,0.095982,0.2922,0.1724,1.038,15.22
65,0153,0,7,0.002,1.001136,0.3884,0.0846,1.051,15.22
66,0190,0,1,286.5,0.219129,0.8888,0.9748,1.039,15.22
67,0118,88,4,7.276,0.243942,0.3745,0.7311,1.033,15.22
68,0285,0,0,700,0.194099,0.7087,0.5473,1.027,15.22
69,0213,132,2,102.9,0.172436,0.4442,0.3367,1.037,15.22
70,0309,0,2,102.9,0.173731,0.4225,0.2651,1.043,15.22
71,0146,0,4,7.276,0.079101,0.2763,0.2200,1.031,15.22
72,0300,132,7,0.002,0.997773,0.5091,0.0569,1.029,15.22
73,0192,0,3,30.99,0.191058,0.2771,0.5464,1.034,15.22
74,0226,88,3,30.99,0.196101,0.5850,0.6357,1.035,15.22
75,0109,88,6,0.09739,0.367834,0.5632,0.2207,1.052,15.22
76,0017,44,7,0.002,0.999430,0.6837,0.1172,1.036,15.22
77,0174,44,0,700,0.159547,0.4863,0.3918,1.025,15.22
78,0014,44,2,102.9,0.166960,0.4328,0.4867,1.027,15.22
79,0108,44,5,1.168,0.100159,0.8203,0.1874,1.045,15.22
80,0176,44,6,0.09739,0.344765,0.3987,0.3261,1.037,15.22
81,0230,88,7,0.002,0.995230,0.4327,0.0656,1.032,15.22
82,0289,0,3,30.99,0.199434,0.5508,0.4618,1.035,15.22
83,0217,0,6,0.09739,0.503203,0.9199,0.2325,1.048,15.22
84,0292,0,3,30.99,0.259735,0.3252,0.5826,1.039,15.22
85,0276,88,4,7.276,0.139108,0.3911,0.3469,1.034,15.22
86,0182,0,6,0.09739,0.281278,0.9697,0.1476,1.035,15.22
87,0135,132,3,30.99,0.167551,0.6137,0.4728,1.033,15.22
88,0102,0,1,286.5,0.057383,0.3254,0.1669,1.043,15.22
89,0106,0,7,0.002,0.997640,0.6667,0.0884,1.041,15.22
90,0206,88,6,0.09739,0.417866,0.6939,0.4117,1.038,15.22
91,0007,44,1,286.5,0.115036,0.4419,0.4224,1.050,15.22
92,0016,88,6,0.09739,0.445159,0.2954,0.3395,1.036,15.22
93,0235,0,6,0.09739,0.701760,0.3987,0.3317,1.036,15.22
94,0224,132,0,700,0.314819,0.2871,0.5048,1.030,15.22
95,0215,132,6,0.09739,0.322043,0.4866,0.1748,1.035,15.22
96,0116,132,7,0.002,0.996429,0.7253,0.1082,1.041,15.22
97,0162,132,7,0.002,1.001164,0.5303,0.0868,1.030,15.22
98,0271,132,2,102.9,0.151894,0.2801,0.5149,1.029,15.22
99,0036,88,4,7.276,0.097068,0.4590,0.3362,1.042,15.22
100,0159,88,2,102.9,0.129395,0.4549,0.3243,1.026,15.22
101,0024,132,3,30.99,0.293526,0.3402,0.8135,1.037,15.22
102,0280,132,4,7.276,0.120269,0.4177,0.3485,1.038,15.22
103,0255,0,4,7.276,0.195951,0.5819,0.3899,1.045,15.22
104,0105,132,0,700,0.096073,0.8398,0.4595,1.033,15.22
105,0253,44,7,0.002,1.003255,0.7912,0.0970,1.059,15.22
106,0171,0,6,0.09739,0.362473,0.9118,0.1586,1.036,15.22
107,0219,44,1,286.5,0.239523,0.5907,0.4419,1.033,15.22
108,0047,132,4,7.276,0.060684,0.7633,0.0824,1.026,15.22
109,0302,0,7,0.002,1.003017,0.7444,0.1145,1.041,15.22
110,0121,132,5,1.168,0.132065,0.3772,0.2605,1.032,15.22
111,0057,0,4,7.276,0.151905,0.5386,0.2838,1.033,15.22
112,0198,88,4,7.276,0.147514,0.5411,0.6009,1.041,15.22
113,0113,44,7,0.002,0.996093,0.6690,0.1226,1.033,15.22
114,0244,132,6,0.09739,0.325779,0.6015,0.1450,1.044,15.22
115,0008,88,0,700,0.120718,0.3521,0.6772,1.047,15.22
116,0202,44,6,0.09739,0.430835,0.5606,0.1410,1.029,15.22
117,0002,44,5,1.168,0.094666,0.8263,0.0916,1.044,15.22
118,0243,88,1,286.5,0.242721,0.3502,1.2262,1.043,15.22
119,0009,132,1,286.5,0.086616,0.5274,0.1636,1.044,15.22
120,0119,88,1,286.5,0.178843,0.7467,0.3575,1.026,15.22
121,0294,44,0,700,0.287198,0.3228,0.6039,1.035,15.22
122,0308,88,2,102.9,0.204596,0.6401,0.5186,1.045,15.22
123,0056,132,2,102.9,0.161180,0.4958,0.4114,1.031,15.22
124,0058,0,1,286.5,0.054258,0.4824,0.1363,1.027,15.22
125,0247,132,0,700,0.170080,0.5474,0.7256,1.039,15.22
126,0256,132,0,700,0.231468,0.3688,0.6919,1.026,15.22
127,0246,88,0,700,0.165340,0.7061,0.5617,1.031,15.22
128,0304,0,2,102.9,0.172525,0.4132,0.3260,1.041,15.22
129,0169,44,3,30.99,0.183572,0.3765,0.4583,1.050,15.22
130,0013,132,5,1.168,0.108940,0.5082,0.1046,1.038,15.22
131,0257,132,3,30.99,0.124186,0.5043,0.3911,1.053,15.22
132,0032,0,6,0.09739,0.351938,0.4769,0.4630,1.034,15.22
133,0005,88,1,286.5,0.178573,0.6742,0.4439,1.040,15.22
134,0291,132,6,0.09739,0.411718,0.2831,0.2966,1.030,15.22
135,0053,132,3,30.99,0.148181,0.5881,0.6556,1.054,15.22
136,0278,88,2,102.9,0.181821,0.4161,0.4949,1.040,15.22
137,0273,88,6,0.09739,0.457614,0.3200,0.3978,1.035,15.22
138,0107,44,1,286.5,0.110189,0.5461,0.3271,1.030,15.22
139,0307,88,2,102.9,0.223180,0.6664,1.0858,1.032,15.22
140,0069,0,2,102.9,0.228224,0.5488,0.7216,1.049,15.22
141,0208,44,5,1.168,0.188689,0.5910,0.4097,1.044,15.22
142,0150,88,4,7.276,0.054817,0.3741,0.1716,1.027,15.22
143,0178,0,2,102.9,0.154555,0.5320,0.2783,1.037,15.22
144,0197,88,4,7.276,0.164062,0.4692,0.6383,1.055,15.22
145,0293,0,1,286.5,0.243179,0.4845,0.4921,1.032,15.22
146,0078,0,1,286.5,0.170379,0.4027,0.3595,1.032,15.22
147,0103,88,7,0.002,0.987171,0.6885,0.2023,1.050,15.22
148,0122,132,6,0.09739,0.545545,0.6786,0.2697,1.035,15.22
149,0067,88,3,30.99,0.133224,0.4781,0.2405,1.034,15.22
150,0068,44,5,1.168,0.108937,0.7861,0.3520,1.052,15.22
151,0239,44,3,30.99,0.232853,0.4696,0.9098,1.060,15.22
152,0218,44,5,1.168,0.105587,0.6749,0.2221,1.040,15.22
153,0133,132,6,0.09739,0.438496,0.6427,0.1862,1.051,15.22
154,0200,132,3,30.99,0.240966,0.8561,0.3193,1.044,15.22
155,0275,88,6,0.09739,0.509300,0.4276,0.4093,1.030,15.22
156,0085,0,2,102.9,0.126022,0.3248,0.4195,1.058,15.22
157,0061,0,3,30.99,0.092817,0.3203,0.3440,1.033,15.22
158,0217,132,6,0.09739,0.468353,0.8543,0.2182,1.034,15.22
159,0285,132,2,102.9,0.199688,0.7222,0.4518,1.045,15.22
160,0013,0,2,102.9,0.090289,0.5189,0.1764,1.048,15.22
161,0208,88,2,102.9,0.271406,0.5145,0.8272,1.039,15.22
162,0192,132,0,700,0.154219,0.3363,0.5560,1.029,15.22
163,0244,44,4,7.276,0.139897,0.6189,0.4793,1.040,15.22
164,0157,44,7,0.002,0.998576,0.3820,0.0875,1.049,15.22
165,0100,0,7,0.002,0.998134,0.2716,0.1906,1.041,15.22
166,0093,44,5,1.168,0.148164,0.6347,0.0939,1.024,15.22
167,0085,132,4,7.276,0.114077,0.3287,0.3409,1.027,15.22
168,0122,0,3,30.99,0.105844,0.6971,0.1768,1.052,15.22
169,0006,44,6,0.09739,0.486168,0.4209,0.2188,1.031,15.22
170,0305,44,2,102.9,0.183193,0.7137,0.5684,1.029,15.22
171,0201,132,7,0.002,1.003747,0.7521,0.0718,1.033,15.22
172,0252,44,0,700,0.218577,0.5639,0.5290,1.032,15.22
173,0304,44,0,700,0.177331,0.3698,0.4988,1.038,15.22
174,0012,44,5,1.168,0.139609,0.5823,0.1262,1.036,15.22
175,0228,132,4,7.276,0.162690,0.6895,0.5346,1.047,15.22
176,0002,132,7,0.002,0.996784,0.8218,0.1188,1.030,15.22
177,0134,132,0,700,0.117418,0.6199,0.5045,1.044,15.22
178,0219,0,1,286.5,0.248402,0.5656,0.5417,1.050,15.22
179,0008,44,2,102.9,0.113815,0.3354,0.2315,1.041,15.22
180,0293,132,1,286.5,0.238999,0.4626,0.4388,1.036,15.22
181,0029,0,3,30.99,0.104278,0.6867,0.2489,1.036,15.22
182,0299,0,5,1.168,0.214918,0.6317,0.5501,1.033,15.22
183,0303,0,7,0.002,1.003330,0.8130,0.0842,1.037,15.22
184,0213,0,7,0.002,0.996850,0.4383,0.1640,1.035,15.22
185,0221,132,0,700,0.142324,0.4175,0.6356,1.029,15.22
186,0079,132,4,7.276,0.093865,0.5819,0.5334,1.039,15.22
187,0045,88,6,0.09739,0.322747,0.4349,0.4725,1.040,15.22
188,0235,44,7,0.002,0.999626,0.3837,0.1014,1.043,15.22
189,0119,0,1,286.5,0.185529,0.9018,0.3620,1.044,15.22
190,0307,132,4,7.276,0.237064,0.2590,1.6679,1.054,15.22
191,0024,0,7,0.002,1.001278,0.3793,0.0803,1.033,15.22
192,0118,132,1,286.5,0.300595,0.4280,0.7973,1.030,15.22
193,0053,88,4,7.276,0.157259,0.5133,0.5652,1.030,15.22
194,0159,132,6,0.09739,0.473253,0.4281,0.2149,1.055,15.22
195,0007,88,4,7.276,0.107729,0.4947,0.2555,1.040,15.22
196,0113,88,5,1.168,0.103774,0.6112,0.2126,1.039,15.22
197,0227,0,1,286.5,0.164620,0.5471,0.4806,1.032,15.22
198,0220,44,3,30.99,0.195565,0.4209,0.5149,1.047,15.22
199,0308,132,6,0.09739,0.474811,0.4811,0.3804,1.040,15.22
200,0017,88,5,1.168,0.091520,0.5777,0.1665,1.027,15.22
201,0109,0,6,0.09739,0.375816,0.4905,0.2490,1.031,15.22
202,0078,88,2,102.9,0.062271,0.4243,0.2010,1.041,15.22
203,0056,88,1,286.5,0.151549,0.5769,0.3120,1.047,15.22
204,0200,88,7,0.002,1.006078,0.8569,0.0808,1.034,15.22
205,0059,0,4,7.276,0.084588,0.3285,0.1726,1.029,15.22
206,0047,44,7,0.002,0.993507,0.4397,0.2303,1.030,15.22
207,0057,44,2,102.9,0.144504,0.6377,0.2238,1.061,15.22
208,0068,132,0,700,0.146959,0.7284,0.4647,1.030,15.22
209,0276,132,2,102.9,0.144218,0.4321,0.3979,1.036,15.22
210,0027,44,5,1.168,0.081579,0.8643,0.1749,1.041,15.22
211,0139,132,5,1.168,0.104395,0.4249,0.1367,1.043,15.22
212,0253,132,6,0.09739,0.466607,0.5801,0.1726,1.047,15.22
213,0249,88,5,1.168,0.181288,0.7565,0.4648,1.029,15.22
214,0241,44,4,7.276,0.198469,0.6117,0.6034,1.042,15.22
215,0263,88,6,0.09739,0.428508,0.7067,0.1801,1.051,15.22
216,0292,132,5,1.168,0.143889,0.3119,0.1613,1.036,15.22
217,0242,0,3,30.99,0.197713,0.5369,0.7993,1.036,15.22
218,0065,0,7,0.002,0.998832,0.7723,0.0588,1.056,15.22
219,0239,0,5,1.168,0.137595,0.3479,0.2287,1.034,15.22
220,0112,132,5,1.168,0.107029,0.6494,0.2054,1.033,15.22
221,0218,0,2,102.9,0.148581,0.6833,0.2714,1.040,15.22
222,0197,132,5,1.168,0.099775,0.5646,0.2042,1.031,15.22
223,0279,44,3,30.99,0.153324,0.3950,0.4382,1.045,15.22
224,0117,44,0,700,0.175132,0.6008,0.4703,1.036,15.22
225,0026,88,4,7.276,0.190448,0.3804,0.4170,1.036,15.22
226,0028,88,7,0.002,1.003969,0.3941,0.0863,1.049,15.22
227,0166,0,7,0.002,0.999832,0.6172,0.0764,1.046,15.22
228,0191,88,6,0.09739,0.422797,0.9491,0.2194,1.032,15.22
229,0165,0,2,102.9,0.154060,0.3123,0.4614,1.028,15.22
230,0173,132,0,700,0.183767,0.4015,0.6533,1.031,15.22
231,0243,44,5,1.168,0.117677,0.3607,0.2440,1.057,15.22
232,0083,132,0,700,0.151540,0.3546,0.3141,1.028,15.22
233,0175,88,2,102.9,0.148589,0.7093,0.3111,1.031,15.22
234,0223,132,5,1.168,0.093341,0.4826,0.1807,1.035,15.22
235,0256,44,7,0.002,0.999601,0.3868,0.0937,1.026,15.22
236,0177,88,7,0.002,0.993758,0.2932,0.1076,1.036,15.22
237,0198,132,0,700,0.174317,0.3290,0.5531,1.053,15.22
238,0284,0,1,286.5,0.215639,0.8043,0.6408,1.040,15.22
239,0148,88,7,0.002,0.997328,0.3990,0.1813,1.040,15.22
240,0199,0,6,0.09739,0.287105,0.4416,0.1612,1.045,15.22
241,0255,44,7,0.002,1.001788,0.6126,0.0703,1.041,15.22
242,0230,132,1,286.5,0.185652,0.4525,0.3853,1.035,15.22
243,0275,0,5,1.168,0.125994,0.3617,0.1781,1.051,15.22
244,0131,88,3,30.99,0.124533,0.6953,0.2227,1.031,15.22
245,0291,44,5,1.168,0.138710,0.6763,0.1746,1.048,15.22
246,0231,132,3,30.99,0.204855,0.3203,0.4597,1.048,15.22
247,0108,0,0,700,0.126312,0.7917,0.2819,1.053,15.22
248,0202,132,2,102.9,0.163607,0.6397,0.2745,1.035,15.22
249,0043,44,1,286.5,0.069182,0.3884,0.1733,1.050,15.22
250,0215,88,4,7.276,0.177367,0.5461,0.4615,1.040,15.22
251,0107,0,5,1.168,0.106915,0.5641,0.1638,1.035,15.22
252,0211,88,1,286.5,0.293121,0.4185,0.9579,1.039,15.22
253,0167,88,0,700,0.168979,0.2929,0.4663,1.044,15.22
254,0206,0,4,7.276,0.125804,0.8800,0.4018,1.052,15.22
255,0146,132,5,1.168,0.075688,0.3387,0.1054,1.046,15.22
256,0037,132,2,102.9,0.071080,0.3364,0.1130,1.032,15.22
257,0058,88,4,7.276,0.056580,0.3477,0.1976,1.030,15.22
258,0074,132,5,1.168,0.099632,0.3287,0.2140,1.041,15.22
259,0044,44,2,102.9,0.117365,0.3473,0.8961,1.046,15.22
260,0133,44,1,286.5,0.117511,0.6639,0.5072,1.031,15.22
261,0193,132,7,0.002,1.002746,0.5913,0.0678,1.029,15.22
262,0153,88,4,7.276,0.157707,0.4170,0.3800,1.048,15.22
263,0246,0,0,700,0.153069,0.6937,0.5232,1.049,15.22
264,0273,132,4,7.276,0.186836,0.3194,0.7473,1.039,15.22
265,0302,44,2,102.9,0.154344,0.6884,0.6726,1.030,15.22
266,0132,88,5,1.168,0.143382,0.3913,1.5921,1.039,15.22
267,0135,44,6,0.09739,0.456301,0.7654,0.2714,1.046,15.22
268,0035,44,4,7.276,0.116567,0.3576,0.7347,1.040,15.22
269,0309,132,2,102.9,0.182255,0.4981,0.2576,1.056,15.22
270,0300,44,4,7.276,0.151874,0.5800,0.4462,1.039,15.22
271,0016,132,1,286.5,0.147989,0.6553,0.6277,1.027,15.22
272,0278,132,1,286.5,0.166022,0.4107,0.3644,1.031,15.22
273,0180,44,2,102.9,0.173562,0.5278,0.5308,1.053,15.22
274,0257,88,4,7.276,0.135068,0.4730,0.8800,1.033,15.22
275,0051,44,5,1.168,0.129159,0.4677,0.3147,1.033,15.22
276,0032,88,3,30.99,0.108479,0.5666,0.9743,1.038,15.22
277,0160,132,4,7.276,0.165650,0.4567,0.5064,1.032,15.22
278,0009,44,5,1.168,0.106343,0.5207,0.0947,1.047,15.22
279,0061,44,7,0.002,1.009750,0.3144,0.1040,1.039,15.22
280,0030,88,2,102.9,0.104717,0.7899,0.3125,1.028,15.22
281,0034,0,5,1.168,0.124694,0.7095,0.1825,1.034,15.22
282,0121,0,3,30.99,0.200958,0.4318,0.8700,1.057,15.22
283,0280,88,5,1.168,0.104554,0.4328,0.1417,1.036,15.22
284,0150,132,3,30.99,0.049363,0.4254,0.0772,1.035,15.22
285,0277,88,0,700,0.144969,0.4601,0.3826,1.042,15.22
286,0111,0,5,1.168,0.139788,0.3057,0.2063,1.043,15.22
287,0254,0,7,0.002,0.997583,0.5593,0.1916,1.039,15.22
288,0106,44,3,30.99,0.124491,0.6682,0.4046,1.038,15.22
289,0036,44,2,102.9,0.123299,0.5822,0.2450,1.029,15.22
290,0103,132,5,1.168,0.085584,0.6913,0.0945,1.049,15.22
291,0290,0,6,0.09739,0.475676,0.7101,0.1804,1.047,15.22
292,0294,0,4,7.276,0.258025,0.2980,0.7113,1.024,15.22
293,0069,88,6,0.09739,0.453417,0.5899,0.1181,1.044,15.22
294,0240,44,1,286.5,0.222379,0.2706,0.6511,1.045,15.22
295,0224,44,5,1.168,0.132042,0.5677,0.3313,1.037,15.22
296,0055,88,0,700,0.181328,0.4020,0.6631,1.030,15.22
297,0295,132,0,700,0.173707,0.2711,0.7129,1.029,15.22
298,0172,44,2,102.9,0.200449,0.2530,0.6746,1.053,15.22
299,0176,0,5,1.168,0.122575,0.3042,0.2476,1.038,15.22
300,0110,44,2,102.9,0.126761,0.5224,0.4164,1.051,15.22
301,0233,88,1,286.5,0.216288,0.5344,0.4336,1.038,15.22
302,0226,132,1,286.5,0.197967,0.5708,0.5234,1.049,15.22
303,0010,132,6,0.09739,0.447792,0.4048,0.2671,1.029,15.22
304,0271,88,5,1.168,0.110757,0.5279,0.2707,1.029,15.22
305,0229,0,7,0.002,0.996541,0.8800,0.0630,1.024,15.22
306,0014,0,7,0.002,0.997779,0.4051,0.1986,1.034,15.22
307,0214,0,4,7.276,0.168450,0.3689,0.3546,1.057,15.22
308,0005,132,1,286.5,0.187070,0.6836,0.5395,1.033,15.22
309,0104,0,1,286.5,0.135748,0.9709,0.3792,1.034,15.22
310,0046,132,5,1.168,0.098006,0.5345,0.0562,1.030,15.22
311,0185,88,1,286.5,0.215401,0.3318,0.5807,1.056,15.22
312,0298,44,2,102.9,0.221036,0.5081,0.4836,1.033,15.22
313,0089,132,4,7.276,0.066993,0.3210,0.1802,1.026,15.22
314,0066,44,5,1.168,0.098791,0.7342,0.1608,1.036,15.22
315,0102,88,0,700,0.064285,0.4150,0.3646,1.031,15.22
316,0182,88,0,700,0.179774,0.9389,1.0104,1.040,15.22
317,0289,88,6,0.09739,0.289604,0.4724,0.2130,1.050,15.22
318,0174,88,5,1.168,0.103688,0.4977,0.1888,1.036,15.22
319,0250,44,0,700,0.145872,0.9332,0.5132,1.033,15.22
320,0067,0,4,7.276,0.126286,0.4389,0.2015,1.052,15.22
321,0162,0,0,700,0.137479,0.3816,0.4291,1.035,15.22
322,0207,44,5,1.168,0.188527,0.6478,0.4910,1.032,15.22
323,0033,88,7,0.002,0.995020,0.3664,0.1328,1.028,15.22
324,0296,44,4,7.276,0.148464,0.4710,0.5940,1.026,15.22
325,0054,88,7,0.002,0.995285,0.2728,0.1626,1.058,15.22
326,0247,0,3,30.99,0.282883,0.3336,1.5394,1.041,15.22
327,0081,44,0,700,0.334619,0.4327,1.3600,1.046,15.22
328,0116,0,1,286.5,0.191119,0.7742,0.5936,1.052,15.22
329,0178,44,3,30.99,0.150601,0.5148,0.4217,1.039,15.22
330,0021,132,2,102.9,0.163394,0.5869,0.5011,1.040,15.22
331,0186,44,5,1.168,0.079288,0.2945,0.1445,1.051,15.22
332,0060,0,7,0.002,0.998899,0.3021,0.1073,1.041,15.22
333,0270,44,2,102.9,0.250571,0.4693,0.5656,1.043,15.22
334,0181,55,2,102.9,0.166435,0.9614,0.9494,1.043,15.22
335,0169,88,2,102.9,0.171696,0.5096,0.6013,1.038,15.22
336,0171,132,2,102.9,0.168477,0.8817,0.9511,1.043,15.22
337,0105,0,0,700,0.102445,0.7833,0.3116,1.031,15.22
338,0084,44,7,0.002,1.000676,0.4262,0.0896,1.045,15.22
339,0001,88,6,0.09739,0.408711,0.2686,0.3621,1.041,15.22
340,0190,88,3,30.99,0.178553,0.7699,0.7529,1.031,15.22
341,0083,44,5,1.168,0.085543,0.2941,0.1594,1.045,15.22
342,0012,88,5,1.168,0.136427,0.5701,0.1374,1.049,15.22
343,0216,0,6,0.09739,0.414092,0.3342,0.1870,1.043,15.22
344,0219,132,4,7.276,0.225426,0.5044,0.7182,1.040,15.22
345,0214,132,5,1.168,0.124484,0.2594,0.1659,1.048,15.22
346,0122,44,5,1.168,0.107949,0.6293,0.1152,1.041,15.22
347,0275,44,4,7.276,0.225183,0.3219,0.8649,1.044,15.22
348,0053,0,5,1.168,0.183605,0.5151,0.4901,1.046,15.22
349,0213,88,5,1.168,0.117194,0.4864,0.2504,1.043,15.22
350,0108,132,7,0.002,0.999679,0.8275,0.0557,1.028,15.22
351,0217,88,3,30.99,0.166748,0.9605,1.1323,1.031,15.22
352,0296,88,2,102.9,0.185912,0.4275,0.6062,1.054,15.22
353,0228,44,5,1.168,0.124350,0.4808,0.2580,1.043,15.22
354,0148,0,7,0.002,0.994705,0.4033,0.1141,1.037,15.22
355,0103,44,4,7.276,0.080683,0.6827,0.2912,1.039,15.22
356,0106,132,4,7.276,0.110936,0.6877,0.3295,1.031,15.22
357,0199,88,7,0.002,0.997327,0.4970,0.0778,1.043,15.22
358,0235,88,1,286.5,0.251968,0.3139,0.4257,1.039,15.22
359,0242,88,7,0.002,1.001923,0.5491,0.0842,1.049,15.22
360,0034,132,3,30.99,0.165585,0.6864,0.3838,1.040,15.22
361,0182,44,0,700,0.163079,0.9672,0.9343,1.060,15.22
362,0044,0,3,30.99,0.096580,0.3221,0.1995,1.036,15.22
363,0029,44,7,0.002,0.994501,0.7256,0.1656,1.031,15.22
364,0081,88,0,700,0.340859,0.3716,1.9446,1.028,15.22
365,0023,88,1,286.5,0.091464,0.2681,0.2353,1.051,15.22
366,0304,88,4,7.276,0.173283,0.4772,1.0169,1.034,15.22
367,0276,0,3,30.99,0.165935,0.3558,0.6811,1.049,15.22
368,0185,132,3,30.99,0.227531,0.2874,0.7585,1.049,15.22
369,0153,132,0,700,0.157023,0.3684,0.4467,1.044,15.22
370,0112,44,0,700,0.157946,0.6287,0.6085,1.029,15.22
371,0193,0,1,286.5,0.219239,0.4121,0.5973,1.027,15.22
372,0074,88,7,0.002,0.999071,0.3113,0.1168,1.028,15.22
373,0079,0,5,1.168,0.088865,0.2801,0.4192,1.055,15.22
374,0085,44,2,102.9,0.151841,0.3153,0.4600,1.041,15.22
375,0054,132,7,0.002,1.002635,0.4622,0.0569,1.033,15.22
376,0121,88,1,286.5,0.192579,0.4100,0.7714,1.026,15.22
377,0048,44,7,0.002,0.997557,0.2646,0.0820,1.044,15.22
378,0006,132,0,700,0.127026,0.5551,0.4233,1.034,15.22
379,0169,0,7,0.002,0.995737,0.5259,0.0730,1.027,15.22
380,0157,88,2,102.9,0.171379,0.3362,0.7119,1.044,15.22
381,0271,44,3,30.99,0.177936,0.6266,0.2850,1.040,15.22
382,0107,132,0,700,0.101810,0.2930,0.2318,1.034,15.22
383,0056,0,5,1.168,0.133389,0.3585,0.3222,1.052,15.22
384,0025,0,4,7.276,0.175435,0.3789,0.6591,1.034,15.22
385,0298,132,2,102.9,0.209894,0.3416,0.5940,1.030,15.22
386,0173,0,3,30.99,0.118642,0.6075,0.5346,1.052,15.22
387,0215,44,5,1.168,0.111220,0.5401,0.1680,1.048,15.22
388,0179,132,1,286.5,0.259107,0.2586,0.6060,1.031,15.22
389,0246,132,0,700,0.171493,0.7079,0.5094,1.025,15.22
390,0133,88,0,700,0.113189,0.6748,0.6190,1.037,15.22
391,0084,132,1,286.5,0.094433,0.2858,0.0927,1.044,15.22
392,0065,44,3,30.99,0.121363,0.7503,0.5891,1.046,15.22
393,0300,0,2,102.9,0.177751,0.5942,0.5163,1.047,15.22
394,0244,88,3,30.99,0.182598,0.5861,1.0555,1.048,15.22
395,0280,44,7,0.002,1.000982,0.3385,0.2426,1.041,15.22
396,0059,132,7,0.002,1.000566,0.3129,0.0711,1.037,15.22
397,0191,0,3,30.99,0.181258,0.9384,0.8273,1.050,15.22
398,0100,88,5,1.168,0.099193,0.2747,0.1873,1.043,15.22
399,0061,88,6,0.09739,0.506714,0.2611,0.2449,1.031,15.22
400,0290,132,4,7.276,0.156459,0.6502,0.4494,1.057,15.22
401,0257,0,5,1.168,0.128697,0.5198,0.1674,1.037,15.22
402,0201,44,5,1.168,0.255491,0.7255,0.3489,1.031,15.22
403,0211,132,4,7.276,0.264167,0.2620,1.7797,1.053,15.22
404,0105,44,7,0.002,0.995848,0.8377,0.1860,1.057,15.22
405,0150,0,1,286.5,0.059099,0.4108,0.1018,1.047,15.22
406,0132,44,5,1.168,0.135287,0.2733,0.8988,1.060,15.22
407,0047,0,2,102.9,0.181515,0.7784,0.6415,1.036,15.22
408,0175,44,3,30.99,0.137826,0.6888,0.2858,1.044,15.22
409,0229,44,0,700,0.140738,0.7767,0.5415,1.038,15.22
410,0302,88,1,286.5,0.165145,0.6163,1.0966,1.038,15.22
411,0186,132,3,30.99,0.113772,0.2902,0.5357,1.044,15.22
412,0135,0,6,0.09739,0.463831,0.7724,0.2439,1.030,15.22
413,0308,0,6,0.09739,0.432891,0.6226,0.2597,1.042,15.22
414,0206,132,4,7.276,0.133633,0.5651,0.3363,1.048,15.22
415,0180,88,6,0.09739,0.339531,0.4941,0.1807,1.030,15.22
416,0119,44,3,30.99,0.178874,0.8900,0.6410,1.030,15.22
417,0017,0,2,102.9,0.156852,0.7036,0.5147,1.058,15.22
418,0116,88,7,0.002,0.999485,0.6284,0.0548,1.040,15.22
419,0139,88,5,1.168,0.104860,0.3121,0.1736,1.035,15.22
420,0230,0,4,7.276,0.162917,0.4028,0.6780,1.057,15.22
421,0146,44,1,286.5,0.093419,0.3023,0.3528,1.034,15.22
422,0134,44,0,700,0.120188,0.5731,0.6051,1.029,15.22
423,0051,88,0,700,0.153734,0.4917,0.4207,1.037,15.22
424,0043,88,2,102.9,0.072195,0.4016,0.1994,1.029,15.22
425,0294,132,5,1.168,0.192874,0.3147,0.5273,1.045,15.22
426,0118,44,6,0.09739,0.493871,0.3837,0.3589,1.045,15.22
427,0303,88,0,700,0.195783,0.5728,0.5605,1.029,15.22
428,0067,132,1,286.5,0.130627,0.4756,0.2830,1.030,15.22
429,0035,0,7,0.002,0.993736,0.3588,0.1915,1.064,15.22
430,0030,132,3,30.99,0.108385,0.8322,0.2743,1.039,15.22
431,0226,0,0,700,0.183387,0.6279,0.5244,1.057,15.22
432,0031,88,7,0.002,0.997797,0.3534,0.0705,1.036,15.22
433,0181,176,3,30.99,0.173854,0.9231,1.0427,1.039,15.22
434,0089,88,1,286.5,0.080118,0.2714,0.3740,1.032,15.22
435,0223,44,6,0.09739,0.329738,0.5309,0.1978,1.036,15.22
436,0197,44,0,700,0.187478,0.4487,0.4173,1.036,15.22
437,0104,88,0,700,0.123340,0.9224,0.3412,1.050,15.22
438,0192,88,0,700,0.197461,0.2966,0.4332,1.041,15.22
439,0078,132,0,700,0.094838,0.4397,0.2749,1.054,15.22
440,0177,0,4,7.276,0.168798,0.4259,0.3668,1.039,15.22
441,0178,132,1,286.5,0.136488,0.4927,0.3640,1.030,15.22
442,0019,0,7,0.002,0.999795,0.3890,0.0608,1.057,15.22
443,0014,88,3,30.99,0.160561,0.4609,0.6705,1.030,15.22
444,0162,88,1,286.5,0.136850,0.5284,0.2863,1.028,15.22
445,0160,88,5,1.168,0.084854,0.4633,0.1606,1.043,15.22
446,0307,0,6,0.09739,0.569925,0.8218,0.2167,1.035,15.22
447,0273,0,7,0.002,1.000798,0.4305,0.0691,1.047,15.22
448,0289,44,6,0.09739,0.328138,0.5227,0.1400,1.050,15.22
449,0010,88,4,7.276,0.068303,0.4750,0.0924,1.035,15.22
450,0009,88,7,0.002,1.001029,0.5359,0.0745,1.045,15.22
451,0028,44,2,102.9,0.140234,0.4134,0.4381,1.032,15.22
452,0005,44,7,0.002,1.002728,0.6151,0.0505,1.037,15.22
453,0024,44,6,0.09739,0.335903,0.3464,0.1961,1.031,15.22
454,0243,132,1,286.5,0.252427,0.2773,1.4105,1.048,15.22
455,0159,0,6,0.09739,0.502325,0.3165,0.2209,1.026,15.22
456,0113,0,7,0.002,0.992592,0.6547,0.1029,1.029,15.22
457,0165,88,2,102.9,0.161942,0.3327,0.6779,1.034,15.22
458,0069,44,2,102.9,0.190610,0.5665,0.4583,1.042,15.22
459,0036,132,2,102.9,0.124767,0.4760,0.5883,1.035,15.22
460,0309,44,6,0.09739,0.439039,0.4114,0.1816,1.050,15.22
461,0027,0,2,102.9,0.143357,0.9206,0.5097,1.043,15.22
462,0050,0,1,286.5,0.180086,0.3711,0.3796,1.030,15.22
463,0218,88,6,0.09739,0.284329,0.6575,0.1940,1.048,15.22
464,0305,0,2,102.9,0.205938,0.6915,0.3953,1.038,15.22
465,0008,132,4,7.276,0.102163,0.3708,0.1435,1.034,15.22
466,0227,132,4,7.276,0.203735,0.5170,0.7480,1.031,15.22
467,0202,0,4,7.276,0.165250,0.4676,0.6862,1.053,15.22
468,0066,0,3,30.99,0.117394,0.7259,0.5608,1.031,15.22
469,0277,0,1,286.5,0.162859,0.4133,0.4003,1.027,15.22
470,0263,132,4,7.276,0.180060,0.6941,0.5022,1.039,15.22
471,0046,88,6,0.09739,0.491549,0.6189,0.4135,1.027,15.22
472,0255,132,7,0.002,1.000644,0.6103,0.0986,1.036,15.22
473,0278,0,1,286.5,0.207748,0.4187,0.4052,1.036,15.22
474,0058,44,7,0.002,0.998085,0.4233,0.1082,1.042,15.22
475,0293,44,3,30.99,0.227267,0.4765,0.6110,1.034,15.22
476,0117,88,3,30.99,0.183383,0.6284,0.7111,1.042,15.22
477,0176,88,7,0.002,0.992129,0.3799,0.1779,1.044,15.22
478,0250,132,1,286.5,0.162772,0.9608,0.6592,1.042,15.22
479,0207,0,6,0.09739,0.446790,0.6609,0.2143,1.034,15.22
480,0247,88,4,7.276,0.200087,0.6027,0.5034,1.055,15.22
481,0032,132,3,30.99,0.088666,0.5697,0.2230,1.027,15.22
482,0166,88,5,1.168,0.149309,0.5908,0.2561,1.027,15.22
483,0220,0,4,7.276,0.222956,0.4728,0.4519,1.034,15.22
484,0224,88,5,1.168,0.146563,0.5484,0.2831,1.039,15.22
485,0002,88,7,0.002,0.994731,0.8424,0.1046,1.030,15.22
486,0295,88,0,700,0.180446,0.2998,0.5659,1.038,15.22
487,0068,0,7,0.002,0.997911,0.7691,0.0668,1.040,15.22
488,0279,88,7,0.002,1.000097,0.3093,0.1131,1.039,15.22
489,0222,88,5,1.168,0.121269,0.2890,0.1959,1.040,15.22
490,0306,88,3,30.99,0.202714,0.3248,0.7083,1.034,15.22
491,0109,44,6,0.09739,0.405705,0.5175,0.1475,1.042,15.22
492,0254,88,1,286.5,0.162643,0.7791,0.6323,1.038,15.22
493,0007,0,3,30.99,0.113252,0.3926,0.3457,1.038,15.22
494,0045,0,2,102.9,0.055758,0.4273,0.1930,1.029,15.22
495,0190,132,3,30.99,0.243803,0.3072,1.3495,1.047,15.22
496,0194,0,3,30.99,0.209695,0.2617,1.0931,1.038,15.22
497,0060,88,7,0.002,0.998421,0.3142,0.1529,1.043,15.22
498,0001,0,4,7.276,0.144162,0.2611,1.6908,1.035,15.22
499,0167,44,3,30.99,0.137156,0.3120,0.3727,1.025,15.22
500,0021,88,5,1.168,0.116470,0.5881,0.2299,1.032,15.22
501,0102,132,5,1.168,0.088187,0.8953,0.0485,1.041,15.22
502,0171,88,1,286.5,0.180101,0.9374,1.1056,1.038,15.22
503,0037,44,3,30.99,0.069039,0.3521,0.1388,1.026,15.22
504,0221,0,4,7.276,0.122963,0.4273,0.3804,1.034,15.22
505,0239,132,7,0.002,0.996462,0.5541,0.0867,1.053,15.22
506,0253,0,5,1.168,0.152235,0.6753,0.6210,1.035,15.22
507,0249,0,6,0.09739,0.461019,0.6004,0.1948,1.032,15.22
508,0033,44,5,1.168,0.085843,0.3729,0.1458,1.028,15.22
509,0111,44,7,0.002,1.001745,0.3152,0.1308,1.030,15.22
510,0131,132,3,30.99,0.118406,0.4916,0.6299,1.046,15.22
511,0256,88,0,700,0.222259,0.2592,1.1303,1.036,15.22
512,0252,132,1,286.5,0.169097,0.3008,0.5654,1.033,15.22
513,0183,44,0,700,0.218801,0.3575,0.9225,1.040,15.22
514,0200,44,6,0.09739,0.843182,0.7936,0.2630,1.028,15.22
515,0055,0,4,7.276,0.140397,0.5440,0.3765,1.037,15.22
516,0022,88,5,1.168,0.077091,0.2681,0.1107,1.046,15.22
517,0016,44,4,7.276,0.109877,0.6173,0.5769,1.039,15.22
518,0174,132,7,0.002,0.998376,0.5014,0.0892,1.027,15.22
519,0198,0,0,700,0.200870,0.7255,0.5789,1.032,15.22
520,0291,0,0,700,0.227399,0.5724,0.4528,1.032,15.22
521,0026,44,3,30.99,0.142156,0.3585,0.4070,1.049,15.22
522,0155,88,6,0.09739,0.407567,0.2607,0.4350,1.046,15.22
523,0110,88,1,286.5,0.147630,0.3449,0.5433,1.035,15.22
524,0287,132,0,700,0.200720,0.2542,0.3303,1.043,15.22
525,0285,88,2,102.9,0.181194,0.7080,0.5968,1.045,15.22
526,0270,132,5,1.168,0.116718,0.4014,0.2344,1.043,15.22
527,0233,0,6,0.09739,0.445439,0.4869,0.1736,1.026,15.22
528,0241,0,0,700,0.331927,0.3008,1.0575,1.026,15.22
529,0212,0,0,700,0.179926,0.4642,0.7734,1.028,15.22
530,0299,44,3,30.99,0.244523,0.5068,0.6622,1.031,15.22
531,0231,44,5,1.168,0.126994,0.3073,0.3060,1.042,15.22
532,0284,88,4,7.276,0.166568,0.8230,0.1990,1.040,15.22
533,0208,0,4,7.276,0.232018,0.6307,0.6295,1.032,15.22
534,0013,44,4,7.276,0.087147,0.5209,0.2372,1.027,15.22
535,0240,0,6,0.09739,0.389827,0.3452,0.2454,1.035,15.22
536,0172,132,7,0.002,1.004024,0.3227,0.0788,1.053,15.22
537,0093,132,7,0.002,0.993336,0.7405,0.1940,1.036,15.22
538,0057,88,2,102.9,0.147403,0.6892,0.5086,1.032,15.22
539,0292,88,5,1.168,0.129582,0.3530,0.1948,1.030,15.22
540,0215,0,5,1.168,0.125393,0.5377,0.2406,1.054,15.22
541,0278,44,2,102.9,0.178890,0.4603,0.5831,1.033,15.22
542,0139,0,6,0.09739,0.449517,0.5051,0.3795,1.030,15.22
543,0227,44,6,0.09739,0.542316,0.4984,0.4375,1.038,15.22
544,0177,44,5,1.168,0.108350,0.3965,0.2393,1.027,15.22
545,0030,44,2,102.9,0.117475,0.8225,0.3768,1.047,15.22
546,0109,132,5,1.168,0.107067,0.5673,0.5968,1.041,15.22
547,0208,132,4,7.276,0.241152,0.5462,0.7588,1.042,15.22
548,0174,0,6,0.09739,0.405953,0.4645,0.1937,1.029,15.22
549,0181,121,4,7.276,0.129064,0.9357,0.4585,1.051,15.22
550,0240,88,6,0.09739,0.485231,0.3833,0.2697,1.040,15.22
551,0216,44,4,7.276,0.153305,0.3557,0.5752,1.037,15.22
552,0302,132,1,286.5,0.163267,0.7358,0.6292,1.030,15.22
553,0274,132,1,286.5,0.216536,0.2623,0.5180,1.057,15.22
554,0100,44,7,0.002,0.998299,0.2530,0.1232,1.036,15.22
555,0296,132,7,0.002,1.000830,0.3758,0.0749,1.033,15.22
556,0043,0,2,102.9,0.070152,0.3786,0.1487,1.045,15.22
557,0217,44,3,30.99,0.171492,0.8772,1.1700,1.044,15.22
558,0079,44,0,700,0.138454,0.3306,0.6868,1.043,15.22
559,0166,132,1,286.5,0.180411,0.6207,0.7412,1.034,15.22
560,0190,44,7,0.002,0.998086,0.8978,0.0476,1.034,15.22
561,0247,44,4,7.276,0.211853,0.4325,0.7234,1.054,15.22
562,0277,44,1,286.5,0.142331,0.4619,0.4359,1.033,15.22
563,0111,132,7,0.002,0.992471,0.2805,0.0795,1.036,15.22
564,0107,88,7,0.002,1.000624,0.2589,0.1170,1.027,15.22
565,0036,0,2,102.9,0.127427,0.6630,0.3487,1.029,15.22
566,0132,132,2,102.9,0.155299,0.3595,2.0125,1.058,15.22
567,0180,132,7,0.002,0.998197,0.5338,0.1022,1.027,15.22
568,0165,44,7,0.002,0.998801,0.3495,0.1282,1.028,15.22
569,0033,0,2,102.9,0.151143,0.3347,0.4281,1.034,15.22
570,0106,88,0,700,0.121547,0.6688,0.2968,1.032,15.22
571,0202,88,2,102.9,0.175344,0.6250,0.5568,1.032,15.22
572,0171,44,3,30.99,0.169609,0.9098,1.0178,1.044,15.22
573,0135,88,1,286.5,0.187868,0.5784,0.8967,1.044,15.22
574,0032,44,1,286.5,0.101129,0.5573,0.3673,1.036,15.22
575,0206,44,5,1.168,0.116904,0.7767,0.2177,1.022,15.22
576,0046,44,3,30.99,0.163981,0.8204,0.7701,1.037,15.22
577,0284,44,2,102.9,0.243488,0.8752,0.6577,1.051,15.22
578,0133,0,5,1.168,0.114020,0.6899,0.1656,1.036,15.22
579,0280,0,1,286.5,0.145115,0.3503,0.3655,1.033,15.22
580,0294,88,6,0.09739,0.372157,0.2614,0.2931,1.025,15.22
581,0309,88,7,0.002,1.000570,0.4423,0.0757,1.025,15.22
582,0289,132,3,30.99,0.166886,0.5065,0.4093,1.034,15.22
583,0172,88,2,102.9,0.204079,0.2961,0.6234,1.045,15.22
584,0233,44,5,1.168,0.143158,0.4752,0.2639,1.044,15.22
585,0065,132,2,102.9,0.156326,0.4601,1.0827,1.036,15.22
586,0078,44,4,7.276,0.119015,0.4436,0.2497,1.028,15.22
587,0287,0,5,1.168,0.112099,0.2502,0.2097,1.030,15.22
588,0257,44,0,700,0.138626,0.5274,0.3242,1.048,15.22
589,0019,132,4,7.276,0.119431,0.3347,0.7317,1.041,15.22
590,0189,88,7,0.002,0.992700,0.2995,0.2697,1.037,15.22
591,0176,132,7,0.002,0.999155,0.3272,0.0944,1.042,15.22
592,0167,132,6,0.09739,0.280092,0.2779,0.2231,1.046,15.22
593,0014,132,2,102.9,0.176901,0.4494,1.0029,1.035,15.22
594,0182,132,6,0.09739,0.410464,0.9483,0.1871,1.028,15.22
595,0292,44,7,0.002,0.991531,0.3370,0.2054,1.028,15.22
596,0136,0,1,286.5,0.144372,0.3358,0.4212,1.039,15.22
597,0234,44,7,0.002,1.000790,0.3907,0.1163,1.046,15.22
598,0105,88,3,30.99,0.094825,0.7317,0.4383,1.036,15.22
599,0231,88,4,7.276,0.201493,0.3122,0.5455,1.044,15.22
600,0008,0,6,0.09739,0.548457,0.3474,0.3076,1.026,15.22
601,0013,88,4,7.276,0.078742,0.5058,0.2036,1.037,15.22
602,0254,132,3,30.99,0.163177,0.8725,0.4259,1.044,15.22
603,0048,0,7,0.002,1.005925,0.2862,0.0979,1.039,15.22
604,0173,88,5,1.168,0.100759,0.6058,0.2770,1.034,15.22
605,0054,44,2,102.9,0.164349,0.2599,0.6704,1.032,15.22
606,0110,0,3,30.99,0.104208,0.5391,0.4720,1.050,15.22
607,0142,0,4,7.276,0.099318,0.3406,0.1301,1.042,15.22
608,0197,0,7,0.002,0.988658,0.4488,0.2359,1.035,15.22
609,0305,88,3,30.99,0.176628,0.8039,0.9079,1.054,15.22
610,0237,132,6,0.09739,0.463579,0.4960,0.2741,1.034,15.22
611,0093,88,2,102.9,0.395990,0.4499,0.7195,1.033,15.22
612,0016,0,3,30.99,0.141135,0.9055,0.6119,1.039,15.22
613,0304,132,3,30.99,0.200942,0.3374,1.1819,1.028,15.22
614,0179,44,5,1.168,0.118227,0.2743,0.2105,1.035,15.22
615,0144,132,2,102.9,0.229959,0.3201,0.8334,1.043,15.22
616,0219,88,5,1.168,0.161264,0.4371,0.2944,1.036,15.22
617,0300,88,0,700,0.171649,0.6039,0.6963,1.031,15.22
618,0229,132,3,30.99,0.141127,0.5651,0.3315,1.029,15.22
619,0255,88,1,286.5,0.286772,0.3261,0.8393,1.039,15.22
620,0192,44,3,30.99,0.193136,0.2867,0.7589,1.061,15.22
621,0134,88,0,700,0.125892,0.6059,0.5410,1.038,15.22
622,0092,88,1,286.5,0.289157,0.2509,0.9107,1.055,15.22
623,0249,44,7,0.002,1.003427,0.7701,0.0843,1.043,15.22
624,0006,0,2,102.9,0.173679,0.3847,1.9553,1.037,15.22
625,0159,44,7,0.002,0.998806,0.3710,0.0568,1.025,15.22
626,0295,44,4,7.276,0.165759,0.2894,0.5262,1.029,15.22
627,0178,88,6,0.09739,0.275688,0.5065,0.1299,1.043,15.22
628,0157,132,3,30.99,0.172503,0.3109,0.8656,1.041,15.22
629,0074,44,1,286.5,0.147295,0.2758,0.4376,1.042,15.22
630,0191,132,5,1.168,0.141208,0.9364,0.2744,1.041,15.22
631,0194,44,6,0.09739,0.383703,0.2583,0.1670,1.047,15.22
632,0089,44,6,0.09739,0.406343,0.3530,0.5009,1.044,15.22
633,0158,132,3,30.99,0.126325,0.2731,0.5788,1.032,15.22
634,0246,44,1,286.5,0.171089,0.7245,0.7288,1.044,15.22
635,0221,88,3,30.99,0.197017,0.4614,1.7500,1.043,15.22
636,0066,132,0,700,0.176194,0.5112,1.0335,1.037,15.22
637,0186,0,7,0.002,0.989874,0.3087,0.1023,1.039,15.22
638,0293,88,4,7.276,0.183667,0.4949,0.4432,1.028,15.22
639,0108,88,4,7.276,0.107202,0.8144,0.4358,1.038,15.22
640,0169,132,5,1.168,0.101576,0.3484,0.1717,1.042,15.22
641,0250,88,5,1.168,0.113125,0.9240,0.1500,1.046,15.22
642,0119,132,2,102.9,0.187749,0.8392,0.5569,1.062,15.22
643,0047,88,3,30.99,0.094282,0.6788,0.2846,1.031,15.22
644,0275,132,0,700,0.237370,0.7256,0.5787,1.037,15.22
645,0083,0,6,0.09739,0.438744,0.2613,0.4800,1.035,15.22
646,0220,88,4,7.276,0.198690,0.3813,0.7585,1.050,15.22
647,0252,0,5,1.168,0.125150,0.6489,0.1578,1.038,15.22
648,0200,0,1,286.5,0.256497,0.8243,0.7639,1.033,15.22
649,0037,0,4,7.276,0.068420,0.3441,0.1863,1.050,15.22
650,0263,0,2,102.9,0.171638,0.7148,0.2755,1.057,15.22
651,0025,44,3,30.99,0.239215,0.3503,0.9404,1.043,15.22
652,0034,44,3,30.99,0.167304,0.7730,0.3518,1.053,15.22
653,0007,132,7,0.002,0.999316,0.5325,0.0628,1.044,15.22
654,0306,132,2,102.9,0.165836,0.3248,0.6024,1.028,15.22
655,0022,44,4,7.276,0.079652,0.2549,0.2515,1.041,15.22
656,0118,0,3,30.99,0.181812,0.4016,1.1615,1.047,15.22
657,0113,132,7,0.002,0.997911,0.2622,0.0795,1.031,15.22
658,0241,132,6,0.09739,0.691895,0.6496,0.3721,1.047,15.22
659,0218,132,4,7.276,0.139802,0.6827,0.9833,1.035,15.22
660,0223,0,3,30.99,0.203926,0.5253,0.4149,1.047,15.22
661,0009,0,6,0.09739,0.564776,0.5105,0.3058,1.038,15.22
662,0031,132,0,700,0.132490,0.3402,0.5379,1.033,15.22
663,0112,0,5,1.168,0.115535,0.5816,0.2610,1.054,15.22
664,0271,0,2,102.9,0.193827,0.6997,0.3267,1.036,15.22
665,0222,132,6,0.09739,0.468290,0.5761,0.2364,1.034,15.22
666,0242,44,2,102.9,0.181571,0.7958,0.5723,1.027,15.22
667,0290,44,0,700,0.176621,0.6017,0.5590,1.035,15.22
668,0138,132,6,0.09739,0.496325,0.3793,0.3209,1.054,15.22
669,0214,44,3,30.99,0.186796,0.2544,0.8727,1.033,15.22
670,0198,44,3,30.99,0.182762,0.6584,1.0535,1.035,15.22
671,0081,0,6,0.09739,0.506101,0.4256,0.3794,1.035,15.22
672,0023,44,6,0.09739,0.406390,0.2549,0.3253,1.040,15.22
673,0050,44,4,7.276,0.161348,0.3406,1.2375,1.048,15.22
674,0201,88,6,0.09739,0.830608,0.7445,0.2961,1.046,15.22
675,0199,44,0,700,0.226760,0.4438,0.4953,1.056,15.22
676,0276,44,4,7.276,0.134173,0.3677,0.5321,1.031,15.22
677,0212,44,6,0.09739,0.490897,0.4724,0.2677,1.035,15.22
678,0104,44,1,286.5,0.125181,0.9778,0.3322,1.031,15.22
679,0153,44,7,0.002,1.001109,0.3662,0.0663,1.051,15.22
680,0285,44,4,7.276,0.167867,0.6921,0.7271,1.034,15.22
681,0045,132,7,0.002,0.970936,0.4316,0.1983,1.049,15.22
682,0230,44,2,102.9,0.194476,0.4207,0.9187,1.041,15.22
683,0061,132,3,30.99,0.089428,0.2923,0.3523,1.052,15.22
684,0005,0,6,0.09739,0.479606,0.5832,0.2264,1.044,15.22
685,0146,88,6,0.09739,0.426320,0.3158,0.2570,1.048,15.22
686,0235,132,0,700,0.260382,0.3172,0.4403,1.046,15.22
687,0002,0,5,1.168,0.092852,0.8093,0.0755,1.031,15.22
688,0291,88,6,0.09739,0.474413,0.7206,0.1736,1.042,15.22
689,0029,132,6,0.09739,0.419852,0.7217,0.2092,1.036,15.22
690,0150,44,6,0.09739,0.484782,0.3116,0.3813,1.033,15.22
691,0068,88,1,286.5,0.128058,0.8016,0.4239,1.038,15.22
692,0303,44,0,700,0.190175,0.3249,0.7130,1.037,15.22
693,0131,0,2,102.9,0.141312,0.6877,0.9755,1.043,15.22
694,0058,132,2,102.9,0.050829,0.4671,0.0949,1.039,15.22
695,0288,0,1,286.5,0.207596,0.3246,0.4526,1.044,15.22
696,0228,0,3,30.99,0.200947,0.4878,0.5455,1.035,15.22
697,0211,44,1,286.5,0.240300,0.5472,0.5117,1.049,15.22
698,0049,132,6,0.09739,0.504654,0.3585,0.1906,1.039,15.22
699,0270,88,6,0.09739,0.413743,0.5186,0.1846,1.031,15.22
700,0017,132,6,0.09739,0.343199,0.6636,0.1777,1.030,15.22
701,0298,88,1,286.5,0.214418,0.4606,0.7132,1.057,15.22
702,0239,88,1,286.5,0.214227,0.5540,0.5188,1.031,15.22
703,0243,0,3,30.99,0.253838,0.3410,1.4084,1.034,15.22
704,0260,88,3,30.99,0.181114,0.4527,0.8016,1.037,15.22
705,0116,44,7,0.002,0.995322,0.7149,0.1776,1.039,15.22
706,0121,44,6,0.09739,0.425556,0.4284,0.1775,1.046,15.22
707,0253,88,3,30.99,0.197122,0.7536,0.8045,1.042,15.22
708,0021,0,2,102.9,0.168610,0.5609,0.5305,1.032,15.22
709,0012,0,4,7.276,0.113682,0.5348,0.2045,1.059,15.22
710,0273,44,3,30.99,0.201921,0.4021,0.9485,1.035,15.22
711,0103,0,6,0.09739,0.381664,0.6627,0.3068,1.026,15.22
712,0102,44,0,700,0.073096,0.3606,0.1684,1.030,15.22
713,0026,0,4,7.276,0.144731,0.6390,0.4255,1.047,15.22
714,0101,132,1,286.5,0.106704,0.2942,0.4313,1.036,15.22
715,0155,132,6,0.09739,0.483425,0.2594,0.4589,1.032,15.22
716,0067,44,2,102.9,0.135967,0.4797,0.2017,1.032,15.22
717,0051,132,3,30.99,0.140891,0.4421,0.5232,1.037,15.22
718,0193,44,5,1.168,0.189257,0.2887,0.3550,1.033,15.22
719,0279,0,6,0.09739,0.420501,0.4464,0.1620,1.052,15.22
720,0056,44,0,700,0.168181,0.5705,0.4192,1.045,15.22
721,0224,0,5,1.168,0.147132,0.4411,0.4838,1.039,15.22
722,0069,132,0,700,0.188033,0.5561,0.5296,1.045,15.22
723,0248,132,7,0.002,1.000906,0.5717,0.0803,1.035,15.22
724,0162,44,3,30.99,0.153438,0.4278,1.0997,1.038,15.22
725,0122,88,7,0.002,1.000291,0.6434,0.0638,1.029,15.22
726,0055,44,2,102.9,0.150876,0.5828,0.6270,1.035,15.22
727,0010,0,6,0.09739,0.463649,0.5019,0.2097,1.043,15.22
728,0148,132,6,0.09739,0.483008,0.3793,0.4860,1.037,15.22
729,0160,0,5,1.168,0.116280,0.4687,0.2569,1.035,15.22
730,0213,44,4,7.276,0.167716,0.5208,0.9478,1.044,15.22
731,0044,132,7,0.002,0.985611,0.3602,0.2025,1.045,15.22
732,0024,88,6,0.09739,0.402308,0.3121,0.1614,1.034,15.22
733,0175,132,2,102.9,0.152233,0.6600,0.7123,1.046,15.22
734,0028,132,6,0.09739,0.440986,0.3926,0.1667,1.041,15.22
735,0226,44,4,7.276,0.159928,0.5940,0.6234,1.051,15.22
736,0057,132,6,0.09739,0.573106,0.6551,0.2946,1.030,15.22
737,0035,88,6,0.09739,0.378630,0.3896,0.1688,1.033,15.22
738,0140,0,7,0.002,0.994133,0.3466,0.1041,1.032,15.22
739,0117,132,2,102.9,0.174898,0.6087,0.4521,1.044,15.22
740,0244,0,0,700,0.168448,0.6143,0.6016,1.032,15.22
741,0085,88,4,7.276,0.117969,0.3250,0.3930,1.033,15.22
742,0256,0,7,0.002,0.997271,0.3902,0.0623,1.032,15.22
743,0059,88,5,1.168,0.093632,0.2981,0.1664,1.036,15.22
744,0185,44,5,1.168,0.113696,0.2984,0.2175,1.036,15.22
745,0183,0,4,7.276,0.157031,0.7455,0.4272,1.037,15.22
746,0001,44,0,700,0.132006,0.2594,0.4540,1.045,15.22
747,0084,0,5,1.168,0.113889,0.4645,0.0989,1.042,15.22
748,0308,44,3,30.99,0.203961,0.6458,0.4819,1.060,15.22
749,0053,44,6,0.09739,0.619177,0.4135,0.2840,1.042,15.22
750,0060,44,2,102.9,0.089184,0.2746,0.0810,1.030,15.22
751,0299,88,6,0.09739,0.592166,0.4904,0.2751,1.050,15.22
752,0307,44,3,30.99,0.177099,0.7271,0.5265,1.032,15.22
753,0207,88,7,0.002,1.000171,0.5814,0.0988,1.046,15.22
754,0027,88,7,0.002,0.997465,0.9185,0.0644,1.028,15.22
755,0008,0,1,286.5,0.137357,0.3474,0.7956,1.034,15.22
756,0093,44,3,30.99,0.114231,0.6347,0.1232,1.044,15.22
757,0167,44,1,286.5,0.140409,0.3120,0.3763,1.044,15.22
758,0024,0,6,0.09739,0.411085,0.3793,0.1445,1.029,15.22
759,0285,88,2,102.9,0.186952,0.7080,0.7451,1.033,15.22
760,0244,0,1,286.5,0.166573,0.6143,0.5674,1.055,15.22
761,0224,88,1,286.5,0.267604,0.5484,0.8898,1.035,15.22
762,0108,88,6,0.09739,0.337474,0.8144,0.1059,1.036,15.22
763,0033,88,4,7.276,0.134095,0.3664,0.6562,1.034,15.22
764,0109,0,1,286.5,0.216539,0.4905,0.9292,1.056,15.22
765,0017,0,4,7.276,0.129586,0.7036,0.4037,1.034,15.22
766,0294,0,5,1.168,0.135112,0.2980,0.2085,1.033,15.22
767,0239,132,2,102.9,0.219046,0.5541,0.6403,1.039,15.22
768,0308,88,7,0.002,1.000975,0.6401,0.0717,1.044,15.22
769,0078,132,4,7.276,0.080967,0.4397,0.2306,1.048,15.22
770,0006,44,2,102.9,0.177722,0.4209,1.5633,1.025,15.22
771,0254,132,1,286.5,0.171961,0.8725,0.5687,1.029,15.22
772,0289,44,6,0.09739,0.329354,0.5227,0.1328,1.031,15.22
773,0278,132,5,1.168,0.118573,0.4107,0.2536,1.047,15.22
774,0051,44,4,7.276,0.140679,0.4677,0.9197,1.033,15.22
775,0036,0,3,30.99,0.123833,0.6630,0.3744,1.041,15.22
776,0229,44,7,0.002,0.998035,0.7767,0.1139,1.037,15.22
777,0198,132,2,102.9,0.164101,0.3290,0.8502,1.049,15.22
778,0273,0,4,7.276,0.186740,0.4305,1.9222,1.040,15.22
779,0180,88,5,1.168,0.098492,0.4941,0.1847,1.030,15.22
780,0213,0,5,1.168,0.126214,0.4383,0.2459,1.040,15.22
781,0302,132,4,7.276,0.141593,0.7358,0.7634,1.025,15.22
782,0013,0,5,1.168,0.110332,0.5189,0.1128,1.030,15.22
783,0298,88,3,30.99,0.212292,0.4606,1.0338,1.049,15.22
784,0027,0,6,0.09739,0.378929,0.9206,0.1202,1.035,15.22
785,0029,0,7,0.002,0.998531,0.6867,0.0829,1.038,15.22
786,0202,88,4,7.276,0.149387,0.6250,0.6288,1.033,15.22
787,0190,44,0,700,0.182266,0.8978,0.8063,1.028,15.22
788,0116,88,5,1.168,0.104504,0.6284,0.2224,1.050,15.22
789,0226,44,5,1.168,0.123398,0.5940,0.2202,1.045,15.22
790,0271,88,4,7.276,0.138389,0.5279,0.3809,1.028,15.22
791,0292,44,4,7.276,0.228281,0.3370,1.1647,1.043,15.22
792,0037,44,2,102.9,0.068754,0.3521,0.1313,1.048,15.22
793,0030,88,5,1.168,0.087774,0.7899,0.1126,1.032,15.22
794,0263,88,1,286.5,0.199695,0.7067,0.3438,1.044,15.22
795,0122,132,4,7.276,0.107681,0.6786,0.2802,1.046,15.22
796,0241,44,1,286.5,0.213153,0.6117,0.4535,1.044,15.22
797,0257,132,6,0.09739,0.293969,0.5043,0.1456,1.042,15.22
798,0181,0,7,0.002,0.985211,0.9712,0.2822,1.028,15.22
799,0253,132,2,102.9,0.190322,0.5801,0.8838,1.050,15.22
800,0135,0,2,102.9,0.169119,0.7724,0.7686,1.039,15.22
801,0191,44,6,0.09739,0.413948,0.9522,0.2166,1.042,15.22
802,0153,88,0,700,0.186361,0.4170,0.6180,1.029,15.22
803,0112,44,5,1.168,0.093532,0.6287,0.1290,1.053,15.22
804,0300,88,7,0.002,0.999792,0.6039,0.0752,1.040,15.22
805,0119,44,1,286.5,0.189643,0.8900,0.7021,1.033,15.22
806,0148,0,3,30.99,0.072547,0.4033,0.1770,1.034,15.22
807,0192,88,2,102.9,0.196405,0.2966,0.5618,1.027,15.22
808,0207,88,7,0.002,1.002447,0.5814,0.1169,1.038,15.22
809,0218,0,1,286.5,0.150155,0.6833,0.4939,1.043,15.22
810,0211,132,0,700,0.285828,0.2620,1.1803,1.044,15.22
811,0199,132,3,30.99,0.217143,0.5190,0.7139,1.030,15.22
812,0296,44,3,30.99,0.154670,0.4710,0.4850,1.048,15.22
813,0228,132,4,7.276,0.160206,0.6895,0.7537,1.043,15.22
814,0157,88,2,102.9,0.164411,0.3362,0.6046,1.043,15.22
815,0174,132,5,1.168,0.104362,0.5014,0.1854,1.031,15.22
816,0291,0,5,1.168,0.132801,0.5724,0.2013,1.057,15.22
817,0134,132,7,0.002,0.996792,0.6199,0.0703,1.033,15.22
818,0056,0,7,0.002,0.996549,0.3585,0.0900,1.033,15.22
819,0173,0,2,102.9,0.120027,0.6075,0.4814,1.041,15.22
820,0032,132,7,0.002,0.988752,0.5697,0.1744,1.036,15.22
821,0290,132,5,1.168,0.121414,0.6502,0.1620,1.055,15.22
822,0043,0,7,0.002,0.999492,0.3786,0.2132,1.044,15.22
823,0047,132,7,0.002,0.997072,0.7633,0.1528,1.036,15.22
824,0012,0,1,286.5,0.126817,0.5348,0.3976,1.047,15.22
825,0111,0,4,7.276,0.175032,0.3057,0.6252,1.042,15.22
826,0227,44,3,30.99,0.194373,0.4984,1.1700,1.034,15.22
827,0069,88,5,1.168,0.125537,0.5899,0.1569,1.030,15.22
828,0277,88,1,286.5,0.145985,0.4601,0.4761,1.049,15.22
829,0150,0,2,102.9,0.059388,0.4108,0.1089,1.035,15.22
830,0067,88,2,102.9,0.134475,0.4781,0.2814,1.031,15.22
831,0230,132,6,0.09739,0.396997,0.4525,0.2493,1.041,15.22
832,0121,44,4,7.276,0.156867,0.4284,0.8905,1.027,15.22
833,0293,132,7,0.002,0.990642,0.4626,0.4752,1.041,15.22
834,0117,132,6,0.09739,0.389554,0.6087,0.1204,1.053,15.22
835,0065,0,6,0.09739,0.470265,0.7723,0.1470,1.033,15.22
836,0178,0,4,7.276,0.134407,0.5320,0.4255,1.034,15.22
837,0106,44,7,0.002,0.997645,0.6682,0.0739,1.059,15.22
838,0035,0,7,0.002,0.994986,0.3588,0.1875,1.038,15.22
839,0256,88,3,30.99,0.228002,0.2592,2.0367,1.033,15.22
840,0045,44,5,1.168,0.062696,0.4260,0.0573,1.035,15.22
841,0162,0,6,0.09739,0.416899,0.3816,0.3026,1.050,15.22
842,0068,132,4,7.276,0.108038,0.7284,0.3541,1.032,15.22
843,0304,44,4,7.276,0.161970,0.3698,0.9845,1.035,15.22
844,0131,88,3,30.99,0.122986,0.6953,0.3419,1.043,15.22
845,0219,88,5,1.168,0.159825,0.4371,0.3018,1.031,15.22
846,0166,88,7,0.002,0.997043,0.5908,0.0627,1.044,15.22
847,0046,88,1,286.5,0.122062,0.6189,0.4760,1.050,15.22
848,0171,88,5,1.168,0.084120,0.9374,0.2938,1.058,15.22
849,0160,44,3,30.99,0.194590,0.4429,0.6593,1.049,15.22
850,0208,132,5,1.168,0.170703,0.5462,0.2869,1.036,15.22
851,0309,88,7,0.002,0.998887,0.4423,0.0886,1.021,15.22
852,0159,44,4,7.276,0.108384,0.3710,0.6745,1.028,15.22
853,0176,44,3,30.99,0.238432,0.3987,0.8107,1.020,15.22
854,0085,132,2,102.9,0.132376,0.3287,0.4252,1.039,15.22
855,0059,132,3,30.99,0.111180,0.3129,0.2928,1.047,15.22
856,0169,44,0,700,0.187621,0.3765,0.5117,1.035,15.22
857,0217,44,4,7.276,0.142243,0.8772,0.7022,1.040,15.22
858,0200,0,5,1.168,0.259529,0.8243,0.5284,1.028,15.22
859,0105,44,2,102.9,0.101275,0.8377,0.2017,1.033,15.22
860,0009,132,5,1.168,0.106594,0.5274,0.0956,1.030,15.22
861,0061,44,1,286.5,0.095116,0.3144,0.4343,1.044,15.22
862,0007,132,2,102.9,0.096856,0.5325,0.3028,1.045,15.22
863,0034,0,2,102.9,0.178364,0.7095,0.3932,1.048,15.22
864,0255,0,4,7.276,0.191739,0.5819,0.5809,1.050,15.22
865,0279,0,6,0.09739,0.420553,0.4464,0.1579,1.040,15.22
866,0055,0,4,7.276,0.137801,0.5440,0.4232,1.035,15.22
867,0053,0,3,30.99,0.195171,0.5151,1.1124,1.053,15.22
868,0252,0,0,700,0.208695,0.6489,0.3648,1.039,15.22
869,0044,132,3,30.99,0.122406,0.3602,0.2574,1.043,15.22
870,0284,0,1,286.5,0.211915,0.8043,0.6831,1.025,15.22
871,0223,0,6,0.09739,0.310515,0.5253,0.1375,1.031,15.22
872,0182,88,1,286.5,0.159659,0.9389,1.0974,1.044,15.22
873,0275,0,5,1.168,0.125104,0.3617,0.2029,1.052,15.22
874,0139,44,1,286.5,0.156376,0.4304,1.0513,1.029,15.22
875,0028,132,5,1.168,0.104479,0.3926,0.1804,1.046,15.22
876,0113,0,7,0.002,0.996684,0.6547,0.1324,1.043,15.22
877,0107,88,5,1.168,0.162197,0.2589,0.1806,1.038,15.22
878,0206,132,5,1.168,0.116838,0.5651,0.4239,1.031,15.22
879,0133,0,4,7.276,0.099114,0.6899,0.4549,1.028,15.22
880,0201,44,3,30.99,0.243770,0.7255,0.8461,1.061,15.22
881,0235,88,7,0.002,1.004621,0.3139,0.1188,1.028,15.22
882,0247,88,7,0.002,1.001831,0.6027,0.0774,1.037,15.22
883,0081,88,1,286.5,0.336050,0.3716,1.1055,1.035,15.22
884,0066,0,5,1.168,0.107181,0.7259,0.1997,1.030,15.22
885,0118,132,6,0.09739,0.531575,0.4280,0.4935,1.052,15.22
886,0103,88,5,1.168,0.080582,0.6885,0.0903,1.049,15.22
887,0084,132,6,0.09739,0.650819,0.2858,0.3854,1.037,15.22
888,0243,0,4,7.276,0.203115,0.3410,1.5288,1.042,15.22
889,0299,88,7,0.002,0.997515,0.4904,0.0878,1.038,15.22
890,0175,44,5,1.168,0.085659,0.6888,0.1287,1.038,15.22
891,0307,88,4,7.276,0.181144,0.6664,0.9419,1.030,15.22
892,0016,132,2,102.9,0.150808,0.6553,1.2424,1.028,15.22
893,0276,0,0,700,0.166831,0.3558,0.6330,1.050,15.22
894,0215,132,7,0.002,0.999307,0.4866,0.1098,1.034,15.22
895,0102,44,3,30.99,0.073282,0.3606,0.2554,1.040,15.22
896,0280,132,4,7.276,0.118574,0.4177,0.6208,1.031,15.22
897,0246,132,0,700,0.171503,0.7079,0.6497,1.029,15.22
898,0270,132,3,30.99,0.242042,0.4014,1.1357,1.030,15.22
899,0104,132,7,0.002,0.997899,0.7795,0.1552,1.036,15.22
900,0089,44,3,30.99,0.072856,0.3530,0.2529,1.052,15.22
901,0058,0,2,102.9,0.054313,0.4824,0.1479,1.033,15.22
902,0010,0,7,0.002,0.996375,0.5019,0.0935,1.027,15.22
903,0197,132,4,7.276,0.162585,0.5646,0.9470,1.029,15.22
904,0021,44,4,7.276,0.149922,0.5684,1.4428,1.032,15.22
905,0057,132,3,30.99,0.161881,0.6551,0.7122,1.048,15.22
906,0005,132,5,1.168,0.104253,0.6836,0.1768,1.038,15.22
907,0250,44,4,7.276,0.132459,0.9332,0.6939,1.031,15.22
908,0014,0,0,700,0.156511,0.4051,0.8641,1.026,15.22
909,0146,44,3,30.99,0.084585,0.3023,0.5707,1.032,15.22
910,0079,88,2,102.9,0.095187,0.4342,0.4454,1.054,15.22
911,0002,0,3,30.99,0.079301,0.8093,0.8606,1.037,15.22
912,0010,88,7,0.002,0.999498,0.4750,0.0814,1.031,15.22
913,0172,44,1,286.5,0.204737,0.2530,1.0155,1.037,15.22
914,0253,0,5,1.168,0.147964,0.6753,0.3908,1.031,15.22
915,0218,132,1,286.5,0.191495,0.6827,0.9061,1.043,15.22
916,0116,0,1,286.5,0.185295,0.7742,0.8116,1.039,15.22
917,0277,132,2,102.9,0.152523,0.4442,0.4989,1.034,15.22
918,0284,44,2,102.9,0.242145,0.8752,0.7425,1.030,15.22
919,0300,132,5,1.168,0.118998,0.5091,0.2379,1.023,15.22
920,0131,0,0,700,0.138368,0.6877,0.9402,1.028,15.22
921,0243,44,6,0.09739,0.394450,0.3607,0.3246,1.058,15.22
922,0177,88,1,286.5,0.155771,0.2932,0.7456,1.036,15.22
923,0217,88,3,30.99,0.164328,0.9605,1.2048,1.036,15.22
924,0229,132,1,286.5,0.145800,0.5651,0.4432,1.029,15.22
925,0109,132,5,1.168,0.103439,0.5673,0.5374,1.051,15.22
926,0045,0,6,0.09739,0.303563,0.4273,0.4747,1.031,15.22
927,0069,132,5,1.168,0.134663,0.5561,0.1531,1.048,15.22
928,0107,44,2,102.9,0.107793,0.5461,0.4858,1.048,15.22
929,0228,44,4,7.276,0.162796,0.4808,0.4295,1.046,15.22
930,0060,44,4,7.276,0.067041,0.2746,0.0953,1.043,15.22
931,0058,132,3,30.99,0.051367,0.4671,0.1156,1.038,15.22
932,0012,44,2,102.9,0.121128,0.5823,0.3040,1.049,15.22
933,0206,44,3,30.99,0.131945,0.7767,0.4270,1.043,15.22
934,0290,88,0,700,0.255754,0.5872,1.6270,1.032,15.22
935,0146,0,2,102.9,0.087521,0.2763,0.2889,1.039,15.22
936,0221,0,5,1.168,0.099656,0.4273,0.2903,1.043,15.22
937,0148,88,5,1.168,0.109752,0.3990,0.0752,1.034,15.22
938,0037,0,6,0.09739,0.350600,0.3441,0.3657,1.032,15.22
939,0292,88,4,7.276,0.226220,0.3530,0.5353,1.039,15.22
940,0157,44,6,0.09739,0.477949,0.3820,0.2170,1.030,15.22
941,0113,44,2,102.9,0.125785,0.6690,0.4382,1.029,15.22
942,0044,0,1,286.5,0.097896,0.3221,0.2846,1.032,15.22
943,0013,44,6,0.09739,0.497449,0.5209,0.2206,1.048,15.22
944,0104,88,1,286.5,0.123417,0.9224,0.4437,1.042,15.22
945,0117,0,1,286.5,0.172873,0.5793,0.5436,1.024,15.22
946,0047,88,4,7.276,0.091511,0.6788,0.3530,1.030,15.22
947,0066,132,6,0.09739,0.436225,0.5112,0.1959,1.032,15.22
948,0239,0,4,7.276,0.198010,0.3479,0.9772,1.045,15.22
949,0233,88,2,102.9,0.211336,0.5344,0.5943,1.036,15.22
950,0119,0,6,0.09739,0.453452,0.9018,0.2031,1.038,15.22
951,0214,44,5,1.168,0.130394,0.2544,0.3928,1.039,15.22
952,0305,88,7,0.002,1.002341,0.8039,0.1049,1.055,15.22
953,0201,132,6,0.09739,0.838341,0.7521,0.2867,1.043,15.22
954,0240,0,3,30.99,0.208140,0.3452,0.7454,1.033,15.22
955,0256,44,5,1.168,0.136158,0.3868,0.2962,1.039,15.22
956,0026,0,7,0.002,0.999279,0.6390,0.0613,1.051,15.22
957,0250,0,6,0.09739,0.434505,0.9244,0.2058,1.042,15.22
958,0001,0,0,700,0.142234,0.2611,0.6201,1.028,15.22
959,0102,0,6,0.09739,0.387457,0.3254,0.4105,1.032,15.22
960,0211,88,6,0.09739,0.514161,0.4185,0.3752,1.058,15.22
961,0181,121,1,286.5,0.176595,0.9357,1.3067,1.042,15.22
962,0017,88,3,30.99,0.171670,0.5777,0.9589,1.026,15.22
963,0014,88,1,286.5,0.181147,0.4609,0.6176,1.027,15.22
964,0198,44,0,700,0.189749,0.6584,0.6682,1.054,15.22
965,0056,132,3,30.99,0.151678,0.4958,0.3648,1.033,15.22
966,0106,88,2,102.9,0.120816,0.6688,0.4114,1.044,15.22
967,0008,44,5,1.168,0.136153,0.3354,0.1258,1.054,15.22
968,0021,132,1,286.5,0.161008,0.5869,0.6240,1.052,15.22
969,0162,44,1,286.5,0.152473,0.4278,0.8195,1.041,15.22
970,0244,132,6,0.09739,0.326455,0.6015,0.1780,1.030,15.22
971,0226,132,5,1.168,0.111615,0.5708,0.2350,1.050,15.22
972,0197,0,7,0.002,0.991966,0.4488,0.1236,1.044,15.22
973,0083,0,4,7.276,0.123564,0.2613,0.4416,1.023,15.22
974,0291,88,7,0.002,0.998933,0.7206,0.0899,1.031,15.22
975,0303,44,4,7.276,0.170991,0.3249,0.9118,1.027,15.22
976,0118,0,0,700,0.179140,0.4016,0.8733,1.046,15.22
977,0029,88,2,102.9,0.092772,0.6944,0.3010,1.031,15.22
978,0169,88,0,700,0.176678,0.5096,0.7166,1.032,15.22
979,0030,132,1,286.5,0.108517,0.8322,0.3049,1.031,15.22
980,0100,0,1,286.5,0.179834,0.2716,0.4936,1.039,15.22
981,0051,88,7,0.002,0.998596,0.4917,0.0650,1.033,15.22
982,0059,88,1,286.5,0.108545,0.2981,0.3779,1.055,15.22
983,0057,44,7,0.002,0.998461,0.6377,0.0956,1.034,15.22
984,0174,88,6,0.09739,0.377892,0.4977,0.2137,1.040,15.22
985,0043,132,2,102.9,0.070709,0.3846,0.1821,1.032,15.22
986,0032,88,1,286.5,0.120106,0.5666,1.4033,1.057,15.22
987,0302,44,0,700,0.157006,0.6884,0.7970,1.039,15.22
988,0276,44,3,30.99,0.161788,0.3677,1.3436,1.043,15.22
989,0202,44,1,286.5,0.184143,0.5606,0.8052,1.035,15.22
990,0067,44,5,1.168,0.147636,0.4797,0.1106,1.038,15.22
991,0279,88,7,0.002,0.996297,0.3093,0.1314,1.030,15.22
992,0122,44,3,30.99,0.117404,0.6293,0.4304,1.038,15.22
993,0035,88,5,1.168,0.090051,0.3896,0.1612,1.034,15.22
994,0295,132,2,102.9,0.169326,0.2711,1.0067,1.034,15.22
995,0024,132,7,0.002,0.995889,0.3402,0.0982,1.041,15.22
996,0215,44,5,1.168,0.112729,0.5401,0.1891,1.038,15.22
997,0207,0,1,286.5,0.233408,0.6609,0.5558,1.045,15.22
998,0193,0,2,102.9,0.220345,0.4121,0.8757,1.066,15.22
999,0068,0,4,7.276,0.110237,0.7691,0.3360,1.045,15.22
1000,0167,132,2,102.9,0.160482,0.2779,0.7118,1.041,15.22
1001,0304,0,1,286.5,0.170656,0.4132,0.3522,1.040,15.22
1002,0257,44,0,700,0.140306,0.5274,0.4234,1.044,15.22
1003,0033,0,0,700,0.151422,0.3347,0.4759,1.033,15.22
1004,0002,132,4,7.276,0.064340,0.8218,0.0945,1.046,15.22
1005,0160,0,3,30.99,0.190211,0.4687,0.8606,1.055,15.22
1006,0078,0,5,1.168,0.100393,0.4027,0.1833,1.029,15.22
1007,0273,88,7,0.002,0.996304,0.3200,0.0783,1.035,15.22
1008,0199,44,0,700,0.228316,0.4438,0.5450,1.048,15.22
1009,0186,132,5,1.168,0.075612,0.2902,0.1399,1.038,15.22
1010,0166,0,4,7.276,0.157681,0.6172,1.2600,1.032,15.22
1011,0223,44,1,286.5,0.209884,0.5309,0.4067,1.031,15.22
1012,0134,88,2,102.9,0.115352,0.6059,0.5845,1.054,15.22
1013,0278,88,6,0.09739,0.428152,0.4161,0.2148,1.036,15.22
1014,0046,132,5,1.168,0.098193,0.5345,0.0461,1.036,15.22
1015,0139,0,1,286.5,0.167376,0.5051,0.9437,1.037,15.22
1016,0053,88,6,0.09739,0.585526,0.5133,0.3033,1.031,15.22
1017,0007,88,4,7.276,0.102158,0.4947,0.2534,1.043,15.22
1018,0307,44,1,286.5,0.187016,0.7271,0.7854,1.051,15.22
1019,0108,0,5,1.168,0.108242,0.7917,0.2134,1.034,15.22
1020,0293,0,0,700,0.239703,0.4845,0.4377,1.039,15.22
1021,0296,88,7,0.002,1.002342,0.4275,0.0748,1.049,15.22
1022,0153,0,0,700,0.174307,0.3884,0.5088,1.043,15.22
1023,0159,88,3,30.99,0.122859,0.4549,0.6049,1.029,15.22
1024,0298,44,7,0.002,1.000998,0.5081,0.0995,1.038,15.22
1025,0175,0,3,30.99,0.144787,0.6655,0.3440,1.040,15.22
1026,0065,132,2,102.9,0.160182,0.4601,1.5955,1.044,15.22
1027,0105,132,1,286.5,0.093859,0.8398,0.6374,1.042,15.22
1028,0135,88,7,0.002,0.997219,0.5784,0.0641,1.029,15.22
1029,0294,88,5,1.168,0.154707,0.2614,0.3581,1.044,15.22
1030,0200,44,2,102.9,0.249059,0.7936,0.7678,1.043,15.22
1031,0133,132,1,286.5,0.100172,0.6427,0.4016,1.034,15.22
1032,0213,132,0,700,0.172271,0.4442,0.5361,1.036,15.22
1033,0289,132,0,700,0.172527,0.5065,0.4818,1.059,15.22
1034,0185,88,0,700,0.210922,0.3318,0.6641,1.041,15.22
1035,0254,44,4,7.276,0.142149,0.6129,0.5142,1.036,15.22
1036,0309,0,1,286.5,0.175934,0.4225,0.5271,1.046,15.22
1037,0034,132,2,102.9,0.164936,0.6864,0.4716,1.038,15.22
1038,0016,88,3,30.99,0.119540,0.2954,0.8305,1.035,15.22
1039,0242,44,4,7.276,0.169454,0.7958,0.4377,1.039,15.22
1040,0121,88,5,1.168,0.118546,0.4100,0.2454,1.036,15.22
1041,0231,132,6,0.09739,0.456215,0.3203,0.3740,1.043,15.22
1042,0224,132,4,7.276,0.281374,0.2871,1.1548,1.047,15.22
1043,0173,88,6,0.09739,0.343010,0.6058,0.2697,1.031,15.22
1044,0235,132,7,0.002,0.994445,0.3172,0.2907,1.042,15.22
1045,0009,44,3,30.99,0.096260,0.5207,0.4502,1.049,15.22
1046,0247,132,1,286.5,0.170550,0.5474,1.0697,1.034,15.22
1047,0079,0,1,286.5,0.176526,0.2801,1.0014,1.038,15.22
1048,0178,132,0,700,0.135104,0.4927,0.4092,1.039,15.22
1049,0275,44,7,0.002,1.002086,0.3219,0.0781,1.052,15.22
1050,0270,88,3,30.99,0.233254,0.5186,0.7339,1.046,15.22
1051,0036,88,3,30.99,0.103051,0.4590,0.4058,1.042,15.22
1052,0132,132,5,1.168,0.120471,0.3595,1.1944,1.048,15.22
1053,0085,44,3,30.99,0.158239,0.3153,1.0247,1.048,15.22
1054,0176,0,6,0.09739,0.392752,0.3042,0.3146,1.051,15.22
1055,0230,88,1,286.5,0.190010,0.4327,0.4848,1.042,15.22
1056,0192,132,3,30.99,0.149277,0.3363,0.5657,1.043,15.22
1057,0252,44,6,0.09739,0.430738,0.5639,0.1554,1.037,15.22
1058,0190,0,7,0.002,0.995298,0.8888,0.0492,1.055,15.22
1059,0150,88,3,30.99,0.054688,0.3741,0.1919,1.037,15.22
1060,0220,44,4,7.276,0.182006,0.4209,0.7253,1.036,15.22
1061,0285,44,5,1.168,0.104969,0.6921,0.1264,1.029,15.22
1062,0219,0,2,102.9,0.247703,0.5656,0.8272,1.030,15.22
1063,0006,88,7,0.002,1.000363,0.5526,0.1653,1.045,15.22
1064,0208,88,4,7.276,0.248045,0.5145,0.9756,1.048,15.22
1065,0089,132,7,0.002,0.992191,0.3210,0.1558,1.030,15.22
1066,0054,44,3,30.99,0.156211,0.2599,0.8133,1.045,15.22
1067,0191,88,2,102.9,0.193768,0.9491,1.0730,1.049,15.22
1068,0299,132,3,30.99,0.220962,0.4558,0.5222,1.042,15.22
1069,0081,44,0,700,0.329866,0.4327,1.2843,1.025,15.22
1070,0180,0,0,700,0.173969,0.3485,0.5322,1.027,15.22
1071,0249,0,7,0.002,0.997859,0.6004,0.0495,1.057,15.22
1072,0084,44,6,0.09739,0.578241,0.4262,0.3493,1.034,15.22
1073,0241,0,2,102.9,0.338730,0.3008,1.3462,1.037,15.22
1074,0061,132,4,7.276,0.080976,0.2923,0.1895,1.037,15.22
1075,0028,88,4,7.276,0.120336,0.3941,0.5893,1.031,15.22
1076,0182,0,6,0.09739,0.281217,0.9697,0.1453,1.048,15.22
1077,0112,88,6,0.09739,0.388547,0.6358,0.2109,1.048,15.22
1078,0027,132,6,0.09739,0.385056,0.9092,0.2272,1.025,15.22
1079,0227,132,6,0.09739,0.594599,0.5170,0.2124,1.058,15.22
1080,0093,132,2,102.9,0.128666,0.7405,0.2369,1.040,15.22
1081,0271,44,3,30.99,0.177593,0.6266,0.3794,1.033,15.22
1082,0255,44,1,286.5,0.236152,0.6126,0.7305,1.034,15.22
1083,0280,44,5,1.168,0.096849,0.3385,0.1367,1.053,15.22
1084,0111,88,7,0.002,0.993391,0.2956,0.0946,1.033,15.22
1085,0103,132,2,102.9,0.083020,0.6913,0.7673,1.028,15.22
1086,0005,44,4,7.276,0.126342,0.6151,0.4266,1.041,15.22
1087,0308,0,4,7.276,0.206308,0.6226,0.6288,1.030,15.22
1088,0246,44,4,7.276,0.137582,0.7245,0.6327,1.039,15.22
1089,0263,44,7,0.002,0.999146,0.7244,0.0804,1.055,15.22
1090,0171,132,1,286.5,0.171060,0.8817,1.2834,1.039,15.22
1091,0074,88,5,1.168,0.124229,0.3113,0.2411,1.033,15.22
1092,0110,88,7,0.002,1.000997,0.3449,0.1137,1.052,15.22
1093,0165,44,1,286.5,0.151078,0.3495,0.7448,1.036,15.22
1094,0055,88,4,7.276,0.157581,0.4020,0.9880,1.033,15.22
1095,0089,0,5,1.168,0.070007,0.3553,0.0959,1.034,15.22
1096,0207,132,0,700,0.236607,0.5342,0.4719,1.055,15.22
1097,0263,132,6,0.09739,0.493622,0.6941,0.2033,1.031,15.22
1098,0172,88,1,286.5,0.201804,0.2961,0.7642,1.028,15.22
1099,0240,44,2,102.9,0.211430,0.2706,0.8431,1.045,15.22
1100,0206,0,6,0.09739,0.443581,0.8800,0.1875,1.032,15.22
1101,0277,44,1,286.5,0.142343,0.4619,0.6238,1.049,15.22
1102,0009,0,6,0.09739,0.569295,0.5105,0.2982,1.044,15.22
1103,0176,88,1,286.5,0.253066,0.3799,0.9135,1.037,15.22
1104,0182,44,4,7.276,0.117264,0.9672,0.5830,1.058,15.22
1105,0035,132,7,0.002,0.989459,0.3843,0.1798,1.040,15.22
1106,0227,88,2,102.9,0.195421,0.5494,0.8080,1.026,15.22
1107,0107,0,3,30.99,0.132231,0.5641,0.4519,1.029,15.22
1108,0249,88,4,7.276,0.193322,0.7565,1.0956,1.041,15.22
1109,0021,88,3,30.99,0.157246,0.5881,1.2439,1.037,15.22
1110,0057,88,6,0.09739,0.580729,0.6892,0.2886,1.043,15.22
1111,0033,44,0,700,0.162346,0.3729,0.7114,1.039,15.22
1112,0192,0,4,7.276,0.157681,0.2771,0.3911,1.040,15.22
1113,0153,44,5,1.168,0.160884,0.3662,0.1818,1.051,15.22
1114,0159,132,0,700,0.118836,0.4281,0.6493,1.031,15.22
1115,0233,0,7,0.002,1.001812,0.4869,0.0682,1.025,15.22
1116,0280,88,3,30.99,0.128443,0.4328,0.5896,1.031,15.22
1117,0200,132,1,286.5,0.263548,0.8561,1.2159,1.057,15.22
1118,0304,88,2,102.9,0.187927,0.4772,1.1238,1.040,15.22
1119,0005,0,2,102.9,0.163231,0.5832,0.7197,1.035,15.22
1120,0285,132,4,7.276,0.165491,0.7222,0.8451,1.038,15.22
1121,0219,132,3,30.99,0.238563,0.5044,0.8880,1.039,15.22
1122,0300,0,0,700,0.173566,0.5942,0.5151,1.036,15.22
1123,0078,44,0,700,0.134305,0.4436,0.4701,1.031,15.22
1124,0255,132,6,0.09739,0.558197,0.6103,0.2843,1.043,15.22
1125,0279,44,5,1.168,0.113128,0.3950,0.2419,1.035,15.22
1126,0202,132,5,1.168,0.105843,0.6397,0.1907,1.049,15.22
1127,0275,88,6,0.09739,0.510207,0.4276,0.4444,1.039,15.22
1128,0017,44,5,1.168,0.105266,0.6837,0.2509,1.035,15.22
1129,0247,44,2,102.9,0.251857,0.4325,0.8968,1.055,15.22
1130,0197,88,2,102.9,0.184120,0.4692,0.4027,1.040,15.22
1131,0059,44,2,102.9,0.108911,0.2922,0.5497,1.024,15.22
1132,0278,0,5,1.168,0.154674,0.4187,0.4200,1.031,15.22
1133,0171,44,4,7.276,0.134387,0.9098,1.1715,1.043,15.22
1134,0132,88,6,0.09739,0.516248,0.3913,0.3406,1.035,15.22
1135,0112,0,1,286.5,0.168741,0.5816,0.9581,1.033,15.22
1136,0155,88,1,286.5,0.150539,0.2607,1.5291,1.031,15.22
1137,0220,88,7,0.002,0.997980,0.3813,0.0838,1.042,15.22
1138,0010,44,4,7.276,0.075771,0.5171,0.3103,1.036,15.22
1139,0212,0,3,30.99,0.167366,0.4642,0.8235,1.044,15.22
1140,0117,44,2,102.9,0.175180,0.6008,0.7973,1.041,15.22
1141,0246,0,0,700,0.144615,0.6937,0.3734,1.035,15.22
1142,0006,132,2,102.9,0.117885,0.5551,0.4375,1.034,15.22
1143,0081,132,3,30.99,0.213129,0.3638,0.4158,1.058,15.22
1144,0241,132,6,0.09739,0.690647,0.6496,0.4002,1.036,15.22
1145,0291,44,3,30.99,0.215221,0.6763,0.4262,1.032,15.22
1146,0093,0,1,286.5,0.200610,0.5376,0.3041,1.031,15.22
1147,0024,44,4,7.276,0.229806,0.3464,0.6777,1.055,15.22
1148,0106,132,4,7.276,0.111125,0.6877,0.4412,1.030,15.22
1149,0194,44,6,0.09739,0.384149,0.2583,0.3268,1.028,15.22
1150,0252,88,2,102.9,0.160918,0.3241,0.5738,1.039,15.22
1151,0244,88,2,102.9,0.186775,0.5861,1.2229,1.032,15.22
1152,0175,132,7,0.002,0.996987,0.6600,0.1155,1.030,15.22
1153,0116,132,7,0.002,0.995653,0.7253,0.0703,1.026,15.22
1154,0239,88,2,102.9,0.209190,0.5540,0.6204,1.032,15.22
1155,0026,88,2,102.9,0.222498,0.3804,0.6052,1.046,15.22
1156,0135,44,2,102.9,0.157102,0.7654,0.6575,1.036,15.22
1157,0067,132,7,0.002,1.004759,0.4756,0.0646,1.029,15.22
1158,0221,132,2,102.9,0.145390,0.4175,1.3802,1.027,15.22
1159,0199,0,6,0.09739,0.285476,0.4416,0.1411,1.029,15.22
1160,0146,88,2,102.9,0.104098,0.3158,0.6241,1.045,15.22
1161,0191,132,7,0.002,0.999113,0.9364,0.0544,1.042,15.22
1162,0190,88,1,286.5,0.191016,0.7699,1.2343,1.043,15.22
1163,0228,0,1,286.5,0.208415,0.4878,0.5815,1.031,15.22
1164,0242,88,7,0.002,1.003092,0.5491,0.1116,1.052,15.22
1165,0102,132,6,0.09739,0.420749,0.8953,0.5544,1.032,15.22
1166,0058,44,4,7.276,0.051337,0.4233,0.1211,1.034,15.22
1167,0218,88,5,1.168,0.081640,0.6575,0.2923,1.043,15.22
1168,0079,44,5,1.168,0.083576,0.3306,0.4317,1.029,15.22
1169,0193,132,2,102.9,0.244050,0.5913,0.4596,1.040,15.22
1170,0023,44,4,7.276,0.081663,0.2549,0.4050,1.043,15.22
1171,0139,88,1,286.5,0.196543,0.3121,1.3729,1.039,15.22
1172,0177,44,1,286.5,0.158987,0.3965,0.3008,1.033,15.22
1173,0122,88,6,0.09739,0.502317,0.6434,0.2000,1.054,15.22
1174,0180,132,0,700,0.178198,0.5338,0.6239,1.032,15.22
1175,0022,44,6,0.09739,0.415222,0.2549,0.2957,1.043,15.22
1176,0065,44,4,7.276,0.091269,0.7503,0.3445,1.038,15.22
1177,0066,44,5,1.168,0.096731,0.7342,0.1595,1.055,15.22
1178,0025,0,6,0.09739,0.493802,0.3789,0.3795,1.034,15.22
1179,0162,88,1,286.5,0.134898,0.5284,0.3154,1.036,15.22
1180,0293,88,3,30.99,0.222620,0.4949,0.7484,1.032,15.22
1181,0294,44,4,7.276,0.252730,0.3228,0.8341,1.046,15.22
1182,0270,0,2,102.9,0.241469,0.4083,0.8808,1.045,15.22
1183,0308,132,0,700,0.233154,0.4811,1.5710,1.041,15.22
1184,0056,88,3,30.99,0.139687,0.5769,0.4608,1.034,15.22
1185,0007,0,0,700,0.115096,0.3926,0.3164,1.053,15.22
1186,0108,44,0,700,0.126553,0.8203,0.4132,1.034,15.22
1187,0100,88,2,102.9,0.137678,0.2747,0.6132,1.028,15.22
1188,0179,132,3,30.99,0.250604,0.2586,0.8034,1.029,15.22
1189,0201,88,5,1.168,0.255287,0.7445,0.2432,1.039,15.22
1190,0216,44,4,7.276,0.142939,0.3557,0.3673,1.046,15.22
1191,0160,132,3,30.99,0.181717,0.4567,0.6331,1.037,15.22
1192,0029,44,5,1.168,0.085231,0.7256,0.1246,1.031,15.22
1193,0296,132,0,700,0.207236,0.3758,0.5807,1.039,15.22
1194,0229,0,4,7.276,0.121100,0.8800,0.4667,1.032,15.22
1195,0148,44,2,102.9,0.076276,0.4384,0.1236,1.044,15.22
1196,0008,88,4,7.276,0.099388,0.3521,0.2309,1.046,15.22
1197,0019,132,0,700,0.151622,0.3347,0.9185,1.029,15.22
1198,0224,0,5,1.168,0.145060,0.4411,0.3324,1.032,15.22
1199,0047,0,4,7.276,0.158765,0.7784,1.2001,1.023,15.22
1200,0165,88,4,7.276,0.121105,0.3327,0.9123,1.028,15.22
1201,0174,44,4,7.276,0.137962,0.4863,1.3361,1.038,15.22
1202,0032,0,2,102.9,0.130836,0.4769,0.9400,1.042,15.22
1203,0133,88,5,1.168,0.095111,0.6748,0.2060,1.037,15.22
1204,0289,88,2,102.9,0.180695,0.4724,0.8399,1.038,15.22
1205,0213,88,5,1.168,0.115741,0.4864,0.2694,1.028,15.22
1206,0186,44,0,700,0.124316,0.2945,0.6192,1.049,15.22
1207,0045,88,1,286.5,0.050045,0.4349,0.0699,1.034,15.22
1208,0085,0,2,102.9,0.120445,0.3248,0.4263,1.031,15.22
1209,0257,88,4,7.276,0.120454,0.4730,0.6580,1.029,15.22
1210,0027,88,6,0.09739,0.350750,0.9185,0.0991,1.044,15.22
1211,0235,44,1,286.5,0.257644,0.3837,0.5069,1.030,15.22
1212,0054,132,3,30.99,0.162631,0.4622,0.4464,1.044,15.22
1213,0178,44,5,1.168,0.095504,0.5148,0.1612,1.041,15.22
1214,0211,44,6,0.09739,0.486905,0.5472,0.2880,1.033,15.22
1215,0222,88,3,30.99,0.235425,0.2890,0.8821,1.035,15.22
1216,0111,44,0,700,0.205672,0.3152,0.5193,1.055,15.22
1217,0295,88,3,30.99,0.172349,0.2998,0.7966,1.041,15.22
1218,0105,0,7,0.002,0.989781,0.7833,0.0912,1.032,15.22
1219,0044,44,5,1.168,0.082230,0.3473,0.1110,1.026,15.22
1220,0306,132,5,1.168,0.150734,0.3248,0.3750,1.040,15.22
1221,0173,132,3,30.99,0.171060,0.4015,1.3219,1.045,15.22
1222,0214,132,7,0.002,1.000822,0.2594,0.2785,1.032,15.22
1223,0084,88,5,1.168,0.185418,0.4375,0.1009,1.038,15.22
1224,0226,88,0,700,0.200382,0.5850,0.7606,1.033,15.22
1225,0243,88,4,7.276,0.194475,0.3502,1.2049,1.030,15.22
1226,0169,132,5,1.168,0.100986,0.3484,0.2088,1.033,15.22
1227,0299,0,5,1.168,0.211176,0.6317,0.6113,1.046,15.22
1228,0302,0,5,1.168,0.111678,0.7444,0.2279,1.049,15.22
1229,0002,88,1,286.5,0.097329,0.8424,0.5235,1.052,15.22
1230,0074,132,0,700,0.136277,0.3287,0.5077,1.037,15.22
1231,0014,132,5,1.168,0.104149,0.4494,0.1837,1.042,15.22
1232,0050,0,5,1.168,0.114672,0.3711,0.2349,1.047,15.22
1233,0185,44,3,30.99,0.210058,0.2984,0.6146,1.043,15.22
1234,0069,0,7,0.002,0.998170,0.5488,0.1506,1.034,15.22
1235,0113,132,6,0.09739,0.390258,0.2622,0.3860,1.036,15.22
1236,0309,132,3,30.99,0.175270,0.4981,0.8831,1.034,15.22
1237,0208,44,3,30.99,0.263070,0.5910,0.9946,1.032,15.22
1238,0254,0,3,30.99,0.179192,0.5593,1.4620,1.047,15.22
1239,0284,132,5,1.168,0.149610,0.8192,0.1151,1.050,15.22
1240,0030,0,5,1.168,0.097614,0.8135,0.1488,1.030,15.22
1241,0055,132,4,7.276,0.145233,0.3209,0.3325,1.034,15.22
1242,0181,55,2,102.9,0.157770,0.9614,1.2911,1.049,15.22
1243,0036,132,4,7.276,0.095082,0.4760,0.3174,1.038,15.22
1244,0028,0,3,30.99,0.133949,0.4197,0.5264,1.032,15.22
1245,0061,88,3,30.99,0.090576,0.2611,0.3513,1.032,15.22
1246,0001,44,5,1.168,0.095115,0.2594,0.2188,1.055,15.22
1247,0167,0,3,30.99,0.121820,0.3135,0.4374,1.033,15.22
1248,0273,132,1,286.5,0.227170,0.3194,0.4562,1.036,15.22
1249,0276,88,6,0.09739,0.388619,0.3911,0.1941,1.045,15.22
1250,0298,0,5,1.168,0.167471,0.4885,0.2229,1.056,15.22
1251,0016,44,0,700,0.128583,0.6173,0.4066,1.039,15.22
1252,0217,132,7,0.002,0.997892,0.8543,0.0474,1.050,15.22
1253,0305,44,6,0.09739,0.616061,0.7137,0.3215,1.049,15.22
1254,0307,0,2,102.9,0.199217,0.8218,0.8773,1.044,15.22
1255,0253,44,7,0.002,0.995605,0.7912,0.0522,1.035,15.22
1256,0250,88,5,1.168,0.111790,0.9240,0.1454,1.035,15.22
1257,0121,132,6,0.09739,0.460882,0.3772,0.2776,1.038,15.22
1258,0119,132,6,0.09739,0.456687,0.8392,0.1342,1.037,15.22
1259,0048,0,0,700,0.203816,0.2862,0.4183,1.032,15.22
1260,0031,132,0,700,0.133383,0.3402,0.6138,1.037,15.22
1261,0051,132,6,0.09739,0.547141,0.4421,0.2007,1.030,15.22
1262,0037,132,0,700,0.070277,0.3364,0.1465,1.056,15.22
1263,0046,44,4,7.276,0.138449,0.8204,0.7120,1.036,15.22
1264,0166,132,6,0.09739,0.494420,0.6207,0.4051,1.040,15.22
1265,0287,132,6,0.09739,0.265564,0.2542,0.2451,1.052,15.22
1266,0157,132,0,700,0.178044,0.3109,0.5806,1.038,15.22
1267,0256,132,4,7.276,0.179750,0.3688,1.5474,1.040,15.22
1268,0109,88,7,0.002,1.002359,0.5632,0.0630,1.054,15.22
1269,0215,0,1,286.5,0.197048,0.5377,0.4472,1.034,15.22
1270,0068,44,6,0.09739,0.469862,0.7861,0.1426,1.045,15.22
1271,0271,0,2,102.9,0.190995,0.6997,0.2964,1.041,15.22
1272,0198,0,6,0.09739,0.362345,0.7255,0.1385,1.037,15.22
1273,0103,44,0,700,0.091383,0.6827,0.2078,1.043,15.22
1274,0053,44,2,102.9,0.206408,0.4135,0.5291,1.031,15.22
1275,0303,88,6,0.09739,0.566308,0.5728,0.3739,1.031,15.22
1276,0223,88,0,700,0.209919,0.5206,0.3120,1.026,15.22
1277,0290,0,0,700,0.179943,0.7101,0.4876,1.035,15.22
1278,0134,0,1,286.5,0.112078,0.5558,0.6428,1.052,15.22
1279,0230,0,1,286.5,0.180346,0.4028,0.4122,1.035,15.22
1280,0118,44,7,0.002,0.996618,0.3837,0.0732,1.036,15.22
1281,0131,132,3,30.99,0.122159,0.4916,1.1316,1.028,15.22
1282,0183,44,3,30.99,0.207935,0.3575,1.6381,1.046,15.22
1283,0034,44,7,0.002,0.996215,0.7730,0.0629,1.032,15.22
1284,0043,88,5,1.168,0.086529,0.4016,0.0749,1.034,15.22
1285,0060,88,6,0.09739,0.513009,0.3142,0.4508,1.029,15.22
1286,0012,88,5,1.168,0.135300,0.5701,0.0966,1.036,15.22
1287,0150,132,7,0.002,0.997077,0.4254,0.0738,1.042,15.22
1288,0292,132,2,102.9,0.259613,0.3119,0.6647,1.046,15.22
1289,0083,44,2,102.9,0.086405,0.2941,0.2603,1.045,15.22
1290,0231,44,7,0.002,1.001576,0.3073,0.0930,1.029,15.22
1291,0110,44,4,7.276,0.108032,0.5224,0.5529,1.034,15.22
1292,0104,44,2,102.9,0.124453,0.9778,0.4553,1.053,15.22
1293,0013,88,2,102.9,0.078972,0.5058,0.2097,1.035,15.22
1294,0079,132,2,102.9,0.106737,0.5819,0.5550,1.038,15.22
1295,0260,88,1,286.5,0.185942,0.4527,0.7749,1.032,15.22
1296,0055,44,0,700,0.150368,0.5828,0.6535,1.065,15.22
1297,0220,0,6,0.09739,0.459657,0.4728,0.2834,1.039,15.22
1298,0122,0,5,1.168,0.106454,0.6971,0.1285,1.040,15.22
1299,0019,0,1,286.5,0.146195,0.3890,0.5537,1.029,15.22
1300,0174,0,6,0.09739,0.405749,0.4645,0.1661,1.047,15.22
1301,0102,88,4,7.276,0.047122,0.4150,0.1851,1.042,15.22
1302,0131,44,2,102.9,0.114843,0.6799,0.6987,1.024,15.22
1303,0191,0,1,286.5,0.179443,0.9384,0.6656,1.027,15.22
1304,0158,132,5,1.168,0.109030,0.2731,0.1865,1.033,15.22
1305,0150,44,1,286.5,0.070190,0.3116,0.1371,1.050,15.22
1306,0194,0,5,1.168,0.115736,0.2617,0.2757,1.035,15.22
1307,0153,132,4,7.276,0.145523,0.3684,0.8613,1.035,15.22
1308,0024,88,2,102.9,0.272110,0.3121,0.8729,1.029,15.22
1309,0263,0,1,286.5,0.171464,0.7148,0.2777,1.051,15.22
1310,0218,44,0,700,0.145982,0.6749,0.5648,1.028,15.22
1311,0280,0,3,30.99,0.148886,0.3503,0.6440,1.031,15.22
1312,0275,132,4,7.276,0.213508,0.7256,0.5188,1.032,15.22
1313,0180,44,4,7.276,0.146941,0.5278,0.7529,1.033,15.22
1314,0222,132,5,1.168,0.139183,0.5761,0.2652,1.029,15.22
1315,0169,0,1,286.5,0.204237,0.5259,1.1134,1.029,15.22
1316,0177,0,4,7.276,0.169369,0.4259,0.4485,1.032,15.22
1317,0228,88,6,0.09739,0.467721,0.6315,0.2001,1.041,15.22
1318,0051,0,5,1.168,0.132023,0.5042,0.3891,1.040,15.22
1319,0201,0,5,1.168,0.263958,0.6788,0.5148,1.033,15.22
1320,0179,44,4,7.276,0.198170,0.2743,0.6219,1.031,15.22
1321,0160,88,0,700,0.185255,0.4633,0.5185,1.060,15.22
1322,0045,132,1,286.5,0.054570,0.4316,0.1285,1.030,15.22
1323,0215,88,2,102.9,0.197549,0.5461,0.4723,1.046,15.22
1324,0050,44,7,0.002,0.996036,0.3406,0.1101,1.049,15.22
1325,0226,0,3,30.99,0.171095,0.6279,0.4482,1.031,15.22
1326,0293,44,4,7.276,0.182061,0.4765,0.8709,1.036,15.22
1327,0031,88,0,700,0.139512,0.3534,0.6792,1.031,15.22
1328,0027,44,3,30.99,0.135050,0.8643,1.2288,1.036,15.22
1329,0134,44,6,0.09739,0.402434,0.5731,0.1433,1.032,15.22
1330,0186,0,6,0.09739,0.367401,0.3087,0.2361,1.043,15.22
1331,0054,88,3,30.99,0.152248,0.2728,0.4001,1.035,15.22
1332,0140,0,6,0.09739,0.442585,0.3466,0.4007,1.050,15.22
1333,0049,132,4,7.276,0.135378,0.3585,1.2800,1.052,15.22
1334,0278,44,1,286.5,0.181889,0.4603,0.5685,1.040,15.22
1335,0106,0,5,1.168,0.104838,0.6667,0.2607,1.041,15.22
1336,0012,132,7,0.002,1.004422,0.5537,0.0636,1.029,15.22
1337,0069,44,5,1.168,0.134795,0.5665,0.3177,1.049,15.22
1338,0061,0,6,0.09739,0.464900,0.3203,0.2254,1.035,15.22
1339,0303,0,1,286.5,0.210790,0.8130,0.3401,1.042,15.22
1340,0059,0,6,0.09739,0.501903,0.3285,0.2458,1.037,15.22
1341,0256,0,0,700,0.164780,0.3902,0.9364,1.043,15.22
1342,0304,132,7,0.002,1.001464,0.3374,0.1129,1.040,15.22
1343,0202,0,7,0.002,0.999207,0.4676,0.1043,1.032,15.22
1344,0298,132,7,0.002,1.003937,0.3416,0.0785,1.029,15.22
1345,0092,88,2,102.9,0.281283,0.2509,0.9082,1.038,15.22
1346,0219,44,4,7.276,0.206844,0.5907,1.0420,1.040,15.22
1347,0240,88,7,0.002,0.995117,0.3833,0.0733,1.038,15.22
1348,0083,132,3,30.99,0.147862,0.3546,0.4185,1.038,15.22
1349,0294,132,5,1.168,0.191786,0.3147,0.4687,1.027,15.22
1350,0276,132,7,0.002,0.997881,0.4321,0.1085,1.027,15.22
1351,0014,44,6,0.09739,0.388031,0.4328,0.3320,1.054,15.22
1352,0035,44,6,0.09739,0.370585,0.3576,0.1771,1.030,15.22
1353,0183,0,7,0.002,0.998834,0.7455,0.1187,1.024,15.22
1354,0157,0,6,0.09739,0.469822,0.3827,0.1867,1.028,15.22
1355,0148,132,2,102.9,0.070748,0.3793,0.1006,1.038,15.22
1356,0089,88,1,286.5,0.076971,0.2714,0.3198,1.030,15.22
1357,0255,88,0,700,0.279424,0.3261,0.8782,1.030,15.22
1358,0032,44,7,0.002,0.994845,0.5573,0.1387,1.025,15.22
1359,0243,132,7,0.002,0.992043,0.2773,0.2759,1.032,15.22
1360,0285,0,5,1.168,0.100579,0.7087,0.2121,1.045,15.22
1361,0001,88,2,102.9,0.175028,0.2686,1.5248,1.039,15.22
1362,0116,44,7,0.002,0.998086,0.7149,0.0840,1.034,15.22
1363,0043,44,7,0.002,0.999546,0.3884,0.1027,1.029,15.22
1364,0302,88,6,0.09739,0.446630,0.6163,0.2745,1.054,15.22
1365,0239,44,2,102.9,0.225442,0.4696,1.1803,1.035,15.22
1366,0291,132,2,102.9,0.241342,0.2831,2.0302,1.039,15.22
1367,0110,0,6,0.09739,0.428938,0.5391,0.2468,1.034,15.22
1368,0046,0,0,700,0.151856,0.8422,0.2975,1.047,15.22
1369,0007,44,1,286.5,0.104609,0.4419,0.4925,1.033,15.22
1370,0107,132,6,0.09739,0.608361,0.2930,0.5547,1.038,15.22
1371,0308,44,2,102.9,0.206617,0.6458,0.6054,1.038,15.22
1372,0037,88,4,7.276,0.067120,0.3424,0.2493,1.027,15.22
1373,0296,0,6,0.09739,0.447479,0.5289,0.1746,1.034,15.22
1374,0189,88,7,0.002,0.990236,0.2995,0.1415,1.051,15.22
1375,0036,44,1,286.5,0.125402,0.5822,0.3490,1.042,15.22
1376,0023,88,6,0.09739,0.390664,0.2681,0.3274,1.037,15.22
1377,0021,0,4,7.276,0.142458,0.5609,1.5496,1.047,15.22
1378,0246,88,7,0.002,0.999673,0.7061,0.0567,1.033,15.22
1379,0249,44,6,0.09739,0.508886,0.7701,0.2294,1.040,15.22
1380,0248,132,1,286.5,0.156694,0.5717,0.7673,1.030,15.22
1381,0192,44,4,7.276,0.158968,0.2867,0.4387,1.027,15.22
1382,0135,132,6,0.09739,0.341097,0.6137,0.1576,1.053,15.22
1383,0053,132,0,700,0.161537,0.5881,1.1102,1.033,15.22
1384,0136,0,0,700,0.141862,0.3358,0.3860,1.030,15.22
1385,0104,0,4,7.276,0.114429,0.9709,0.8637,1.045,15.22
1386,0200,88,5,1.168,0.261905,0.8569,0.3669,1.040,15.22
1387,0142,0,3,30.99,0.100110,0.3406,0.1682,1.052,15.22
1388,0144,132,6,0.09739,0.545369,0.3201,0.7139,1.040,15.22
1389,0175,88,0,700,0.146460,0.7093,0.3680,1.034,15.22
1390,0250,132,3,30.99,0.152490,0.9608,1.0857,1.051,15.22
1391,0133,44,0,700,0.113076,0.6639,0.5992,1.033,15.22
1392,0002,44,0,700,0.093390,0.8263,0.4667,1.036,15.22
1393,0103,0,0,700,0.092469,0.6627,0.1949,1.029,15.22
1394,0093,88,4,7.276,0.360895,0.4499,0.6445,1.029,15.22
1395,0171,0,3,30.99,0.162066,0.9118,1.8650,1.047,15.22
1396,0060,0,1,286.5,0.073856,0.3021,0.0911,1.044,15.22
1397,0178,88,2,102.9,0.152770,0.5065,0.6148,1.033,15.22
1398,0117,88,5,1.168,0.112777,0.6284,0.2398,1.035,15.22
1399,0165,0,4,7.276,0.125231,0.3123,0.5432,1.034,15.22
1400,0233,44,3,30.99,0.174122,0.4752,0.4950,1.044,15.22
1401,0230,44,1,286.5,0.191955,0.4207,0.4682,1.046,15.22
1402,0132,44,1,286.5,0.176333,0.2733,1.1244,1.025,15.22
1403,0100,44,5,1.168,0.086680,0.2530,0.1329,1.031,15.22
1404,0270,44,0,700,0.247678,0.4693,0.5664,1.031,15.22
1405,0101,132,4,7.276,0.103354,0.2942,0.4525,1.048,15.22
1406,0044,88,1,286.5,0.104008,0.3239,0.3337,1.045,15.22
1407,0109,44,3,30.99,0.173457,0.5175,2.0890,1.038,15.22
1408,0231,88,2,102.9,0.225372,0.3122,0.9133,1.051,15.22
1409,0223,132,7,0.002,0.987433,0.4826,0.1999,1.048,15.22
1410,0242,0,4,7.276,0.172125,0.5369,0.9298,1.049,15.22
1411,0074,44,5,1.168,0.125645,0.2758,0.1873,1.061,15.22
1412,0065,88,1,286.5,0.142232,0.5829,1.4467,1.040,15.22
1413,0033,132,4,7.276,0.149669,0.3755,2.2062,1.024,15.22
1414,0287,0,7,0.002,1.001152,0.2502,0.1254,1.027,15.22
1415,0284,88,7,0.002,0.989988,0.8230,0.0926,1.031,15.22
1416,0112,132,4,7.276,0.125032,0.6494,0.6559,1.057,15.22
1417,0068,88,5,1.168,0.103039,0.8016,0.2389,1.041,15.22
1418,0199,88,1,286.5,0.228658,0.4970,0.6582,1.046,15.22
1419,0005,88,1,286.5,0.176500,0.6742,0.7292,1.050,15.22
1420,0017,132,2,102.9,0.170988,0.6636,0.7629,1.032,15.22
1421,0058,88,4,7.276,0.057692,0.3477,0.3462,1.029,15.22
1422,0274,132,4,7.276,0.164466,0.2623,0.8105,1.035,15.22
1423,0234,44,1,286.5,0.222524,0.3907,0.5879,1.035,15.22
1424,0030,44,4,7.276,0.088968,0.8225,0.3808,1.050,15.22
1425,0181,176,4,7.276,0.134649,0.9231,0.7111,1.048,15.22
1426,0305,0,7,0.002,1.000791,0.6915,0.0614,1.060,15.22
1427,0028,44,6,0.09739,0.463912,0.4134,0.1655,1.034,15.22
1428,0138,132,5,1.168,0.130000,0.3793,0.2449,1.025,15.22
1429,0299,44,2,102.9,0.246638,0.5068,0.5779,1.038,15.22
1430,0206,88,7,0.002,1.002270,0.6939,0.0566,1.039,15.22
1431,0224,44,3,30.99,0.205431,0.5677,0.8666,1.036,15.22
1432,0010,132,4,7.276,0.070702,0.4048,0.3644,1.033,15.22
1433,0193,44,5,1.168,0.183710,0.2887,0.3379,1.041,15.22
1434,0159,0,2,102.9,0.135328,0.3165,0.7306,1.045,15.22
1435,0300,44,4,7.276,0.144656,0.5800,0.4829,1.038,15.22
1436,0214,0,1,286.5,0.183130,0.3689,0.4014,1.044,15.22
1437,0309,44,1,286.5,0.167903,0.4114,0.5009,1.031,15.22
1438,0006,0,6,0.09739,0.488510,0.3847,0.2771,1.035,15.22
1439,0257,0,7,0.002,0.997270,0.5198,0.0797,1.036,15.22
1440,0048,44,4,7.276,0.186577,0.2646,0.6726,1.044,15.22
1441,0253,88,4,7.276,0.165326,0.7536,0.5155,1.035,15.22
1442,0182,132,3,30.99,0.156761,0.9483,1.2484,1.034,15.22
1443,0279,132,3,30.99,0.130844,0.3061,0.5063,1.025,15.22
1444,0118,88,0,700,0.241417,0.3745,0.6355,1.031,15.22
1445,0190,132,5,1.168,0.182070,0.3072,0.5678,1.041,15.22
1446,0173,44,7,0.002,0.989148,0.6291,0.1291,1.030,15.22
1447,0306,88,5,1.168,0.162312,0.3248,0.6036,1.038,15.22
1448,0009,88,7,0.002,0.999432,0.5359,0.0702,1.030,15.22
1449,0244,44,3,30.99,0.149464,0.6189,0.6862,1.043,15.22
1450,0155,132,5,1.168,0.084080,0.2594,0.0640,1.033,15.22
1451,0113,88,0,700,0.171524,0.6112,1.0669,1.043,15.22
1452,0146,132,5,1.168,0.074436,0.3387,0.0947,1.041,15.22
1453,0085,88,1,286.5,0.130278,0.3250,0.3245,1.028,15.22
1454,0034,88,3,30.99,0.165377,0.7296,0.9942,1.034,15.22
1455,0066,88,4,7.276,0.099729,0.6338,0.6499,1.030,15.22
1456,0167,88,6,0.09739,0.291605,0.2929,0.2258,1.026,15.22
1457,0111,132,4,7.276,0.163283,0.2805,0.5044,1.050,15.22
1458,0162,132,3,30.99,0.123094,0.5303,0.4829,1.042,15.22
1459,0026,44,1,286.5,0.142982,0.3585,0.4682,1.034,15.22
1460,0221,88,3,30.99,0.195025,0.4614,2.2864,1.027,15.22
1461,0197,44,6,0.09739,0.254359,0.4487,0.1492,1.031,15.22
1462,0213,44,1,286.5,0.183832,0.5208,0.7065,1.055,15.22
1463,0105,88,7,0.002,0.989290,0.7317,0.1285,1.029,15.22
1464,0172,132,3,30.99,0.203536,0.3227,0.6794,1.043,15.22
1465,0078,88,1,286.5,0.061399,0.4243,0.1697,1.037,15.22
1466,0212,44,7,0.002,1.000224,0.4724,0.0800,1.035,15.22
1467,0229,88,2,102.9,0.173664,0.6939,1.6528,1.051,15.22
1468,0207,44,1,286.5,0.236208,0.6478,0.2730,1.039,15.22
1469,0084,0,6,0.09739,0.538205,0.4645,0.4046,1.028,15.22
1470,0008,132,2,102.9,0.104341,0.3708,0.1465,1.036,15.22
1471,0029,132,6,0.09739,0.420626,0.7217,0.2152,1.051,15.22
1472,0025,44,6,0.09739,0.519418,0.3503,0.3884,1.034,15.22
1473,0013,132,3,30.99,0.095888,0.5082,0.4650,1.027,15.22
1474,0057,0,2,102.9,0.159815,0.5386,0.2766,1.034,15.22
1475,0273,44,5,1.168,0.124078,0.4021,0.2389,1.030,15.22
1476,0217,0,2,102.9,0.174824,0.9199,1.0171,1.054,15.22
1477,0016,0,5,1.168,0.106071,0.9055,0.1378,1.032,15.22
1478,0241,88,6,0.09739,0.781486,0.4866,0.3286,1.037,15.22
1479,0119,88,7,0.002,0.993189,0.7467,0.0727,1.033,15.22
1480,0292,0,4,7.276,0.229455,0.3252,0.8678,1.030,15.22
1481,0254,88,4,7.276,0.135148,0.7791,0.3858,1.045,15.22
1482,0081,0,7,0.002,0.994985,0.4256,0.0672,1.035,15.22
1483,0166,44,0,700,0.164823,0.6033,1.1971,1.045,15.22
1484,0252,132,5,1.168,0.117397,0.3008,0.2303,1.036,15.22
1485,0121,0,2,102.9,0.194541,0.4318,1.0750,1.050,15.22
1486,0237,132,4,7.276,0.133915,0.4960,0.3545,1.041,15.22
1487,0108,132,3,30.99,0.121156,0.8275,0.3075,1.032,15.22
1488,0290,44,3,30.99,0.171943,0.6017,0.8864,1.027,15.22
1489,0208,0,4,7.276,0.235689,0.6307,1.0164,1.040,15.22
1490,0211,0,5,1.168,0.201274,0.4366,0.4045,1.045,15.22
1491,0022,88,1,286.5,0.089140,0.2681,0.2796,1.035,15.22
1492,0047,44,1,286.5,0.116184,0.4397,0.7151,1.042,15.22
1493,0216,0,0,700,0.184378,0.3342,0.3343,1.025,15.22
1494,0288,0,4,7.276,0.149390,0.3246,0.7910,1.030,15.22
1495,0271,132,2,102.9,0.142490,0.2801,0.7447,1.025,15.22
1496,0247,0,3,30.99,0.265240,0.3336,1.8586,1.031,15.22
1497,0295,44,1,286.5,0.179204,0.2894,0.7253,1.042,15.22
1498,0139,132,0,700,0.165000,0.4249,0.9098,1.043,15.22
1499,0227,0,4,7.276,0.149583,0.5471,1.1853,1.041,15.22
1500,0235,0,2,102.9,0.250981,0.3987,0.5991,1.047,15.22
1501,0176,132,5,1.168,0.126395,0.3272,0.2912,1.041,15.22
1502,0198,88,2,102.9,0.177779,0.5411,0.6143,1.029,15.22
1503,0056,44,4,7.276,0.139853,0.5705,0.5950,1.038,15.22
1504,0067,0,3,30.99,0.134621,0.4389,0.4376,1.051,15.22
1505,0289,0,5,1.168,0.113931,0.5508,0.2204,1.042,15.22
1506,0307,132,2,102.9,0.246068,0.2590,2.0583,1.033,15.22
1507,0277,0,2,102.9,0.161241,0.4133,0.5481,1.042,15.22
1508,0185,132,1,286.5,0.228835,0.2874,0.7217,1.038,15.22
1509,0290,44,6,0.09739,0.448040,0.6017,0.1655,1.037,15.22
1510,0133,0,2,102.9,0.119320,0.6899,0.9041,1.041,15.22
1511,0167,88,5,1.168,0.080099,0.2929,0.1994,1.025,15.22
1512,0068,88,0,700,0.124852,0.8016,0.4263,1.026,15.22
1513,0191,0,1,286.5,0.186276,0.9384,0.8562,1.030,15.22
1514,0116,0,0,700,0.181730,0.7742,0.7154,1.041,15.22
1515,0021,88,1,286.5,0.161527,0.5881,1.0025,1.039,15.22
1516,0182,0,2,102.9,0.168874,0.9697,1.4175,1.039,15.22
1517,0162,44,2,102.9,0.157993,0.4278,1.4620,1.043,15.22
1518,0017,132,3,30.99,0.161861,0.6636,1.0874,1.058,15.22
1519,0192,44,3,30.99,0.185522,0.2867,0.7652,1.032,15.22
1520,0078,44,6,0.09739,0.480612,0.4436,0.3990,1.035,15.22
1521,0190,88,5,1.168,0.135718,0.7699,0.3183,1.033,15.22
1522,0229,0,4,7.276,0.122882,0.8800,0.5511,1.036,15.22
1523,0006,44,7,0.002,1.001434,0.4209,0.0770,1.050,15.22
1524,0276,44,6,0.09739,0.381289,0.3677,0.1854,1.032,15.22
1525,0106,88,6,0.09739,0.496089,0.6688,0.2483,1.031,15.22
1526,0280,132,0,700,0.141527,0.4177,0.6564,1.040,15.22
1527,0118,0,4,7.276,0.141252,0.4016,1.4339,1.049,15.22
1528,0160,44,2,102.9,0.192724,0.4429,0.7439,1.039,15.22
1529,0304,132,2,102.9,0.198314,0.3374,0.9463,1.030,15.22
1530,0045,0,7,0.002,0.976444,0.4273,0.1444,1.035,15.22
1531,0135,132,3,30.99,0.162486,0.6137,0.6974,1.058,15.22
1532,0308,44,4,7.276,0.198047,0.6458,0.6001,1.034,15.22
1533,0028,88,2,102.9,0.135891,0.3941,0.6729,1.030,15.22
1534,0208,0,5,1.168,0.172959,0.6307,0.2869,1.042,15.22
1535,0256,0,0,700,0.163295,0.3902,0.9596,1.053,15.22
1536,0197,0,0,700,0.193882,0.4488,0.3982,1.044,15.22
1537,0201,44,2,102.9,0.246190,0.7255,0.9042,1.058,15.22
1538,0112,44,4,7.276,0.113977,0.6287,0.3995,1.044,15.22
1539,0036,44,2,102.9,0.129289,0.5822,0.7551,1.029,15.22
1540,0104,44,1,286.5,0.121158,0.9778,0.3957,1.035,15.22
1541,0055,132,6,0.09739,0.571617,0.3209,0.4244,1.034,15.22
1542,0157,88,6,0.09739,0.503129,0.3362,0.1921,1.032,15.22
1543,0002,0,7,0.002,0.995502,0.8093,0.0966,1.034,15.22
1544,0300,44,7,0.002,0.995358,0.5800,0.0693,1.029,15.22
1545,0273,88,7,0.002,0.998605,0.3200,0.1516,1.039,15.22
1546,0059,44,7,0.002,1.002820,0.2922,0.0962,1.032,15.22
1547,0302,0,4,7.276,0.137599,0.7444,0.6091,1.046,15.22
1548,0250,0,7,0.002,0.998161,0.9244,0.0792,1.041,15.22
1549,0037,0,7,0.002,0.978720,0.3441,0.1510,1.036,15.22
1550,0207,0,1,286.5,0.234124,0.6609,0.5413,1.039,15.22
1551,0239,0,1,286.5,0.226679,0.3479,0.7044,1.033,15.22
1552,0009,44,6,0.09739,0.474380,0.5207,0.2753,1.050,15.22
1553,0174,88,3,30.99,0.168770,0.4977,1.1797,1.036,15.22
1554,0081,88,7,0.002,0.997935,0.3716,0.0889,1.036,15.22
1555,0226,44,1,286.5,0.192334,0.5940,1.0440,1.025,15.22
1556,0122,0,1,286.5,0.107777,0.6971,0.2794,1.031,15.22
1557,0217,0,0,700,0.176722,0.9199,0.8800,1.050,15.22
1558,0180,132,5,1.168,0.096240,0.5338,0.1457,1.045,15.22
1559,0027,132,7,0.002,1.001967,0.9092,0.1085,1.028,15.22
1560,0065,88,1,286.5,0.144205,0.5829,1.5477,1.037,15.22
1561,0271,0,0,700,0.192467,0.6997,0.2919,1.038,15.22
1562,0029,44,2,102.9,0.091908,0.7256,0.2439,1.044,15.22
1563,0289,132,0,700,0.174465,0.5065,0.5737,1.036,15.22
1564,0198,0,6,0.09739,0.365839,0.7255,0.1278,1.039,15.22
1565,0113,88,1,286.5,0.163814,0.6112,1.2480,1.039,15.22
1566,0246,44,4,7.276,0.138269,0.7245,0.6174,1.038,15.22
1567,0103,44,5,1.168,0.087094,0.6827,0.0991,1.036,15.22
1568,0211,88,3,30.99,0.276815,0.4185,1.6659,1.039,15.22
1569,0307,0,2,102.9,0.199067,0.8218,0.9022,1.036,15.22
1570,0085,132,6,0.09739,0.433987,0.3287,0.4366,1.056,15.22
1571,0079,88,3,30.99,0.099998,0.4342,0.7717,1.038,15.22
1572,0044,88,4,7.276,0.091966,0.3239,0.3006,1.034,15.22
1573,0159,88,4,7.276,0.106176,0.4549,0.6499,1.037,15.22
1574,0008,88,4,7.276,0.097306,0.3521,0.3347,1.031,15.22
1575,0252,88,7,0.002,0.999349,0.3241,0.0643,1.045,15.22
1576,0134,88,2,102.9,0.116077,0.6059,0.7202,1.042,15.22
1577,0279,88,0,700,0.123097,0.3093,0.4895,1.040,15.22
1578,0206,44,3,30.99,0.133198,0.7767,0.5080,1.030,15.22
1579,0043,44,0,700,0.070504,0.3884,0.1353,1.033,15.22
1580,0111,44,7,0.002,0.998933,0.3152,0.1117,1.058,15.22
1581,0030,0,7,0.002,0.995023,0.8135,0.1326,1.030,15.22
1582,0013,44,3,30.99,0.085864,0.5209,0.2321,1.035,15.22
1583,0241,44,6,0.09739,0.670714,0.6117,0.2950,1.054,15.22
1584,0034,88,0,700,0.167163,0.7296,0.5877,1.033,15.22
1585,0176,132,1,286.5,0.256267,0.3272,0.8767,1.029,15.22
1586,0200,132,0,700,0.249646,0.8561,0.8170,1.046,15.22
1587,0057,88,3,30.99,0.139726,0.6892,0.3540,1.035,15.22
1588,0016,132,2,102.9,0.145083,0.6553,1.4835,1.030,15.22
1589,0230,44,5,1.168,0.114846,0.4207,0.1693,1.040,15.22
1590,0108,44,2,102.9,0.120359,0.8203,0.5387,1.048,15.22
1591,0007,0,3,30.99,0.110233,0.3926,0.7211,1.045,15.22
1592,0119,44,1,286.5,0.180790,0.8900,0.6192,1.041,15.22
1593,0227,132,2,102.9,0.220462,0.5170,0.7643,1.043,15.22
1594,0148,44,1,286.5,0.076585,0.4384,0.1225,1.045,15.22
1595,0228,44,3,30.99,0.182417,0.4808,0.6048,1.041,15.22
1596,0292,88,1,286.5,0.257026,0.3530,0.4929,1.035,15.22
1597,0178,88,6,0.09739,0.276559,0.5065,0.1236,1.042,15.22
1598,0293,44,2,102.9,0.230861,0.4765,0.5937,1.038,15.22
1599,0299,0,5,1.168,0.209677,0.6317,0.5594,1.052,15.22
1600,0213,0,7,0.002,0.999254,0.4383,0.0537,1.043,15.22
1601,0032,88,0,700,0.123502,0.5666,1.0744,1.052,15.22
1602,0033,132,3,30.99,0.166971,0.3755,1.4496,1.052,15.22
1603,0067,44,1,286.5,0.134726,0.4797,0.3050,1.035,15.22
1604,0284,132,4,7.276,0.169060,0.8192,0.2850,1.053,15.22
1605,0218,132,5,1.168,0.075480,0.6827,0.1448,1.030,15.22
1606,0010,0,4,7.276,0.079229,0.5019,0.3038,1.031,15.22
1607,0247,132,3,30.99,0.160000,0.5474,1.2251,1.043,15.22
1608,0278,88,6,0.09739,0.428626,0.4161,0.3048,1.036,15.22
1609,0169,44,0,700,0.190585,0.3765,0.6132,1.029,15.22
1610,0173,88,1,286.5,0.169625,0.6058,0.9976,1.038,15.22
1611,0275,88,7,0.002,1.004785,0.4276,0.0788,1.045,15.22
1612,0012,0,1,286.5,0.120545,0.5348,0.2872,1.028,15.22
1613,0084,88,6,0.09739,0.600272,0.4375,0.2761,1.030,15.22
1614,0053,0,5,1.168,0.177894,0.5151,0.3655,1.030,15.22
1615,0257,0,7,0.002,1.000296,0.5198,0.0593,1.047,15.22
1616,0296,44,5,1.168,0.121831,0.4710,0.3282,1.043,15.22
1617,0005,88,1,286.5,0.172683,0.6742,0.7314,1.036,15.22
1618,0089,88,6,0.09739,0.431251,0.2714,0.4868,1.023,15.22
1619,0254,88,5,1.168,0.111323,0.7791,0.1567,1.027,15.22
1620,0181,55,5,1.168,0.084426,0.9614,0.2772,1.032,15.22
1621,0244,44,1,286.5,0.158105,0.6189,0.8580,1.055,15.22
1622,0066,0,2,102.9,0.119683,0.7259,0.7945,1.033,15.22
1623,0175,44,2,102.9,0.142194,0.6888,0.4596,1.040,15.22
1624,0199,0,5,1.168,0.096952,0.4416,0.1708,1.027,15.22
1625,0102,88,6,0.09739,0.389743,0.4150,0.5411,1.033,15.22
1626,0121,44,2,102.9,0.180992,0.4284,0.9291,1.041,15.22
1627,0069,44,7,0.002,0.995667,0.5665,0.0933,1.045,15.22
1628,0107,44,6,0.09739,0.450502,0.5461,0.1962,1.028,15.22
1629,0047,0,2,102.9,0.177278,0.7784,0.9527,1.032,15.22
1630,0243,132,3,30.99,0.236020,0.2773,1.9936,1.059,15.22
1631,0294,132,5,1.168,0.194010,0.3147,0.5213,1.043,15.22
1632,0146,44,1,286.5,0.088474,0.3023,0.3543,1.033,15.22
1633,0024,44,3,30.99,0.268507,0.3464,1.1051,1.030,15.22
1634,0153,44,5,1.168,0.160732,0.3662,0.1394,1.048,15.22
1635,0309,44,5,1.168,0.126359,0.4114,0.1955,1.047,15.22
1636,0235,132,5,1.168,0.257047,0.3172,0.4059,1.039,15.22
1637,0014,0,2,102.9,0.149887,0.4051,0.6170,1.031,15.22
1638,0223,88,4,7.276,0.172639,0.5206,0.5590,1.047,15.22
1639,0291,88,6,0.09739,0.472019,0.7206,0.2251,1.047,15.22
1640,0202,88,5,1.168,0.107511,0.6250,0.1510,1.031,15.22
1641,0035,0,1,286.5,0.156624,0.3588,0.4898,1.037,15.22
1642,0215,44,5,1.168,0.112064,0.5401,0.1905,1.054,15.22
1643,0263,44,2,102.9,0.172831,0.7244,0.2458,1.038,15.22
1644,0224,44,2,102.9,0.209842,0.5677,0.8931,1.030,15.22
1645,0056,44,4,7.276,0.142998,0.5705,0.7089,1.030,15.22
1646,0046,0,1,286.5,0.151202,0.8422,0.2944,1.051,15.22
1647,0219,132,4,7.276,0.211910,0.5044,0.9637,1.032,15.22
1648,0255,44,3,30.99,0.228454,0.6126,0.8222,1.027,15.22
1649,0139,0,6,0.09739,0.443178,0.5051,0.3185,1.033,15.22
1650,0166,0,7,0.002,0.997699,0.6172,0.1213,1.033,15.22
1651,0150,44,1,286.5,0.071240,0.3116,0.1666,1.026,15.22
1652,0253,0,6,0.09739,0.486599,0.6753,0.2394,1.037,15.22
1653,0105,132,3,30.99,0.088051,0.8398,0.9921,1.044,15.22
1654,0051,44,3,30.99,0.174292,0.4677,1.2135,1.046,15.22
1655,0285,132,1,286.5,0.195322,0.7222,0.7171,1.043,15.22
1656,0277,0,4,7.276,0.148572,0.4133,0.5991,1.048,15.22
1657,0061,44,4,7.276,0.079666,0.3144,0.2175,1.041,15.22
1658,0093,44,2,102.9,0.111791,0.6347,0.1170,1.036,15.22
1659,0131,44,0,700,0.112739,0.6799,0.4656,1.043,15.22
1660,0298,44,1,286.5,0.220919,0.5081,0.6734,1.041,15.22
1661,0058,132,5,1.168,0.071823,0.4671,0.0556,1.027,15.22
1662,0171,0,0,700,0.182262,0.9118,1.6854,1.032,15.22
1663,0117,132,2,102.9,0.176367,0.6087,0.7369,1.043,15.22
1664,0270,88,2,102.9,0.234854,0.5186,0.5979,1.028,15.22
1665,0109,88,7,0.002,0.998684,0.5632,0.0616,1.050,15.22
1666,0249,44,5,1.168,0.125503,0.7701,0.6877,1.045,15.22
1667,0105,44,3,30.99,0.099792,0.8377,0.3480,1.038,15.22
1668,0250,132,4,7.276,0.133588,0.9608,0.4789,1.025,15.22
1669,0304,0,6,0.09739,0.511431,0.4132,0.3253,1.026,15.22
1670,0227,88,0,700,0.195917,0.5494,0.7040,1.045,15.22
1671,0284,0,7,0.002,0.994594,0.8043,0.1344,1.045,15.22
1672,0256,44,3,30.99,0.161194,0.3868,0.8455,1.035,15.22
1673,0111,0,7,0.002,1.000686,0.3057,0.0795,1.023,15.22
1674,0243,88,3,30.99,0.229963,0.3502,1.4832,1.027,15.22
1675,0246,0,2,102.9,0.142065,0.6937,0.3453,1.033,15.22
1676,0278,0,4,7.276,0.190914,0.4187,0.4188,1.048,15.22
1677,0139,132,4,7.276,0.161557,0.4249,0.8636,1.030,15.22
1678,0298,0,2,102.9,0.253676,0.4885,0.7373,1.030,15.22
1679,0119,88,5,1.168,0.108892,0.7467,0.2361,1.039,15.22
1680,0277,44,3,30.99,0.138593,0.4619,0.5013,1.032,15.22
1681,0113,44,7,0.002,0.997002,0.6690,0.0779,1.035,15.22
1682,0294,0,0,700,0.274877,0.2980,0.4393,1.033,15.22
1683,0252,44,6,0.09739,0.432052,0.5639,0.2101,1.045,15.22
1684,0167,132,0,700,0.161079,0.2779,0.6876,1.033,15.22
1685,0200,88,4,7.276,0.235125,0.8569,0.5341,1.029,15.22
1686,0109,132,0,700,0.160734,0.5673,0.6277,1.027,15.22
1687,0118,88,6,0.09739,0.577964,0.3745,0.6172,1.033,15.22
1688,0102,132,0,700,0.064785,0.8953,0.0871,1.046,15.22
1689,0165,44,1,286.5,0.151738,0.3495,0.7583,1.036,15.22
1690,0223,132,1,286.5,0.206129,0.4826,0.6106,1.032,15.22
1691,0172,44,7,0.002,0.999857,0.2530,0.1461,1.029,15.22
1692,0309,132,5,1.168,0.111055,0.4981,0.1745,1.027,15.22
1693,0104,132,7,0.002,0.994014,0.7795,0.0713,1.026,15.22
1694,0034,132,0,700,0.164671,0.6864,0.5298,1.051,15.22
1695,0009,132,2,102.9,0.082744,0.5274,0.1379,1.030,15.22
1696,0014,44,4,7.276,0.126908,0.4328,0.2810,1.025,15.22
1697,0024,132,6,0.09739,0.423978,0.3402,0.2307,1.027,15.22
1698,0303,88,4,7.276,0.174761,0.5728,0.6835,1.040,15.22
1699,0135,88,2,102.9,0.171778,0.5784,0.9476,1.024,15.22
1700,0044,44,7,0.002,0.986566,0.3473,0.1585,1.033,15.22
1701,0005,0,2,102.9,0.162352,0.5832,1.2670,1.039,15.22
1702,0231,88,6,0.09739,0.448829,0.3122,0.3271,1.049,15.22
1703,0148,0,5,1.168,0.097076,0.4033,0.0949,1.028,15.22
1704,0074,132,0,700,0.130640,0.3287,0.3581,1.036,15.22
1705,0173,44,0,700,0.118744,0.6291,0.3943,1.031,15.22
1706,0177,44,6,0.09739,0.419261,0.3965,0.3225,1.048,15.22
1707,0271,132,2,102.9,0.144793,0.2801,0.9001,1.036,15.22
1708,0220,0,5,1.168,0.171124,0.4728,0.5152,1.027,15.22
1709,0217,132,0,700,0.207106,0.8543,1.3640,1.037,15.22
1710,0229,132,4,7.276,0.128454,0.5651,0.5483,1.034,15.22
1711,0211,132,1,286.5,0.280204,0.2620,1.6284,1.045,15.22
1712,0174,44,4,7.276,0.130803,0.4863,0.7444,1.028,15.22
1713,0037,44,4,7.276,0.066850,0.3521,0.1868,1.035,15.22
1714,0192,132,3,30.99,0.150267,0.3363,0.8041,1.038,15.22
1715,0193,0,7,0.002,0.997536,0.4121,0.0634,1.034,15.22
1716,0026,88,6,0.09739,0.577595,0.3804,0.2924,1.038,15.22
1717,0047,88,6,0.09739,0.477940,0.6788,0.4827,1.038,15.22
1718,0191,44,1,286.5,0.184808,0.9522,0.9422,1.037,15.22
1719,0293,132,4,7.276,0.176312,0.4626,0.8951,1.038,15.22
1720,0060,88,6,0.09739,0.509072,0.3142,0.4819,1.041,15.22
1721,0093,88,5,1.168,0.213154,0.4499,0.1662,1.032,15.22
1722,0171,132,2,102.9,0.156041,0.8817,1.3213,1.037,15.22
1723,0122,88,5,1.168,0.103619,0.6434,0.1599,1.034,15.22
1724,0213,88,2,102.9,0.187863,0.4864,1.0299,1.048,15.22
1725,0185,88,7,0.002,0.998920,0.3318,0.1105,1.036,15.22
1726,0028,44,0,700,0.136615,0.4134,0.3998,1.029,15.22
1727,0134,0,5,1.168,0.097442,0.5558,0.1883,1.040,15.22
1728,0299,88,7,0.002,1.005579,0.4904,0.0742,1.036,15.22
1729,0085,88,2,102.9,0.131329,0.3250,0.3178,1.043,15.22
1730,0257,44,1,286.5,0.137013,0.5274,0.4270,1.034,15.22
1731,0133,88,2,102.9,0.101851,0.6748,0.4025,1.034,15.22
1732,0190,132,4,7.276,0.222691,0.3072,1.9374,1.033,15.22
1733,0059,132,0,700,0.111520,0.3129,0.2985,1.029,15.22
1734,0240,44,5,1.168,0.142557,0.2706,0.2566,1.038,15.22
1735,0116,132,3,30.99,0.151488,0.7253,1.0695,1.040,15.22
1736,0117,0,4,7.276,0.141408,0.5793,0.7435,1.033,15.22
1737,0078,132,4,7.276,0.079754,0.4397,0.4225,1.035,15.22
1738,0253,44,5,1.168,0.128712,0.7912,0.1999,1.028,15.22
1739,0108,88,0,700,0.129229,0.8144,0.5348,1.034,15.22
1740,0228,88,1,286.5,0.179607,0.6315,0.7099,1.031,15.22
1741,0029,88,6,0.09739,0.411074,0.6944,0.1918,1.023,15.22
1742,0100,0,3,30.99,0.177093,0.2716,0.5348,1.024,15.22
1743,0084,0,1,286.5,0.081928,0.4645,0.1231,1.027,15.22
1744,0132,88,0,700,0.170096,0.3913,0.9054,1.029,15.22
1745,0033,44,2,102.9,0.155478,0.3729,0.6902,1.043,15.22
1746,0302,132,7,0.002,1.001740,0.7358,0.0577,1.032,15.22
1747,0197,88,2,102.9,0.186540,0.4692,0.4695,1.046,15.22
1748,0215,132,0,700,0.224094,0.4866,0.4918,1.063,15.22
1749,0069,0,1,286.5,0.227189,0.5488,0.6630,1.031,15.22
1750,0083,132,4,7.276,0.142345,0.3546,0.6162,1.034,15.22
1751,0079,0,7,0.002,0.996588,0.2801,0.0969,1.022,15.22
1752,0106,132,4,7.276,0.108361,0.6877,0.4037,1.024,15.22
1753,0263,0,6,0.09739,0.433641,0.7148,0.1332,1.022,15.22
1754,0054,44,0,700,0.159114,0.2599,0.6843,1.030,15.22
1755,0081,132,0,700,0.218167,0.3638,0.4897,1.020,15.22
1756,0043,132,5,1.168,0.088915,0.3846,0.0788,1.025,15.22
1757,0218,88,0,700,0.182771,0.6575,0.6909,1.032,15.22
1758,0021,44,1,286.5,0.163388,0.5684,0.6209,1.033,15.22
1759,0035,132,5,1.168,0.080331,0.3843,0.1625,1.028,15.22
1760,0067,0,5,1.168,0.144264,0.4389,0.1602,1.035,15.22
1761,0280,44,4,7.276,0.107709,0.3385,0.7021,1.030,15.22
1762,0027,88,0,700,0.132750,0.9185,0.3591,1.031,15.22
1763,0247,44,6,0.09739,0.424960,0.4325,0.2566,1.022,15.22
1764,0241,132,4,7.276,0.207639,0.6496,1.0382,1.031,15.22
1765,0121,88,1,286.5,0.187057,0.4100,0.9742,1.028,15.22
1766,0008,44,0,700,0.110675,0.3354,0.2668,1.036,15.22
1767,0016,0,2,102.9,0.139055,0.9055,0.5589,1.049,15.22
1768,0285,0,0,700,0.187718,0.7087,0.5544,1.028,15.22
1769,0162,132,2,102.9,0.124232,0.5303,0.4942,1.033,15.22
1770,0107,0,7,0.002,1.002096,0.5641,0.0581,1.031,15.22
1771,0276,132,3,30.99,0.141452,0.4321,0.9742,1.043,15.22
1772,0046,132,1,286.5,0.064300,0.5345,0.0832,1.031,15.22
1773,0056,132,0,700,0.158733,0.4958,0.4944,1.030,15.22
1774,0254,132,0,700,0.182626,0.8725,0.8281,1.027,15.22
1775,0300,132,3,30.99,0.166748,0.5091,1.5984,1.031,15.22
1776,0230,132,1,286.5,0.186566,0.4525,0.5377,1.029,15.22
1777,0305,44,7,0.002,0.999796,0.7137,0.0925,1.022,15.22
1778,0239,88,6,0.09739,0.541448,0.5540,0.3197,1.028,15.22
1779,0219,0,0,700,0.244641,0.5656,0.8438,1.032,15.22
1780,0089,0,3,30.99,0.058315,0.3553,0.1341,1.036,15.22
1781,0307,44,7,0.002,0.998884,0.7271,0.0865,1.024,15.22
1782,0061,132,3,30.99,0.089430,0.2923,0.2886,1.033,15.22
1783,0110,88,6,0.09739,0.441182,0.3449,0.2005,1.024,15.22
1784,0226,88,5,1.168,0.124804,0.5850,0.3708,1.024,15.22
1785,0270,0,1,286.5,0.239863,0.4083,0.6633,1.022,15.22
1786,0030,44,6,0.09739,0.391563,0.8225,0.1839,1.021,15.22
1787,0013,88,2,102.9,0.077516,0.5058,0.1651,1.021,15.22
1788,0290,132,2,102.9,0.179949,0.6502,0.7902,1.025,15.22
1789,0207,132,1,286.5,0.236863,0.5342,0.6442,1.025,15.22
1790,0178,44,1,286.5,0.149572,0.5148,0.4145,1.022,15.22
1791,0242,44,6,0.09739,0.629056,0.7958,0.2617,1.024,15.22
1792,0296,0,4,7.276,0.146191,0.5289,0.7948,1.025,15.22
1793,0295,132,1,286.5,0.164794,0.2711,0.7456,1.029,15.22
1794,0289,44,5,1.168,0.095001,0.5227,0.1397,1.033,15.22
1795,0017,0,3,30.99,0.144103,0.7036,0.5615,1.025,15.22
1796,0002,44,3,30.99,0.076618,0.8263,0.6788,1.034,15.22
1797,0150,88,0,700,0.055094,0.3741,0.1711,1.033,15.22
1798,0208,132,5,1.168,0.169234,0.5462,0.2900,1.041,15.22
1799,0103,88,1,286.5,0.087924,0.6885,0.1687,1.035,15.22
1800,0308,88,0,700,0.198691,0.6401,0.4287,1.025,15.22
1801,0175,132,7,0.002,0.998437,0.6600,0.0998,1.027,15.22
1802,0068,132,7,0.002,0.996671,0.7284,0.0812,1.024,15.22
1803,0255,132,7,0.002,1.000979,0.6103,0.0839,1.028,15.22
1804,0181,121,2,102.9,0.160870,0.9357,1.3499,1.029,15.22
1805,0160,88,7,0.002,0.985413,0.4633,0.1326,1.029,15.22
1806,0051,88,2,102.9,0.153722,0.4917,0.7159,1.026,15.22
1807,0036,88,6,0.09739,0.383025,0.4590,0.2250,1.025,15.22
1808,0131,88,5,1.168,0.115737,0.6953,0.1645,1.033,15.22
1809,0233,88,4,7.276,0.187899,0.5344,0.8583,1.042,15.22
1810,0201,88,7,0.002,1.002262,0.7445,0.0499,1.030,15.22
1811,0159,44,7,0.002,0.995972,0.3710,0.0560,1.030,15.22
1812,0182,44,1,286.5,0.160488,0.9672,1.2348,1.025,15.22
1813,0176,88,7,0.002,0.992016,0.3799,0.1577,1.021,15.22
1814,0065,132,2,102.9,0.154343,0.4601,1.4432,1.026,15.22
1815,0058,88,5,1.168,0.075496,0.3477,0.0813,1.023,15.22
1816,0157,132,2,102.9,0.170588,0.3109,0.8306,1.019,15.22
1817,0292,44,7,0.002,0.993822,0.3370,0.0840,1.026,15.22
1818,0010,88,7,0.002,1.000183,0.4750,0.0835,1.023,15.22
1819,0199,88,4,7.276,0.189220,0.4970,1.2468,1.026,15.22
1820,0198,88,3,30.99,0.174076,0.5411,0.7588,1.029,15.22
1821,0221,132,1,286.5,0.146337,0.4175,1.1384,1.052,15.22
1822,0206,132,7,0.002,1.001172,0.5651,0.1114,1.030,15.22
1823,0169,132,7,0.002,0.993289,0.3484,0.1599,1.023,15.22
1824,0202,0,1,286.5,0.211958,0.4676,1.1755,1.027,15.22
1825,0224,88,1,286.5,0.270073,0.5484,1.0351,1.033,15.22
1826,0045,44,3,30.99,0.052060,0.4260,0.1607,1.029,15.22
1827,0032,132,3,30.99,0.085771,0.5697,0.2196,1.027,15.22
1828,0146,88,2,102.9,0.095748,0.3158,0.4499,1.030,15.22
1829,0235,0,0,700,0.246715,0.3987,0.5671,1.025,15.22
1830,0055,0,3,30.99,0.146150,0.5440,0.4652,1.026,15.22
1831,0007,44,7,0.002,0.995391,0.4419,0.0975,1.034,15.22
1832,0053,88,1,286.5,0.173883,0.5133,0.6261,1.031,15.22
1833,0112,0,3,30.99,0.154196,0.5816,1.0857,1.031,15.22
1834,0275,132,7,0.002,0.998834,0.7256,0.0589,1.033,15.22
1835,0291,44,4,7.276,0.189761,0.6763,0.4683,1.029,15.22
1836,0273,44,3,30.99,0.195009,0.4021,0.7708,1.034,15.22
1837,0012,132,3,30.99,0.118631,0.5537,0.3995,1.025,15.22
1838,0066,44,4,7.276,0.091267,0.7342,0.3538,1.023,15.22
1839,0057,44,5,1.168,0.134391,0.6377,0.2012,1.028,15.22
1840,0214,44,7,0.002,0.994599,0.2544,0.0767,1.024,15.22
1841,0166,132,6,0.09739,0.489222,0.6207,0.2839,1.023,15.22
1842,0180,88,1,286.5,0.184735,0.4941,0.7933,1.025,15.22
1843,0006,0,6,0.09739,0.490482,0.3847,0.2359,1.039,15.22
1844,0001,88,1,286.5,0.158474,0.2686,1.1750,1.037,15.22
1845,0279,0,7,0.002,1.001196,0.4464,0.0715,1.024,15.22
1846,0186,44,0,700,0.119639,0.2945,0.4655,1.031,15.22
1847,0244,88,1,286.5,0.183120,0.5861,0.9701,1.026,15.22
1848,0153,0,0,700,0.175101,0.3884,0.4398,1.023,15.22
1849,0146,132,7,0.002,0.992692,0.3387,0.0794,1.029,15.22
1850,0295,88,0,700,0.178681,0.2998,0.6418,1.023,15.22
1851,0201,132,0,700,0.250662,0.7521,0.9118,1.024,15.22
1852,0273,0,1,286.5,0.216617,0.4305,0.8388,1.029,15.22
1853,0276,0,5,1.168,0.117200,0.3558,0.2809,1.021,15.22
1854,0116,88,2,102.9,0.177363,0.6284,1.7578,1.018,15.22
1855,0221,88,6,0.09739,0.374604,0.4614,0.3242,1.019,15.22
1856,0305,0,4,7.276,0.182539,0.6915,0.3555,1.025,15.22
1857,0113,0,5,1.168,0.105663,0.6547,0.1642,1.027,15.22
1858,0111,88,5,1.168,0.131833,0.2956,0.1902,1.024,15.22
1859,0024,88,5,1.168,0.144280,0.3121,0.1656,1.025,15.22
1860,0045,88,3,30.99,0.049603,0.4349,0.0719,1.025,15.22
1861,0068,44,4,7.276,0.102099,0.7861,0.9662,1.039,15.22
1862,0135,0,4,7.276,0.134032,0.7724,0.6606,1.027,15.22
1863,0155,132,5,1.168,0.084169,0.2594,0.0583,1.030,15.22
1864,0117,88,1,286.5,0.194860,0.6284,0.9557,1.032,15.22
1865,0207,88,6,0.09739,0.478831,0.5814,0.2608,1.024,15.22
1866,0270,44,0,700,0.246102,0.4693,0.6180,1.034,15.22
1867,0054,88,6,0.09739,0.468817,0.2728,0.2925,1.031,15.22
1868,0304,88,2,102.9,0.189705,0.4772,1.0478,1.029,15.22
1869,0257,132,4,7.276,0.106189,0.5043,0.3710,1.027,15.22
1870,0053,44,1,286.5,0.212792,0.4135,0.5894,1.032,15.22
1871,0300,88,0,700,0.169780,0.6039,0.8528,1.039,15.22
1872,0029,0,0,700,0.100729,0.6867,0.3051,1.028,15.22
1873,0017,88,6,0.09739,0.303466,0.5777,0.1324,1.029,15.22
1874,0275,44,2,102.9,0.245252,0.3219,1.2310,1.033,15.22
1875,0277,132,3,30.99,0.148204,0.4442,0.6996,1.023,15.22
1876,0278,44,1,286.5,0.180164,0.4603,0.5233,1.023,15.22
1877,0014,132,0,700,0.185501,0.4494,0.7647,1.026,15.22
1878,0217,44,7,0.002,1.000970,0.8772,0.0511,1.024,15.22
1879,0100,44,7,0.002,1.001988,0.2530,0.1910,1.028,15.22
1880,0235,44,4,7.276,0.247792,0.3837,0.5112,1.026,15.22
1881,0028,0,2,102.9,0.136699,0.4197,0.4047,1.023,15.22
1882,0102,44,6,0.09739,0.457063,0.3606,0.3493,1.022,15.22
1883,0199,44,0,700,0.225898,0.4438,0.4613,1.027,15.22
1884,0213,132,6,0.09739,0.382553,0.4442,0.1985,1.038,15.22
1885,0240,0,7,0.002,0.993925,0.3452,0.1211,1.039,15.22
1886,0043,88,3,30.99,0.070749,0.4016,0.2384,1.026,15.22
1887,0023,88,6,0.09739,0.387127,0.2681,0.2850,1.029,15.22
1888,0280,88,1,286.5,0.130189,0.4328,0.6026,1.026,15.22
1889,0034,0,7,0.002,1.001227,0.7095,0.0718,1.026,15.22
1890,0150,0,3,30.99,0.058438,0.4108,0.0978,1.019,15.22
1891,0067,88,7,0.002,0.996274,0.4781,0.0692,1.029,15.22
1892,0027,44,4,7.276,0.108709,0.8643,0.7072,1.023,15.22
1893,0214,132,0,700,0.147416,0.2594,0.3377,1.024,15.22
1894,0191,88,4,7.276,0.166455,0.9491,0.5641,1.024,15.22
1895,0048,44,0,700,0.202781,0.2646,0.3431,1.026,15.22
1896,0233,44,1,286.5,0.175524,0.4752,0.4096,1.024,15.22
1897,0303,0,1,286.5,0.209924,0.8130,0.3704,1.026,15.22
1898,0032,0,1,286.5,0.134801,0.4769,2.0578,1.025,15.22
1899,0061,0,4,7.276,0.077996,0.3203,0.4043,1.020,15.22
1900,0051,0,2,102.9,0.176525,0.5042,1.1136,1.021,15.22
1901,0284,44,2,102.9,0.230813,0.8752,0.5472,1.022,15.22
1902,0186,132,2,102.9,0.113578,0.2902,0.4364,1.022,15.22
1903,0202,132,0,700,0.165526,0.6397,0.5610,1.024,15.22
1904,0180,44,3,30.99,0.169328,0.5278,1.0595,1.023,15.22
1905,0065,44,2,102.9,0.127064,0.7503,0.7890,1.022,15.22
1906,0132,44,6,0.09739,0.534306,0.2733,0.3816,1.021,15.22
1907,0219,88,7,0.002,0.999730,0.4371,0.0884,1.022,15.22
1908,0211,0,4,7.276,0.249753,0.4366,0.8215,1.024,15.22
1909,0293,88,4,7.276,0.183636,0.4949,0.7132,1.025,15.22
1910,0287,132,0,700,0.200215,0.2542,0.4000,1.025,15.22
1911,0079,44,6,0.09739,0.379012,0.3306,0.3311,1.026,15.22
1912,0306,88,5,1.168,0.157699,0.3248,0.3984,1.021,15.22
1913,0044,0,0,700,0.098611,0.3221,0.8056,1.019,15.22
1914,0110,44,2,102.9,0.128255,0.5224,0.4685,1.024,15.22
1915,0253,88,0,700,0.200287,0.7536,0.7703,1.024,15.22
1916,0008,0,1,286.5,0.128319,0.3474,0.6072,1.026,15.22
1917,0181,0,0,700,0.154791,0.9712,1.0975,1.023,15.22
1918,0009,88,6,0.09739,0.526345,0.5359,0.3056,1.023,15.22
1919,0058,0,5,1.168,0.078198,0.4824,0.0540,1.022,15.22
1920,0103,0,3,30.99,0.089742,0.6627,0.2841,1.025,15.22
1921,0263,88,3,30.99,0.193571,0.7067,0.4869,1.042,15.22
1922,0105,0,4,7.276,0.093776,0.7833,0.2706,1.026,15.22
1923,0299,44,2,102.9,0.249157,0.5068,0.6370,1.025,15.22
1924,0177,88,6,0.09739,0.386842,0.2932,0.2897,1.028,15.22
1925,0046,44,5,1.168,0.139609,0.8204,0.4580,1.022,15.22
1926,0197,132,3,30.99,0.193942,0.5646,0.6826,1.029,15.22
1927,0172,132,0,700,0.215208,0.3227,0.5547,1.022,15.22
1928,0226,0,2,102.9,0.175449,0.6279,0.5862,1.019,15.22
1929,0134,132,0,700,0.112897,0.6199,0.6130,1.031,15.22
1930,0194,0,0,700,0.220256,0.2617,0.9032,1.025,15.22
1931,0084,44,3,30.99,0.108185,0.4262,0.1663,1.021,15.22
1932,0106,44,4,7.276,0.099428,0.6682,0.3483,1.025,15.22
1933,0290,88,7,0.002,0.997118,0.5872,0.1139,1.024,15.22
1934,0296,132,4,7.276,0.186050,0.3758,0.7384,1.024,15.22
1935,0159,132,7,0.002,0.998997,0.4281,0.0783,1.023,15.22
1936,0167,44,6,0.09739,0.314874,0.3120,0.2092,1.021,15.22
1937,0169,0,3,30.99,0.186587,0.5259,1.4628,1.023,15.22
1938,0107,132,2,102.9,0.099191,0.2930,0.2122,1.026,15.22
1939,0148,132,3,30.99,0.072711,0.3793,0.1217,1.030,15.22
1940,0302,88,0,700,0.169412,0.6163,1.5277,1.024,15.22
1941,0030,132,7,0.002,0.996391,0.8322,0.0846,1.025,15.22
1942,0026,44,7,0.002,0.991681,0.3585,0.0605,1.027,15.22
1943,0175,88,0,700,0.146922,0.7093,0.3805,1.024,15.22
1944,0069,88,7,0.002,0.998159,0.5899,0.0517,1.023,15.22
1945,0112,88,2,102.9,0.153819,0.6358,0.8705,1.028,15.22
1946,0182,132,7,0.002,1.000745,0.9483,0.1288,1.030,15.22
1947,0271,88,2,102.9,0.157245,0.5279,0.3029,1.021,15.22
1948,0002,88,1,286.5,0.094679,0.8424,1.3862,1.024,15.22
1949,0093,0,0,700,0.198023,0.5376,0.2932,1.026,15.22
1950,0279,44,1,286.5,0.161961,0.3950,0.6369,1.024,15.22
1951,0215,0,7,0.002,0.996375,0.5377,0.0808,1.021,15.22
1952,0178,132,2,102.9,0.142407,0.4927,0.8722,1.026,15.22
1953,0022,88,1,286.5,0.090468,0.2681,0.2922,1.025,15.22
1954,0139,88,6,0.09739,0.475791,0.3121,0.3146,1.021,15.22
1955,0074,88,2,102.9,0.139528,0.3113,0.6150,1.024,15.22
1956,0122,132,5,1.168,0.120071,0.6786,0.2361,1.030,15.22
1957,0060,0,0,700,0.073085,0.3021,0.0555,1.038,15.22
1958,0222,132,6,0.09739,0.468750,0.5761,0.3152,1.031,15.22
1959,0255,0,0,700,0.212405,0.5819,0.6027,1.022,15.22
1960,0010,132,3,30.99,0.078095,0.4048,0.5629,1.023,15.22
1961,0224,132,2,102.9,0.304585,0.2871,0.8868,1.030,15.22
1962,0025,44,0,700,0.246343,0.3503,1.1998,1.024,15.22
1963,0089,132,1,286.5,0.074125,0.3210,0.1812,1.024,15.22
1964,0031,132,3,30.99,0.128326,0.3402,0.9169,1.025,15.22
1965,0231,132,0,700,0.204993,0.3203,0.5507,1.024,15.22
1966,0246,132,3,30.99,0.166092,0.7079,0.9713,1.026,15.22
1967,0033,88,7,0.002,0.995630,0.3664,0.0884,1.024,15.22
1968,0047,132,1,286.5,0.060931,0.7633,0.1223,1.022,15.22
1969,0016,44,2,102.9,0.126015,0.6173,0.4843,1.023,15.22
1970,0153,88,2,102.9,0.180140,0.4170,0.6083,1.021,15.22
1971,0193,132,2,102.9,0.240978,0.5913,0.4967,1.025,15.22
1972,0206,88,2,102.9,0.159525,0.6939,1.1628,1.019,15.22
1973,0307,132,0,700,0.258426,0.2590,1.6108,1.020,15.22
1974,0078,88,0,700,0.061137,0.4243,0.3906,1.022,15.22
1975,0229,88,6,0.09739,0.417715,0.6939,0.2849,1.021,15.22
1976,0012,88,2,102.9,0.112205,0.5701,0.2403,1.023,15.22
1977,0165,88,3,30.99,0.157807,0.3327,1.0450,1.020,15.22
1978,0131,0,0,700,0.134575,0.6877,0.8824,1.023,15.22
1979,0176,0,4,7.276,0.200380,0.3042,1.0006,1.023,15.22
1980,0081,0,4,7.276,0.146716,0.4256,0.3971,1.021,15.22
1981,0118,132,7,0.002,1.000602,0.4280,0.1113,1.023,15.22
1982,0294,88,1,286.5,0.294233,0.2614,1.2013,1.023,15.22
1983,0241,88,0,700,0.431413,0.4866,1.7488,1.020,15.22
1984,0256,88,3,30.99,0.213009,0.2592,1.9605,1.022,15.22
1985,0066,132,0,700,0.166559,0.5112,1.4443,1.024,15.22
1986,0019,0,7,0.002,0.992774,0.3890,0.0626,1.020,15.22
1987,0037,132,4,7.276,0.066677,0.3364,0.1891,1.022,15.22
1988,0133,44,0,700,0.110913,0.6639,0.6230,1.025,15.22
1989,0230,88,7,0.002,0.995713,0.4327,0.1011,1.023,15.22
1990,0162,88,4,7.276,0.124550,0.5284,0.5938,1.023,15.22
1991,0055,44,4,7.276,0.130223,0.5828,0.6315,1.025,15.22
1992,0254,44,6,0.09739,0.464812,0.6129,0.2029,1.022,15.22
1993,0212,0,6,0.09739,0.470753,0.4642,0.3625,1.023,15.22
1994,0013,0,3,30.99,0.085271,0.5189,0.1524,1.021,15.22
1995,0228,132,7,0.002,1.000960,0.6895,0.0707,1.023,15.22
1996,0244,132,2,102.9,0.169027,0.6015,0.9692,1.020,15.22
1997,0035,88,1,286.5,0.143290,0.3896,0.5691,1.025,15.22
1998,0021,0,4,7.276,0.132418,0.5609,1.1840,1.025,15.22
1999,0249,88,5,1.168,0.178347,0.7565,0.6279,1.022,15.22
2000,0242,88,2,102.9,0.222223,0.5491,0.8449,1.022,15.22
2001,0173,0,6,0.09739,0.353337,0.6075,0.2062,1.019,15.22
2002,0308,132,6,0.09739,0.469202,0.4811,0.3221,1.019,15.22
2003,0160,132,3,30.99,0.182920,0.4567,0.6782,1.023,15.22
2004,0292,0,3,30.99,0.250619,0.3252,0.8574,1.023,15.22
2005,0223,0,2,102.9,0.206050,0.5253,0.5520,1.020,15.22
2006,0005,132,3,30.99,0.158596,0.6836,0.8387,1.020,15.22
2007,0243,0,4,7.276,0.191313,0.3410,1.5100,1.026,15.22
2008,0291,0,7,0.002,0.995886,0.5724,0.1271,1.023,15.22
2009,0208,44,6,0.09739,0.489815,0.5910,0.2557,1.020,15.22
2010,0192,0,0,700,0.191293,0.2771,0.5457,1.025,15.22
2011,0227,44,3,30.99,0.186336,0.4984,1.1792,1.019,15.22
2012,0006,132,2,102.9,0.119065,0.5551,0.3398,1.024,15.22
2013,0216,44,5,1.168,0.121755,0.3557,0.3358,1.022,15.22
2014,0057,132,5,1.168,0.148091,0.6551,0.2528,1.019,15.22
2015,0289,88,3,30.99,0.175648,0.4724,1.0283,1.020,15.22
2016,0247,0,5,1.168,0.124562,0.3336,0.2249,1.024,15.22
2017,0083,44,6,0.09739,0.422396,0.2941,0.4806,1.022,15.22
2018,0239,132,0,700,0.214291,0.5541,0.4645,1.022,15.22
2019,0157,44,1,286.5,0.163030,0.3820,0.3927,1.021,15.22
2020,0250,88,4,7.276,0.130714,0.9240,0.4797,1.026,15.22
2021,0171,88,6,0.09739,0.289774,0.9374,0.1800,1.020,15.22
2022,0174,132,6,0.09739,0.393709,0.5014,0.1684,1.024,15.22
2023,0104,0,0,700,0.135934,0.9709,0.6204,1.020,15.22
2024,0309,88,3,30.99,0.169133,0.4423,0.5231,1.022,15.22
2025,0285,88,0,700,0.185622,0.7080,0.6100,1.026,15.22
2026,0220,88,0,700,0.228914,0.3813,0.8349,1.021,15.22
2027,0050,44,1,286.5,0.187271,0.3406,0.8382,1.022,15.22
2028,0185,44,4,7.276,0.182736,0.2984,0.9534,1.022,15.22
2029,0298,132,7,0.002,0.995384,0.3416,0.0828,1.023,15.22
2030,0109,44,5,1.168,0.102857,0.5175,0.5995,1.026,15.22
2031,0059,88,6,0.09739,0.513644,0.2981,0.2825,1.023,15.22
2032,0200,44,2,102.9,0.250956,0.7936,0.9861,1.021,15.22
2033,0036,0,4,7.276,0.106501,0.6630,0.4982,1.022,15.22
2034,0166,44,3,30.99,0.164060,0.6033,1.4284,1.021,15.22
2035,0183,0,6,0.09739,0.383664,0.7455,0.1500,1.028,15.22
2036,0252,132,3,30.99,0.157786,0.3008,0.8697,1.021,15.22
2037,0198,132,0,700,0.168854,0.3290,0.8612,1.022,15.22
2038,0007,88,7,0.002,1.006256,0.4947,0.0644,1.022,15.22
2039,0119,132,3,30.99,0.166100,0.8392,0.7328,1.022,15.22
2040,0056,0,4,7.276,0.133900,0.3585,0.6124,1.020,15.22
2041,0001,44,2,102.9,0.134832,0.2594,1.1700,1.024,15.22
2042,0218,0,0,700,0.149480,0.6833,0.4161,1.019,15.22
2043,0190,44,2,102.9,0.179239,0.8978,1.0377,1.026,15.22
2044,0108,0,1,286.5,0.123631,0.7917,0.3557,1.022,15.22
2045,0121,0,1,286.5,0.194809,0.4318,0.9862,1.024,15.22
2046,0179,132,4,7.276,0.210070,0.2586,0.8620,1.026,15.22
2047,0085,44,1,286.5,0.151240,0.3153,0.4054,1.020,15.22
2048,0183,44,1,286.5,0.219763,0.3575,1.2789,1.021,15.22
2049,0241,0,3,30.99,0.339733,0.3008,1.4365,1.026,15.22
2050,0206,0,3,30.99,0.133990,0.8800,1.1306,1.022,15.22
2051,0025,0,6,0.09739,0.493010,0.3789,0.3127,1.020,15.22
2052,0260,88,0,700,0.181409,0.4527,0.6744,1.023,15.22
2053,0199,132,3,30.99,0.216894,0.5190,0.9000,1.025,15.22
2054,0053,132,2,102.9,0.163080,0.5881,1.4968,1.023,15.22
2055,0139,44,7,0.002,0.996551,0.4304,0.0937,1.026,15.22
2056,0202,44,2,102.9,0.183957,0.5606,1.0029,1.019,15.22
2057,0175,0,2,102.9,0.148815,0.6655,0.3829,1.026,15.22
2058,0244,0,3,30.99,0.167303,0.6143,1.0606,1.018,15.22
2059,0078,0,5,1.168,0.100725,0.4027,0.1816,1.025,15.22
2060,0217,88,5,1.168,0.117224,0.9605,0.1563,1.026,15.22
2061,0044,132,4,7.276,0.100412,0.3602,0.3100,1.019,15.22
2062,0109,0,2,102.9,0.198615,0.4905,1.4317,1.024,15.22
2063,0037,88,5,1.168,0.071333,0.3424,0.0839,1.024,15.22
2064,0296,88,7,0.002,1.000753,0.4275,0.1025,1.025,15.22
2065,0027,0,1,286.5,0.139212,0.9206,0.5386,1.020,15.22
2066,0186,0,1,286.5,0.128683,0.3087,0.6729,1.021,15.22
2067,0235,88,6,0.09739,0.719209,0.3139,0.4503,1.023,15.22
2068,0207,44,5,1.168,0.183920,0.6478,0.3538,1.021,15.22
2069,0220,44,5,1.168,0.149043,0.4209,0.4321,1.021,15.22
2070,0252,0,0,700,0.211381,0.6489,0.5178,1.020,15.22
2071,0159,0,3,30.99,0.128916,0.3165,0.9272,1.020,15.22
2072,0112,132,6,0.09739,0.391898,0.6494,0.3115,1.019,15.22
2073,0013,132,4,7.276,0.082997,0.5082,0.2276,1.024,15.22
2074,0092,88,5,1.168,0.199743,0.2509,0.2991,1.019,15.22
2075,0169,88,6,0.09739,0.362591,0.5096,0.1475,1.022,15.22
2076,0307,88,3,30.99,0.202239,0.6664,1.3550,1.022,15.22
2077,0081,44,2,102.9,0.326770,0.4327,1.5853,1.026,15.22
2078,0083,0,4,7.276,0.123396,0.2613,0.5085,1.022,15.22
2079,0208,88,2,102.9,0.252457,0.5145,0.7660,1.024,15.22
2080,0035,44,4,7.276,0.109497,0.3576,0.8299,1.024,15.22
2081,0226,132,1,286.5,0.193168,0.5708,0.8127,1.026,15.22
2082,0049,132,3,30.99,0.149777,0.3585,1.2811,1.023,15.22
2083,0211,44,3,30.99,0.250764,0.5472,1.7151,1.025,15.22
2084,0055,88,1,286.5,0.165744,0.4020,0.6665,1.020,15.22
2085,0157,0,4,7.276,0.155412,0.3827,1.4140,1.022,15.22
2086,0289,0,3,30.99,0.206747,0.5508,1.9128,1.020,15.22
2087,0290,0,4,7.276,0.164806,0.7101,0.9638,1.028,15.22
2088,0012,44,4,7.276,0.110623,0.5823,0.2233,1.022,15.22
2089,0029,132,7,0.002,0.998490,0.7217,0.0685,1.022,15.22
2090,0304,44,3,30.99,0.175451,0.3698,1.0782,1.021,15.22
2091,0050,0,3,30.99,0.178532,0.3711,1.3406,1.021,15.22
2092,0303,44,2,102.9,0.182672,0.3249,0.4495,1.021,15.22
2093,0103,132,5,1.168,0.084070,0.6913,0.0829,1.023,15.22
2094,0034,44,0,700,0.168567,0.7730,0.5408,1.024,15.22
2095,0300,0,3,30.99,0.174574,0.5942,0.7176,1.029,15.22
2096,0231,44,7,0.002,0.996697,0.3073,0.1058,1.023,15.22
2097,0113,132,3,30.99,0.077821,0.2622,0.3948,1.020,15.22
2098,0201,0,0,700,0.250576,0.6788,0.7822,1.021,15.22
2099,0253,132,1,286.5,0.194625,0.5801,1.1848,1.020,15.22
2100,0280,0,7,0.002,0.989403,0.3503,0.1477,1.020,15.22
2101,0166,88,7,0.002,1.000983,0.5908,0.0687,1.028,15.22
2102,0257,88,4,7.276,0.119385,0.4730,0.3911,1.020,15.22
2103,0165,0,4,7.276,0.123168,0.3123,0.5474,1.023,15.22
2104,0016,88,1,286.5,0.125805,0.2954,0.8007,1.024,15.22
2105,0248,132,0,700,0.160179,0.5717,0.8175,1.024,15.22
2106,0287,0,3,30.99,0.182508,0.2502,0.6667,1.025,15.22
2107,0111,132,7,0.002,1.000977,0.2805,0.0720,1.025,15.22
2108,0024,0,2,102.9,0.306514,0.3793,1.0276,1.019,15.22
2109,0177,0,7,0.002,0.996851,0.4259,0.0586,1.025,15.22
2110,0254,0,3,30.99,0.181060,0.5593,1.6765,1.020,15.22
2111,0240,88,1,286.5,0.219706,0.3833,0.6853,1.024,15.22
2112,0295,44,3,30.99,0.175418,0.2894,0.6301,1.023,15.22
2113,0270,132,2,102.9,0.250942,0.4014,1.0873,1.024,15.22
2114,0122,44,3,30.99,0.113405,0.6293,0.5664,1.020,15.22
2115,0074,44,6,0.09739,0.462272,0.2758,0.2969,1.025,15.22
2116,0309,0,4,7.276,0.161324,0.4225,1.2369,1.021,15.22
2117,0002,132,2,102.9,0.074878,0.8218,0.3320,1.026,15.22
2118,0223,44,7,0.002,0.992171,0.5309,0.0884,1.019,15.22
2119,0131,132,1,286.5,0.121862,0.4916,0.7548,1.023,15.22
2120,0140,0,7,0.002,0.992972,0.3466,0.2477,1.024,15.22
2121,0008,132,0,700,0.104309,0.3708,0.1590,1.019,15.22
2122,0218,44,4,7.276,0.126527,0.6749,0.6023,1.021,15.22
2123,0155,88,1,286.5,0.130370,0.2607,1.1736,1.024,15.22
2124,0160,0,0,700,0.191388,0.4687,0.7544,1.019,15.22
2125,0305,88,6,0.09739,0.582254,0.8039,0.3452,1.020,15.22
2126,0274,132,2,102.9,0.211138,0.2623,0.7246,1.023,15.22
2127,0239,44,2,102.9,0.222483,0.4696,1.1125,1.023,15.22
2128,0190,0,2,102.9,0.182610,0.8888,1.0742,1.025,15.22
2129,0285,44,2,102.9,0.188427,0.6921,0.8627,1.022,15.22
2130,0110,0,7,0.002,0.995199,0.5391,0.1010,1.021,15.22
2131,0172,88,2,102.9,0.198797,0.2961,0.7645,1.022,15.22
2132,0101,132,4,7.276,0.101430,0.2942,0.4284,1.024,15.22
2133,0284,88,5,1.168,0.150088,0.8230,0.1310,1.028,15.22
2134,0005,44,7,0.002,0.999329,0.6151,0.0919,1.025,15.22
2135,0279,132,2,102.9,0.122969,0.3061,0.4439,1.019,15.22
2136,0263,132,5,1.168,0.146876,0.6941,0.1870,1.019,15.22
2137,0136,0,6,0.09739,0.548024,0.3358,0.5411,1.025,15.22
2138,0298,88,4,7.276,0.197410,0.4606,1.1547,1.019,15.22
2139,0256,132,1,286.5,0.227529,0.3688,1.3542,1.022,15.22
2140,0178,0,1,286.5,0.164240,0.5320,0.9297,1.023,15.22
2141,0142,0,2,102.9,0.099952,0.3406,0.1232,1.026,15.22
2142,0043,0,5,1.168,0.090483,0.3786,0.0877,1.021,15.22
2143,0273,132,0,700,0.221983,0.3194,0.5790,1.025,15.22
2144,0249,0,6,0.09739,0.459107,0.6004,0.2189,1.023,15.22
2145,0192,88,5,1.168,0.099905,0.2966,0.2673,1.024,15.22
2146,0243,44,5,1.168,0.116765,0.3607,0.2774,1.021,15.22
2147,0001,0,4,7.276,0.131348,0.2611,1.2136,1.023,15.22
2148,0299,132,0,700,0.221403,0.4558,0.5031,1.020,15.22
2149,0056,88,3,30.99,0.137700,0.5769,0.6800,1.013,15.22
2150,0162,0,5,1.168,0.103906,0.3816,0.2875,1.015,15.22
2151,0230,0,5,1.168,0.118691,0.4028,0.1889,1.028,15.22
2152,0292,132,4,7.276,0.233840,0.3119,0.6688,1.026,15.22
2153,0291,132,7,0.002,0.998671,0.2831,0.2591,1.024,15.22
2154,0229,44,5,1.168,0.115832,0.7767,0.3188,1.022,15.22
2155,0057,0,6,0.09739,0.542490,0.5386,0.2141,1.026,15.22
2156,0224,0,6,0.09739,0.499855,0.4411,0.3788,1.026,15.22
2157,0006,88,1,286.5,0.123658,0.5526,0.3164,1.025,15.22
2158,0167,0,6,0.09739,0.321319,0.3135,0.1955,1.023,15.22
2159,0061,88,6,0.09739,0.509151,0.2611,0.2163,1.024,15.22
2160,0247,88,1,286.5,0.230630,0.6027,1.1043,1.019,15.22
2161,0106,0,6,0.09739,0.474340,0.6667,0.2678,1.023,15.22
2162,0276,88,4,7.276,0.125563,0.3911,0.3224,1.020,15.22
2163,0144,132,1,286.5,0.225866,0.3201,0.6794,1.022,15.22
2164,0036,132,5,1.168,0.094437,0.4760,0.1112,1.023,15.22
2165,0242,0,3,30.99,0.214594,0.5369,1.6652,1.029,15.22
2166,0197,44,3,30.99,0.175117,0.4487,0.6853,1.021,15.22
2167,0046,88,2,102.9,0.121284,0.6189,0.5789,1.022,15.22
2168,0176,44,4,7.276,0.192319,0.3987,1.0049,1.020,15.22
2169,0102,0,2,102.9,0.056696,0.3254,0.1318,1.026,15.22
2170,0048,0,3,30.99,0.200126,0.2862,0.5052,1.022,15.22
2171,0051,132,2,102.9,0.137633,0.4421,0.4484,1.020,15.22
2172,0108,132,6,0.09739,0.417453,0.8275,0.1506,1.023,15.22
2173,0116,44,2,102.9,0.166509,0.7149,1.1068,1.023,15.22
2174,0275,0,4,7.276,0.213059,0.3617,1.0158,1.025,15.22
2175,0068,0,2,102.9,0.137356,0.7691,0.8179,1.022,15.22
2176,0148,88,4,7.276,0.079532,0.3990,0.1332,1.025,15.22
2177,0067,132,3,30.99,0.127770,0.4756,0.5091,1.026,15.22
2178,0216,0,0,700,0.186834,0.3342,0.5863,1.022,15.22
2179,0173,132,6,0.09739,0.330245,0.4015,0.3177,1.025,15.22
2180,0021,132,3,30.99,0.147722,0.5869,0.9337,1.020,15.22
2181,0066,88,3,30.99,0.123450,0.6338,1.0634,1.019,15.22
2182,0118,44,2,102.9,0.193946,0.3837,0.8143,1.027,15.22
2183,0215,88,3,30.99,0.194322,0.5461,0.5804,1.019,15.22
2184,0255,88,1,286.5,0.277565,0.3261,1.0003,1.021,15.22
2185,0107,88,1,286.5,0.129670,0.2589,0.2956,1.020,15.22
2186,0271,44,1,286.5,0.183916,0.6266,0.4409,1.026,15.22
2187,0171,44,0,700,0.186294,0.9098,1.7139,1.020,15.22
2188,0233,0,3,30.99,0.161880,0.4869,0.9880,1.022,15.22
2189,0033,0,5,1.168,0.096791,0.3347,0.2259,1.022,15.22
2190,0194,44,0,700,0.201213,0.2583,0.8023,1.016,15.22
2191,0146,0,4,7.276,0.073536,0.2763,0.2659,1.025,15.22
2192,0288,0,6,0.09739,0.309004,0.3246,0.2206,1.026,15.22
2193,0135,44,2,102.9,0.157381,0.7654,0.9298,1.021,15.22
2194,0132,132,6,0.09739,0.476178,0.3595,0.4283,1.023,15.22
2195,0089,44,6,0.09739,0.408928,0.3530,0.5293,1.025,15.22
2196,0213,44,0,700,0.184758,0.5208,0.7651,1.024,15.22
2197,0185,132,4,7.276,0.173356,0.2874,0.8119,1.018,15.22
2198,0047,44,2,102.9,0.118588,0.4397,0.8370,1.022,15.22
2199,0028,132,7,0.002,0.999423,0.3926,0.0638,1.022,15.22
2200,0104,88,2,102.9,0.118008,0.9224,0.5470,1.022,15.22
2201,0119,0,2,102.9,0.178288,0.9018,0.6708,1.026,15.22
2202,0302,44,7,0.002,0.998639,0.6884,0.0800,1.019,15.22
2203,0278,132,5,1.168,0.116722,0.4107,0.2562,1.021,15.22
2204,0022,44,0,700,0.091588,0.2549,0.2674,1.021,15.22
2205,0212,44,2,102.9,0.163123,0.4724,0.8844,1.022,15.22
2206,0181,176,6,0.09739,0.366279,0.9231,0.2104,1.026,15.22
2207,0065,0,1,286.5,0.131125,0.7723,0.6135,1.021,15.22
2208,0221,0,2,102.9,0.139540,0.4273,0.5052,1.024,15.22
2209,0237,132,3,30.99,0.148243,0.4960,0.2934,1.022,15.22
2210,0007,132,7,0.002,0.997321,0.5325,0.0541,1.024,15.22
2211,0250,44,7,0.002,1.002674,0.9332,0.0372,1.027,15.22
2212,0133,132,0,700,0.097757,0.6427,0.3377,1.018,15.22
2213,0010,44,5,1.168,0.092209,0.5171,0.1129,1.019,15.22
2214,0234,44,1,286.5,0.220479,0.3907,0.5802,1.022,15.22
2215,0009,0,0,700,0.105508,0.5105,0.2964,1.016,15.22
2216,0138,132,0,700,0.110344,0.3793,0.3531,1.028,15.22
2217,0026,0,7,0.002,0.998542,0.6390,0.1090,1.028,15.22
2218,0059,0,4,7.276,0.086870,0.3285,0.4108,1.017,15.22
2219,0032,44,5,1.168,0.087631,0.5573,0.0627,1.025,15.22
2220,0017,44,2,102.9,0.168167,0.6837,1.0481,1.023,15.22
2221,0153,132,7,0.002,0.994617,0.3684,0.0655,1.024,15.22
2222,0150,132,7,0.002,0.998855,0.4254,0.1028,1.021,15.22
2223,0014,88,3,30.99,0.151064,0.4609,0.8119,1.020,15.22
2224,0054,132,5,1.168,0.132644,0.4622,0.3001,1.022,15.22
2225,0121,132,4,7.276,0.157753,0.3772,0.8133,1.019,15.22
2226,0198,44,4,7.276,0.137160,0.6584,0.4343,1.029,15.22
2227,0191,132,1,286.5,0.187901,0.9364,1.1590,1.021,15.22
2228,0105,88,5,1.168,0.098577,0.7317,0.0724,1.025,15.22
2229,0219,44,7,0.002,0.995244,0.5907,0.0953,1.023,15.22
2230,0019,132,2,102.9,0.141968,0.3347,1.0931,1.026,15.22
2231,0117,44,4,7.276,0.133353,0.6008,0.6199,1.022,15.22
2232,0182,88,0,700,0.165424,0.9389,1.5111,1.021,15.22
2233,0079,132,1,286.5,0.109589,0.5819,0.6157,1.017,15.22
2234,0228,0,0,700,0.208583,0.4878,0.6632,1.024,15.22
2235,0179,44,3,30.99,0.233880,0.2743,0.8937,1.023,15.22
2236,0246,88,7,0.002,0.997106,0.7061,0.0686,1.028,15.22
2237,0180,0,4,7.276,0.147941,0.3485,0.6986,1.023,15.22
2238,0134,44,0,700,0.113597,0.5731,0.6865,1.021,15.22
2239,0227,0,7,0.002,0.999068,0.5471,0.0638,1.021,15.22
2240,0069,132,7,0.002,1.000193,0.5561,0.0475,1.024,15.22
2241,0093,132,0,700,0.126613,0.7405,0.1551,1.026,15.22
2242,0293,0,4,7.276,0.187807,0.4845,1.3303,1.025,15.22
2243,0294,44,6,0.09739,0.339452,0.3228,0.2656,1.026,15.22
2244,0306,132,4,7.276,0.150697,0.3248,0.7490,1.023,15.22
2245,0031,88,5,1.168,0.109791,0.3534,0.3227,1.024,15.22
2246,0084,132,5,1.168,0.137406,0.2858,0.0999,1.023,15.22
2247,0200,0,3,30.99,0.244670,0.8243,0.7695,1.022,15.22
2248,0308,0,3,30.99,0.220692,0.6226,0.8074,1.020,15.22
2249,0214,0,0,700,0.182381,0.3689,0.4611,1.018,15.22
2250,0100,88,7,0.002,0.994754,0.2747,0.0913,1.018,15.22
2251,0222,88,0,700,0.247602,0.2890,0.6343,1.017,15.22
2252,0060,44,5,1.168,0.097069,0.2746,0.1072,1.017,15.22
2253,0174,0,2,102.9,0.153217,0.4645,0.6007,1.021,15.22
2254,0193,44,5,1.168,0.183660,0.2887,0.3681,1.016,15.22
2255,0023,44,2,102.9,0.088614,0.2549,0.3051,1.023,15.22
2256,0085,0,0,700,0.120451,0.3248,0.3901,1.022,15.22
2257,0030,88,5,1.168,0.086796,0.7899,0.1287,1.025,15.22
2258,0045,132,2,102.9,0.053914,0.4316,0.1027,1.019,15.22
2259,0158,132,2,102.9,0.125635,0.2731,1.3223,1.020,15.22
2260,0189,88,7,0.002,0.995088,0.2995,0.1346,1.024,15.22
2261,0058,44,4,7.276,0.050737,0.4233,0.1012,1.023,15.22
2262,0277,88,0,700,0.145538,0.4601,0.4981,1.018,15.22
2263,0068,44,5,1.168,0.103706,0.7861,0.2531,1.024,15.22
2264,0197,132,3,30.99,0.192862,0.5646,0.9442,1.027,15.22
2265,0153,88,1,286.5,0.180366,0.4170,0.6067,1.024,15.22
2266,0061,0,0,700,0.091530,0.3203,0.4482,1.026,15.22
2267,0181,55,7,0.002,0.991940,0.9614,0.1057,1.018,15.22
2268,0309,44,2,102.9,0.168155,0.4114,0.7544,1.027,15.22
2269,0198,44,5,1.168,0.098634,0.6584,0.3274,1.021,15.22
2270,0230,132,0,700,0.184633,0.4525,0.4876,1.018,15.22
2271,0037,0,5,1.168,0.070737,0.3441,0.0784,1.026,15.22
2272,0036,0,2,102.9,0.125529,0.6630,0.4942,1.025,15.22
2273,0284,132,4,7.276,0.165206,0.8192,0.2535,1.022,15.22
2274,0302,88,1,286.5,0.166461,0.6163,1.6521,1.021,15.22
2275,0201,132,3,30.99,0.237221,0.7521,0.4758,1.025,15.22
2276,0005,132,2,102.9,0.178487,0.6836,0.9687,1.025,15.22
2277,0121,44,7,0.002,0.994404,0.4284,0.0912,1.025,15.22
2278,0276,44,5,1.168,0.095006,0.3677,0.2131,1.017,15.22
2279,0103,88,7,0.002,0.988090,0.6885,0.1336,1.025,15.22
2280,0304,132,0,700,0.201892,0.3374,1.0704,1.021,15.22
2281,0300,44,7,0.002,0.993219,0.5800,0.0885,1.019,15.22
2282,0107,132,4,7.276,0.099287,0.2930,0.1378,1.021,15.22
2283,0146,88,4,7.276,0.072436,0.3158,0.3482,1.025,15.22
2284,0093,88,7,0.002,0.996392,0.4499,0.0629,1.025,15.22
2285,0191,88,0,700,0.192410,0.9491,0.9926,1.023,15.22
2286,0030,132,2,102.9,0.103555,0.8322,0.3594,1.020,15.22
2287,0278,0,7,0.002,1.000130,0.4187,0.0941,1.028,15.22
2288,0104,44,3,30.99,0.117834,0.9778,0.6458,1.023,15.22
2289,0226,88,5,1.168,0.125174,0.5850,0.2457,1.019,15.22
2290,0252,44,0,700,0.211845,0.5639,0.7613,1.022,15.22
2291,0239,0,3,30.99,0.212884,0.3479,0.7672,1.028,15.22
2292,0009,132,7,0.002,1.000898,0.5274,0.0668,1.021,15.22
2293,0241,44,6,0.09739,0.671330,0.6117,0.2997,1.018,15.22
2294,0180,132,3,30.99,0.168193,0.5338,0.9299,1.024,15.22
2295,0291,88,1,286.5,0.218852,0.7206,0.6578,1.024,15.22
2296,0117,0,7,0.002,0.994346,0.5793,0.0827,1.025,15.22
2297,0254,44,0,700,0.169910,0.6129,1.1336,1.021,15.22
2298,0029,88,4,7.276,0.080249,0.6944,0.5714,1.019,15.22
2299,0159,132,7,0.002,0.995946,0.4281,0.0554,1.023,15.22
2300,0034,0,1,286.5,0.180022,0.7095,0.7231,1.019,15.22
2301,0190,88,0,700,0.186408,0.7699,1.1561,1.030,15.22
2302,0010,88,1,286.5,0.069867,0.4750,0.1542,1.021,15.22
2303,0134,88,6,0.09739,0.411116,0.6059,0.1931,1.023,15.22
2304,0215,44,7,0.002,0.995042,0.5401,0.1537,1.020,15.22
2305,0299,0,4,7.276,0.213861,0.6317,0.7290,1.020,15.22
2306,0111,0,4,7.276,0.164422,0.3057,0.3553,1.017,15.22
2307,0079,132,0,700,0.109875,0.5819,0.5170,1.022,15.22
2308,0219,132,1,286.5,0.249643,0.5044,0.9916,1.021,15.22
2309,0045,0,7,0.002,0.977362,0.4273,0.1641,1.023,15.22
2310,0112,44,3,30.99,0.139422,0.6287,0.8488,1.027,15.22
2311,0084,88,0,700,0.136875,0.4375,0.1276,1.017,15.22
2312,0047,132,2,102.9,0.062366,0.7633,0.2161,1.026,15.22
2313,0199,88,1,286.5,0.229541,0.4970,0.7502,1.024,15.22
2314,0273,88,3,30.99,0.188365,0.3200,0.7236,1.027,15.22
2315,0271,44,5,1.168,0.115271,0.6266,0.1828,1.019,15.22
2316,0228,44,1,286.5,0.188279,0.4808,0.6153,1.023,15.22
2317,0058,132,0,700,0.051024,0.4671,0.1016,1.022,15.22
2318,0046,132,2,102.9,0.064153,0.5345,0.0825,1.018,15.22
2319,0014,88,0,700,0.175690,0.4609,0.8532,1.026,15.22
2320,0043,132,3,30.99,0.069861,0.3846,0.1644,1.018,15.22
2321,0253,0,2,102.9,0.199703,0.6753,0.9586,1.027,15.22
2322,0139,0,0,700,0.160349,0.5051,0.8280,1.028,15.22
2323,0028,44,3,30.99,0.129756,0.4134,0.6379,1.020,15.22
2324,0206,88,2,102.9,0.160568,0.6939,1.4164,1.018,15.22
2325,0256,88,5,1.168,0.152103,0.2592,0.5299,1.021,15.22
2326,0192,88,3,30.99,0.195020,0.2966,0.9658,1.023,15.22
2327,0218,0,6,0.09739,0.429865,0.6833,0.1750,1.019,15.22
2328,0270,132,1,286.5,0.246052,0.4014,0.9367,1.025,15.22
2329,0012,132,4,7.276,0.106719,0.5537,0.2202,1.024,15.22
2330,0106,132,0,700,0.121850,0.6877,0.3036,1.022,15.22
2331,0053,0,7,0.002,1.002717,0.5151,0.0779,1.024,15.22
2332,0017,88,7,0.002,0.984595,0.5777,0.1926,1.021,15.22
2333,0255,88,0,700,0.274965,0.3261,0.9919,1.023,15.22
2334,0176,88,1,286.5,0.250403,0.3799,1.1668,1.026,15.22
2335,0208,88,0,700,0.254171,0.5145,0.6352,1.016,15.22
2336,0044,44,5,1.168,0.081579,0.3473,0.1152,1.021,15.22
2337,0069,0,2,102.9,0.224536,0.5488,0.8912,1.030,15.22
2338,0280,88,5,1.168,0.104104,0.4328,0.1522,1.014,15.22
2339,0135,88,4,7.276,0.123770,0.5784,0.9471,1.014,15.22
2340,0032,88,2,102.9,0.115316,0.5666,1.2011,1.020,15.22
2341,0024,44,2,102.9,0.268210,0.3464,0.5514,1.032,15.22
2342,0182,132,3,30.99,0.155908,0.9483,1.7984,1.024,15.22
2343,0290,88,2,102.9,0.253371,0.5872,2.9219,1.017,15.22
2344,0227,44,4,7.276,0.162719,0.4984,0.7054,1.024,15.22
2345,0033,88,6,0.09739,0.321841,0.3664,0.1691,1.021,15.22
2346,0171,44,2,102.9,0.166242,0.9098,1.4260,1.026,15.22
2347,0246,0,6,0.09739,0.309030,0.6937,0.1615,1.032,15.22
2348,0057,88,7,0.002,0.998594,0.6892,0.0532,1.022,15.22
2349,0213,88,5,1.168,0.115503,0.4864,0.2281,1.018,15.22
2350,0247,0,1,286.5,0.272483,0.3336,1.2281,1.018,15.22
2351,0078,44,3,30.99,0.134828,0.4436,0.2837,1.028,15.22
2352,0066,88,0,700,0.138626,0.6338,0.9387,1.019,15.22
2353,0169,132,3,30.99,0.186349,0.3484,1.8087,1.019,15.22
2354,0008,44,2,102.9,0.109150,0.3354,0.5071,1.021,15.22
2355,0133,44,1,286.5,0.112324,0.6639,0.8422,1.018,15.22
2356,0021,0,6,0.09739,0.464663,0.5609,0.2036,1.027,15.22
2357,0235,44,7,0.002,1.002896,0.3837,0.1077,1.028,15.22
2358,0027,44,3,30.99,0.134872,0.8643,1.4268,1.023,15.22
2359,0250,132,3,30.99,0.153716,0.9608,2.4872,1.020,15.22
2360,0116,132,6,0.09739,0.370813,0.7253,0.1360,1.026,15.22
2361,0263,132,3,30.99,0.189146,0.6941,0.5426,1.017,15.22
2362,0105,0,0,700,0.101658,0.7833,0.3090,1.020,15.22
2363,0113,88,7,0.002,0.999026,0.6112,0.0578,1.019,15.22
2364,0089,88,2,102.9,0.081292,0.2714,0.4683,1.020,15.22
2365,0293,88,4,7.276,0.185902,0.4949,0.9655,1.024,15.22
2366,0175,132,4,7.276,0.127104,0.6600,0.4354,1.017,15.22
2367,0173,0,6,0.09739,0.352253,0.6075,0.1746,1.025,15.22
2368,0229,0,0,700,0.137447,0.8800,0.6848,1.026,15.22
2369,0059,0,5,1.168,0.096962,0.3285,0.0799,1.023,15.22
2370,0085,132,1,286.5,0.125788,0.3287,0.3518,1.025,15.22
2371,0223,88,2,102.9,0.205646,0.5206,0.3591,1.020,15.22
2372,0118,0,4,7.276,0.131552,0.4016,0.7415,1.023,15.22
2373,0150,132,7,0.002,0.997566,0.4254,0.0875,1.021,15.22
2374,0131,0,5,1.168,0.123415,0.6877,0.3150,1.021,15.22
2375,0119,132,7,0.002,1.001262,0.8392,0.0414,1.018,15.22
2376,0102,132,4,7.276,0.062762,0.8953,0.0862,1.023,15.22
2377,0160,0,6,0.09739,0.387706,0.4687,0.1607,1.017,15.22
2378,0055,132,4,7.276,0.141729,0.3209,0.2774,1.021,15.22
2379,0275,88,2,102.9,0.229623,0.4276,0.9184,1.018,15.22
2380,0289,0,1,286.5,0.202071,0.5508,0.6095,1.021,15.22
2381,0109,88,5,1.168,0.091388,0.5632,0.3015,1.021,15.22
2382,0308,0,3,30.99,0.219347,0.6226,0.7994,1.029,15.22
2383,0035,88,4,7.276,0.105538,0.3896,0.4090,1.023,15.22
2384,0296,88,6,0.09739,0.525989,0.4275,0.3812,1.016,15.22
2385,0108,44,5,1.168,0.094138,0.8203,0.1388,1.019,15.22
2386,0081,132,7,0.002,0.998484,0.3638,0.0644,1.024,15.22
2387,0166,132,2,102.9,0.182795,0.6207,1.3450,1.021,15.22
2388,0007,132,4,7.276,0.085287,0.5325,0.1719,1.022,15.22
2389,0016,132,6,0.09739,0.408748,0.6553,0.2278,1.026,15.22
2390,0211,88,0,700,0.281366,0.4185,1.1965,1.022,15.22
2391,0244,0,2,102.9,0.165182,0.6143,0.9655,1.024,15.22
2392,0257,44,0,700,0.136623,0.5274,0.4785,1.022,15.22
2393,0148,88,5,1.168,0.108750,0.3990,0.0940,1.024,15.22
2394,0307,88,1,286.5,0.233840,0.6664,2.2491,1.025,15.22
2395,0157,0,7,0.002,0.995863,0.3827,0.1304,1.023,15.22
2396,0292,132,0,700,0.260821,0.3119,0.4383,1.025,15.22
2397,0122,0,6,0.09739,0.495364,0.6971,0.2895,1.028,15.22
2398,0298,0,7,0.002,0.996960,0.4885,0.0611,1.018,15.22
2399,0013,0,4,7.276,0.081581,0.5189,0.1066,1.022,15.22
2400,0217,88,6,0.09739,0.425913,0.9605,0.1209,1.021,15.22
2401,0002,132,4,7.276,0.064167,0.8218,0.1210,1.020,15.22
2402,0277,44,0,700,0.143932,0.4619,0.5691,1.024,15.22
2403,0178,88,4,7.276,0.121627,0.5065,0.5833,1.027,15.22
2404,0279,0,2,102.9,0.176537,0.4464,1.0929,1.024,15.22
2405,0294,132,5,1.168,0.192792,0.3147,0.5502,1.021,15.22
2406,0202,88,0,700,0.175594,0.6250,0.7631,1.021,15.22
2407,0243,0,0,700,0.261965,0.3410,2.5654,1.027,15.22
2408,0051,44,1,286.5,0.183439,0.4677,1.1359,1.022,15.22
2409,0224,132,3,30.99,0.307053,0.2871,1.2759,1.027,15.22
2410,0056,132,7,0.002,1.001104,0.4958,0.1154,1.028,15.22
2411,0200,0,6,0.09739,0.836034,0.8243,0.2795,1.021,15.22
2412,0006,0,6,0.09739,0.488966,0.3847,0.1941,1.018,15.22
2413,0285,132,6,0.09739,0.254435,0.7222,0.1366,1.023,15.22
2414,0162,88,4,7.276,0.124272,0.5284,0.4409,1.019,15.22
2415,0167,44,1,286.5,0.138783,0.3120,0.4121,1.023,15.22
2416,0207,88,4,7.276,0.224787,0.5814,0.7627,1.028,15.22
2417,0174,0,3,30.99,0.147401,0.4645,0.7494,1.021,15.22
2418,0065,0,1,286.5,0.121676,0.7723,0.5151,1.023,15.22
2419,0067,44,3,30.99,0.127893,0.4797,0.2563,1.028,15.22
2420,0084,0,6,0.09739,0.539864,0.4645,0.4177,1.023,15.22
2421,0131,132,4,7.276,0.110153,0.4916,0.9718,1.022,15.22
2422,0008,132,6,0.09739,0.572476,0.3708,0.3057,1.024,15.22
2423,0305,88,0,700,0.169541,0.8039,0.8088,1.029,15.22
2424,0300,0,7,0.002,1.000170,0.5942,0.0491,1.022,15.22
2425,0208,0,3,30.99,0.246422,0.6307,0.8814,1.022,15.22
2426,0111,88,7,0.002,0.996922,0.2956,0.0662,1.020,15.22
2427,0233,44,2,102.9,0.172765,0.4752,0.4722,1.022,15.22
2428,0043,0,1,286.5,0.069128,0.3786,0.1167,1.024,15.22
2429,0017,132,3,30.99,0.162663,0.6636,1.1670,1.027,15.22
2430,0074,132,6,0.09739,0.437067,0.3287,0.1698,1.020,15.22
2431,0146,0,0,700,0.088064,0.2763,0.2483,1.023,15.22
2432,0089,0,3,30.99,0.059768,0.3553,0.1832,1.025,15.22
2433,0134,132,4,7.276,0.084565,0.6199,0.2965,1.026,15.22
2434,0239,132,5,1.168,0.160074,0.5541,0.5368,1.024,15.22
2435,0278,88,3,30.99,0.174022,0.4161,0.6722,1.023,15.22
2436,0241,0,4,7.276,0.314023,0.3008,2.1431,1.023,15.22
2437,0192,0,3,30.99,0.187404,0.2771,1.0058,1.022,15.22
2438,0277,88,2,102.9,0.141842,0.4601,0.4593,1.029,15.22
2439,0279,88,5,1.168,0.096126,0.3093,0.1595,1.022,15.22
2440,0218,88,7,0.002,0.994681,0.6575,0.1166,1.020,15.22
2441,0270,88,6,0.09739,0.414502,0.5186,0.2070,1.022,15.22
2442,0030,88,4,7.276,0.079614,0.7899,0.3382,1.025,15.22
2443,0172,132,3,30.99,0.204506,0.3227,0.8349,1.024,15.22
2444,0167,0,5,1.168,0.085114,0.3135,0.1422,1.027,15.22
2445,0249,44,2,102.9,0.143800,0.7701,0.6357,1.025,15.22
2446,0307,132,6,0.09739,0.518756,0.2590,0.4755,1.027,15.22
2447,0044,132,6,0.09739,0.380101,0.3602,0.2425,1.024,15.22
2448,0292,0,7,0.002,0.998973,0.3252,0.1288,1.023,15.22
2449,0171,0,2,102.9,0.170967,0.9118,1.8394,1.024,15.22
2450,0304,44,6,0.09739,0.508914,0.3698,0.3278,1.022,15.22
2451,0207,132,0,700,0.232735,0.5342,0.4229,1.025,15.22
2452,0150,88,2,102.9,0.054643,0.3741,0.1662,1.026,15.22
2453,0002,44,4,7.276,0.065551,0.8263,0.1565,1.031,15.22
2454,0056,0,4,7.276,0.134723,0.3585,0.3471,1.025,15.22
2455,0240,0,5,1.168,0.124126,0.3452,0.2290,1.021,15.22
2456,0106,0,6,0.09739,0.475837,0.6667,0.2746,1.026,15.22
2457,0242,88,1,286.5,0.223141,0.5491,0.8911,1.023,15.22
2458,0045,44,7,0.002,0.981074,0.4260,0.1822,1.022,15.22
2459,0119,44,1,286.5,0.180346,0.8900,0.8245,1.023,15.22
2460,0118,132,4,7.276,0.265546,0.4280,1.7484,1.026,15.22
2461,0026,0,0,700,0.166559,0.6390,0.7343,1.023,15.22
2462,0213,0,7,0.002,0.998994,0.4383,0.0625,1.025,15.22
2463,0013,132,0,700,0.100685,0.5082,0.4001,1.024,15.22
2464,0104,132,1,286.5,0.113773,0.7795,0.8050,1.024,15.22
2465,0303,88,3,30.99,0.183106,0.5728,0.6456,1.033,15.22
2466,0181,121,6,0.09739,0.366279,0.9357,0.1935,1.038,15.22
2467,0169,88,3,30.99,0.170908,0.5096,1.2448,1.033,15.22
2468,0275,132,2,102.9,0.225519,0.7256,0.5388,1.033,15.22
2469,0014,44,3,30.99,0.145313,0.4328,0.6013,1.028,15.22
2470,0293,44,2,102.9,0.225001,0.4765,0.5348,1.021,15.22
2471,0061,132,1,286.5,0.091095,0.2923,0.2841,1.026,15.22
2472,0285,88,2,102.9,0.180238,0.7080,0.6303,1.025,15.22
2473,0066,44,2,102.9,0.110520,0.7342,0.5854,1.024,15.22
2474,0135,44,1,286.5,0.151779,0.7654,0.5592,1.028,15.22
2475,0253,88,7,0.002,1.001833,0.7536,0.0570,1.020,15.22
2476,0081,88,3,30.99,0.321286,0.3716,2.0861,1.023,15.22
2477,0021,132,0,700,0.162247,0.5869,0.9169,1.025,15.22
2478,0308,88,4,7.276,0.193029,0.6401,0.7793,1.026,15.22
2479,0109,44,0,700,0.190184,0.5175,1.3714,1.033,15.22
2480,0227,0,0,700,0.163447,0.5471,0.7241,1.031,15.22
2481,0093,0,0,700,0.199646,0.5376,0.3362,1.029,15.22
2482,0012,44,0,700,0.119006,0.5823,0.3037,1.027,15.22
2483,0294,0,5,1.168,0.131266,0.2980,0.1684,1.028,15.22
2484,0284,88,3,30.99,0.208806,0.8230,0.3989,1.035,15.22
2485,0027,88,7,0.002,0.994503,0.9185,0.0674,1.025,15.22
2486,0078,88,4,7.276,0.058233,0.4243,0.2284,1.030,15.22
2487,0132,88,1,286.5,0.166911,0.3913,0.9143,1.036,15.22
2488,0193,0,7,0.002,0.999329,0.4121,0.0722,1.026,15.22
2489,0298,132,2,102.9,0.201989,0.3416,0.7659,1.032,15.22
2490,0102,44,1,286.5,0.072197,0.3606,0.2321,1.036,15.22
2491,0220,88,0,700,0.231191,0.3813,0.9365,1.041,15.22
2492,0197,88,4,7.276,0.156199,0.4692,1.2333,1.033,15.22
2493,0243,44,6,0.09739,0.396375,0.3607,0.1504,1.028,15.22
2494,0100,0,1,286.5,0.177188,0.2716,0.5612,1.031,15.22
2495,0110,44,6,0.09739,0.468275,0.5224,0.2734,1.028,15.22
2496,0103,0,6,0.09739,0.380799,0.6627,0.2883,1.034,15.22
2497,0016,88,1,286.5,0.122031,0.2954,0.8292,1.026,15.22
2498,0165,0,7,0.002,0.991193,0.3123,0.2016,1.029,15.22
2499,0085,44,5,1.168,0.095760,0.3153,0.0781,1.032,15.22
2500,0028,132,5,1.168,0.103363,0.3926,0.1984,1.036,15.22
2501,0148,132,3,30.99,0.071188,0.3793,0.1061,1.021,15.22
2502,0122,44,4,7.276,0.099543,0.6293,0.3537,1.030,15.22
2503,0291,132,4,7.276,0.179386,0.2831,0.5325,1.031,15.22
2504,0162,132,2,102.9,0.122189,0.5303,0.4104,1.032,15.22
2505,0058,0,3,30.99,0.053074,0.4824,0.0633,1.033,15.22
2506,0247,44,7,0.002,0.997637,0.4325,0.0676,1.019,15.22
2507,0219,0,6,0.09739,0.540754,0.5656,0.2185,1.025,15.22
2508,0047,0,2,102.9,0.174016,0.7784,1.0546,1.043,15.22
2509,0159,0,0,700,0.133048,0.3165,0.5653,1.025,15.22
2510,0107,88,7,0.002,1.008936,0.2589,0.0746,1.027,15.22
2511,0231,88,0,700,0.223127,0.3122,0.7499,1.027,15.22
2512,0057,0,3,30.99,0.156369,0.5386,0.4134,1.027,15.22
2513,0199,132,2,102.9,0.213974,0.5190,0.5556,1.029,15.22
2514,0006,44,4,7.276,0.117831,0.4209,0.4461,1.029,15.22
2515,0079,88,6,0.09739,0.425424,0.4342,0.4418,1.025,15.22
2516,0215,132,2,102.9,0.218974,0.4866,0.7229,1.034,15.22
2517,0271,0,3,30.99,0.181643,0.6997,0.4469,1.031,15.22
2518,0160,88,7,0.002,0.983123,0.4633,0.1419,1.031,15.22
2519,0117,44,6,0.09739,0.378924,0.6008,0.1689,1.041,15.22
2520,0185,132,3,30.99,0.221604,0.2874,1.0451,1.034,15.22
2521,0139,88,5,1.168,0.103959,0.3121,0.1598,1.036,15.22
2522,0007,88,1,286.5,0.111135,0.4947,0.3575,1.030,15.22
2523,0221,0,5,1.168,0.098778,0.4273,0.4083,1.034,15.22
2524,0046,88,3,30.99,0.119365,0.6189,0.6277,1.035,15.22
2525,0175,44,4,7.276,0.123255,0.6888,0.4504,1.044,15.22
2526,0214,0,0,700,0.183945,0.3689,0.4938,1.038,15.22
2527,0157,88,4,7.276,0.141294,0.3362,0.6482,1.032,15.22
2528,0255,132,1,286.5,0.185287,0.6103,0.6987,1.030,15.22
2529,0033,0,1,286.5,0.147130,0.3347,0.4877,1.031,15.22
2530,0176,0,1,286.5,0.256634,0.3042,0.8283,1.042,15.22
2531,0053,44,2,102.9,0.205292,0.4135,0.5887,1.033,15.22
2532,0036,132,0,700,0.119810,0.4760,0.5194,1.028,15.22
2533,0083,0,5,1.168,0.110437,0.2613,0.1593,1.023,15.22
2534,0256,132,0,700,0.228289,0.3688,1.2941,1.029,15.22
2535,0035,44,2,102.9,0.151040,0.3576,0.7509,1.032,15.22
2536,0177,0,5,1.168,0.118112,0.4259,0.3687,1.034,15.22
2537,0054,132,6,0.09739,0.503646,0.4622,0.2419,1.031,15.22
2538,0024,88,6,0.09739,0.401811,0.3121,0.1937,1.039,15.22
2539,0200,132,2,102.9,0.242684,0.8561,0.6587,1.042,15.22
2540,0230,44,4,7.276,0.163486,0.4207,0.4481,1.034,15.22
2541,0065,88,5,1.168,0.100035,0.5829,0.2939,1.030,15.22
2542,0113,0,4,7.276,0.109328,0.6547,0.2974,1.033,15.22
2543,0276,0,2,102.9,0.167656,0.3558,0.9532,1.029,15.22
2544,0005,44,0,700,0.157770,0.6151,0.6927,1.030,15.22
2545,0217,0,7,0.002,1.002917,0.9199,0.0790,1.035,15.22
2546,0198,0,0,700,0.199731,0.7255,0.7999,1.038,15.22
2547,0223,0,1,286.5,0.204940,0.5253,0.3413,1.038,15.22
2548,0178,44,7,0.002,0.998354,0.5148,0.0515,1.028,15.22
2549,0257,0,3,30.99,0.153323,0.5198,0.7514,1.030,15.22
2550,0290,132,6,0.09739,0.390992,0.6502,0.2224,1.021,15.22
2551,0182,0,7,0.002,0.985245,0.9697,0.1521,1.021,15.22
2552,0299,132,1,286.5,0.216409,0.4558,0.4531,1.024,15.22
2553,0191,44,2,102.9,0.182308,0.9522,1.0373,1.024,15.22
2554,0309,132,6,0.09739,0.364627,0.4981,0.2150,1.032,15.22
2555,0302,0,6,0.09739,0.376409,0.7444,0.1333,1.023,15.22
2556,0010,0,2,102.9,0.103364,0.5019,0.5877,1.025,15.22
2557,0186,0,5,1.168,0.088479,0.3087,0.1479,1.052,15.22
2558,0273,44,3,30.99,0.199662,0.4021,1.2593,1.024,15.22
2559,0190,44,2,102.9,0.171789,0.8978,0.8730,1.024,15.22
2560,0235,88,7,0.002,1.007781,0.3139,0.1162,1.025,15.22
2561,0112,0,2,102.9,0.159696,0.5816,1.0589,1.024,15.22
2562,0174,132,6,0.09739,0.394612,0.5014,0.1923,1.025,15.22
2563,0105,88,4,7.276,0.081120,0.7317,0.3393,1.030,15.22
2564,0173,88,1,286.5,0.168633,0.6058,1.0892,1.023,15.22
2565,0224,88,7,0.002,1.004811,0.5484,0.0660,1.030,15.22
2566,0229,88,1,286.5,0.159716,0.6939,1.1770,1.036,15.22
2567,0250,44,6,0.09739,0.433095,0.9332,0.2109,1.028,15.22
2568,0034,88,2,102.9,0.161084,0.7296,0.6402,1.050,15.22
2569,0059,44,3,30.99,0.099384,0.2922,0.4033,1.039,15.22
2570,0206,0,5,1.168,0.118688,0.8800,0.3669,1.036,15.22
2571,0032,0,4,7.276,0.095709,0.4769,0.3228,1.031,15.22
2572,0060,0,1,286.5,0.073130,0.3021,0.0537,1.030,15.22
2573,0037,88,1,286.5,0.068318,0.3424,0.1211,1.037,15.22
2574,0246,44,2,102.9,0.158458,0.7245,0.6075,1.045,15.22
2575,0202,132,4,7.276,0.136422,0.6397,0.4687,1.037,15.22
2576,0001,0,3,30.99,0.140219,0.2611,0.8498,1.036,15.22
2577,0180,88,7,0.002,0.993483,0.4941,0.0959,1.026,15.22
2578,0133,0,5,1.168,0.112553,0.6899,0.2416,1.025,15.22
2579,0296,44,3,30.99,0.154187,0.4710,0.7167,1.043,15.22
2580,0201,88,1,286.5,0.252136,0.7445,1.0132,1.029,15.22
2581,0108,0,2,102.9,0.121811,0.7917,0.3858,1.029,15.22
2582,0211,44,7,0.002,0.996184,0.5472,0.1480,1.027,15.22
2583,0068,0,7,0.002,0.999268,0.7691,0.0780,1.029,15.22
2584,0226,132,6,0.09739,0.370518,0.5708,0.1996,1.033,15.22
2585,0116,88,0,700,0.180800,0.6284,1.4677,1.031,15.22
2586,0009,88,5,1.168,0.111005,0.5359,0.1053,1.037,15.22
2587,0166,0,3,30.99,0.197334,0.6172,2.0771,1.041,15.22
2588,0051,0,1,286.5,0.173639,0.5042,1.1209,1.046,15.22
2589,0067,132,7,0.002,1.000027,0.4756,0.0757,1.031,15.22
2590,0029,132,0,700,0.091433,0.7217,0.3105,1.028,15.22
2591,0121,88,4,7.276,0.157078,0.4100,0.7223,1.029,15.22
2592,0228,132,6,0.09739,0.477602,0.6895,0.2346,1.031,15.22
2593,0055,0,5,1.168,0.141322,0.5440,0.5447,1.040,15.22
2594,0069,44,0,700,0.183602,0.5665,0.4195,1.044,15.22
2595,0252,0,7,0.002,0.994944,0.6489,0.0728,1.036,15.22
2596,0289,132,5,1.168,0.094997,0.5065,0.1714,1.032,15.22
2597,0254,88,6,0.09739,0.411118,0.7791,0.1333,1.036,15.22
2598,0153,0,1,286.5,0.171422,0.3884,0.4425,1.044,15.22
2599,0263,44,5,1.168,0.125898,0.7244,0.1880,1.031,15.22
2600,0244,44,0,700,0.162207,0.6189,1.0050,1.026,15.22
2601,0295,44,3,30.99,0.177454,0.2894,0.8364,1.029,15.22
2602,0280,132,1,286.5,0.145347,0.4177,0.6401,1.028,15.22
2603,0295,88,5,1.168,0.132451,0.2998,0.3326,1.030,15.22
2604,0105,132,7,0.002,0.999424,0.8398,0.0603,1.036,15.22
2605,0199,44,5,1.168,0.112813,0.4438,0.1917,1.035,15.22
2606,0298,44,5,1.168,0.185340,0.5081,0.2976,1.050,15.22
2607,0183,0,4,7.276,0.154855,0.7455,0.4330,1.029,15.22
2608,0012,0,4,7.276,0.110172,0.5348,0.1478,1.036,15.22
2609,0243,132,0,700,0.257115,0.2773,2.4854,1.038,15.22
2610,0255,0,0,700,0.217263,0.5819,0.7614,1.029,15.22
2611,0112,132,5,1.168,0.102370,0.6494,0.1387,1.046,15.22
2612,0139,132,5,1.168,0.102932,0.4249,0.1172,1.034,15.22
2613,0001,88,0,700,0.172109,0.2686,0.9514,1.042,15.22
2614,0211,132,5,1.168,0.203352,0.2620,0.5528,1.033,15.22
2615,0157,44,1,286.5,0.162297,0.3820,0.3385,1.046,15.22
2616,0053,88,3,30.99,0.164605,0.5133,0.7255,1.037,15.22
2617,0024,0,2,102.9,0.298105,0.3793,0.9639,1.025,15.22
2618,0172,44,2,102.9,0.194198,0.2530,1.2091,1.037,15.22
2619,0146,44,3,30.99,0.080013,0.3023,0.3237,1.033,15.22
2620,0171,132,0,700,0.171607,0.8817,1.5426,1.031,15.22
2621,0165,88,6,0.09739,0.395218,0.3327,0.3198,1.029,15.22
2622,0016,0,7,0.002,0.995629,0.9055,0.0344,1.029,15.22
2623,0031,88,4,7.276,0.120801,0.3534,1.0478,1.050,15.22
2624,0056,88,2,102.9,0.145743,0.5769,0.6834,1.037,15.22
2625,0044,88,7,0.002,0.986764,0.3239,0.1873,1.033,15.22
2626,0235,0,0,700,0.248843,0.3987,0.5985,1.027,15.22
2627,0034,132,1,286.5,0.160106,0.6864,0.5266,1.033,15.22
2628,0036,44,1,286.5,0.122607,0.5822,0.3318,1.048,15.22
2629,0249,0,3,30.99,0.128910,0.6004,0.5899,1.037,15.22
2630,0220,44,5,1.168,0.148225,0.4209,0.3762,1.028,15.22
2631,0117,132,4,7.276,0.138044,0.6087,0.7270,1.029,15.22
2632,0219,44,3,30.99,0.227263,0.5907,0.8484,1.035,15.22
2633,0202,0,1,286.5,0.210424,0.4676,1.3105,1.043,15.22
2634,0005,0,6,0.09739,0.479356,0.5832,0.1777,1.035,15.22
2635,0081,0,0,700,0.194341,0.4256,1.1315,1.027,15.22
2636,0007,0,5,1.168,0.128761,0.3926,0.1218,1.039,15.22
2637,0043,88,5,1.168,0.086310,0.4016,0.0905,1.026,15.22
2638,0280,44,5,1.168,0.097039,0.3385,0.1748,1.038,15.22
2639,0084,132,6,0.09739,0.655579,0.2858,0.4060,1.046,15.22
2640,0302,44,1,286.5,0.155363,0.6884,1.0085,1.044,15.22
2641,0291,44,7,0.002,0.996520,0.6763,0.1276,1.035,15.22
2642,0277,0,7,0.002,0.996555,0.4133,0.1324,1.021,15.22
2643,0287,132,6,0.09739,0.265099,0.2542,0.2065,1.027,15.22
2644,0167,88,1,286.5,0.166634,0.2929,0.8172,1.035,15.22
2645,0025,0,0,700,0.193778,0.3789,0.8705,1.044,15.22
2646,0059,88,5,1.168,0.093750,0.2981,0.1347,1.036,15.22
2647,0201,44,7,0.002,1.001743,0.7255,0.0608,1.033,15.22
2648,0226,44,2,102.9,0.184742,0.5940,1.0385,1.028,15.22
2649,0169,44,3,30.99,0.180534,0.3765,0.8799,1.027,15.22
2650,0221,88,4,7.276,0.158280,0.4614,2.4901,1.036,15.22
2651,0216,0,6,0.09739,0.411670,0.3342,0.2035,1.036,15.22
2652,0006,88,6,0.09739,0.475733,0.5526,0.1517,1.040,15.22
2653,0078,132,7,0.002,1.000173,0.4397,0.1062,1.026,15.22
2654,0233,88,7,0.002,0.999747,0.5344,0.0524,1.030,15.22
2655,0046,44,1,286.5,0.159340,0.8204,0.9225,1.038,15.22
2656,0307,0,3,30.99,0.197813,0.8218,1.3872,1.038,15.22
2657,0257,132,3,30.99,0.124688,0.5043,0.9143,1.028,15.22
2658,0111,44,6,0.09739,0.494250,0.3152,0.1903,1.042,15.22
2659,0271,88,5,1.168,0.109174,0.5279,0.3885,1.041,15.22
2660,0240,44,0,700,0.212409,0.2706,0.6835,1.039,15.22
2661,0285,44,5,1.168,0.106263,0.6921,0.1490,1.027,15.22
2662,0132,132,6,0.09739,0.477731,0.3595,0.3664,1.029,15.22
2663,0057,44,7,0.002,0.996095,0.6377,0.0812,1.051,15.22
2664,0159,88,6,0.09739,0.517027,0.4549,0.2852,1.031,15.22
2665,0263,88,6,0.09739,0.428802,0.7067,0.1743,1.042,15.22
2666,0026,88,5,1.168,0.180842,0.3804,0.1991,1.029,15.22
2667,0194,0,2,102.9,0.219681,0.2617,1.3983,1.046,15.22
2668,0051,132,2,102.9,0.138744,0.4421,0.6423,1.041,15.22
2669,0150,0,4,7.276,0.059790,0.4108,0.2138,1.030,15.22
2670,0303,44,1,286.5,0.181396,0.3249,0.5497,1.036,15.22
2671,0241,132,0,700,0.228249,0.6496,0.6563,1.032,15.22
2672,0028,88,6,0.09739,0.505464,0.3941,0.2436,1.029,15.22
2673,0247,132,2,102.9,0.162800,0.5474,1.3254,1.031,15.22
2674,0246,132,3,30.99,0.164400,0.7079,1.0689,1.030,15.22
2675,0224,0,1,286.5,0.225113,0.4411,1.0523,1.051,15.22
2676,0191,132,7,0.002,0.995177,0.9364,0.1189,1.040,15.22
2677,0109,0,0,700,0.207276,0.4905,1.1229,1.036,15.22
2678,0254,0,6,0.09739,0.414509,0.5593,0.1501,1.040,15.22
2679,0218,44,3,30.99,0.142339,0.6749,1.1792,1.046,15.22
2680,0227,88,4,7.276,0.169494,0.5494,0.6525,1.032,15.22
2681,0300,88,7,0.002,1.002738,0.6039,0.0650,1.025,15.22
2682,0198,132,1,286.5,0.161165,0.3290,1.0455,1.028,15.22
2683,0058,88,6,0.09739,0.443324,0.3477,0.3459,1.031,15.22
2684,0206,132,7,0.002,0.997107,0.5651,0.0548,1.039,15.22
2685,0069,88,1,286.5,0.173784,0.5899,0.6274,1.029,15.22
2686,0222,88,7,0.002,0.998939,0.2890,0.2017,1.040,15.22
2687,0021,88,1,286.5,0.165727,0.5881,1.2285,1.029,15.22
2688,0166,88,0,700,0.175266,0.5908,1.2340,1.042,15.22
2689,0215,88,6,0.09739,0.265105,0.5461,0.1471,1.032,15.22
2690,0284,0,1,286.5,0.220475,0.8043,0.7560,1.034,15.22
2691,0067,88,2,102.9,0.133125,0.4781,0.5686,1.033,15.22
2692,0229,44,7,0.002,1.002559,0.7767,0.0501,1.045,15.22
2693,0292,88,1,286.5,0.257740,0.3530,0.5574,1.036,15.22
2694,0022,44,3,30.99,0.085500,0.2549,0.2433,1.040,15.22
2695,0061,88,4,7.276,0.082343,0.2611,0.2753,1.050,15.22
2696,0252,88,4,7.276,0.143460,0.3241,0.9130,1.042,15.22
2697,0089,44,3,30.99,0.071437,0.3530,0.2619,1.034,15.22
2698,0060,44,3,30.99,0.088800,0.2746,0.1044,1.029,15.22
2699,0116,0,1,286.5,0.173850,0.7742,0.7879,1.025,15.22
2700,0008,88,7,0.002,0.998307,0.3521,0.0856,1.040,15.22
2701,0190,0,4,7.276,0.149960,0.8888,1.0142,1.034,15.22
2702,0106,88,6,0.09739,0.496467,0.6688,0.2447,1.027,15.22
2703,0309,0,3,30.99,0.175179,0.4225,1.2823,1.029,15.22
2704,0279,44,6,0.09739,0.432807,0.3950,0.2171,1.033,15.22
2705,0176,44,1,286.5,0.249315,0.3987,0.6395,1.034,15.22
2706,0185,44,2,102.9,0.226026,0.2984,0.7765,1.037,15.22
2707,0054,88,2,102.9,0.155242,0.2728,0.4216,1.053,15.22
2708,0179,132,1,286.5,0.251549,0.2586,0.6522,1.038,15.22
2709,0212,0,0,700,0.172706,0.4642,0.5996,1.032,15.22
2710,0023,88,4,7.276,0.076591,0.2681,0.2097,1.037,15.22
2711,0200,44,6,0.09739,0.842638,0.7936,0.2909,1.045,15.22
2712,0296,0,0,700,0.160027,0.5289,0.6862,1.036,15.22
2713,0017,44,5,1.168,0.105559,0.6837,0.1720,1.039,15.22
2714,0182,88,3,30.99,0.139221,0.9389,1.1886,1.033,15.22
2715,0290,0,7,0.002,0.997058,0.7101,0.0540,1.051,15.22
2716,0122,132,6,0.09739,0.543262,0.6786,0.2062,1.033,15.22
2717,0047,44,1,286.5,0.111737,0.4397,0.7858,1.030,15.22
2718,0032,132,0,700,0.091273,0.5697,0.3196,1.044,15.22
2719,0019,0,7,0.002,1.002124,0.3890,0.0882,1.030,15.22
2720,0278,44,0,700,0.182979,0.4603,0.5439,1.037,15.22
2721,0093,44,4,7.276,0.111560,0.6347,0.1035,1.040,15.22
2722,0193,44,5,1.168,0.183977,0.2887,0.2515,1.041,15.22
2723,0104,0,2,102.9,0.133110,0.9709,0.7488,1.033,15.22
2724,0050,44,2,102.9,0.191461,0.3406,1.1943,1.033,15.22
2725,0014,0,5,1.168,0.111835,0.4051,0.2269,1.034,15.22
2726,0002,88,3,30.99,0.084151,0.8424,0.4100,1.045,15.22
2727,0177,44,1,286.5,0.160426,0.3965,0.3939,1.035,15.22
2728,0113,44,5,1.168,0.091453,0.6690,0.1022,1.035,15.22
2729,0030,0,1,286.5,0.112825,0.8135,0.4369,1.030,15.22
2730,0305,44,3,30.99,0.186607,0.7137,1.5050,1.042,15.22
2731,0045,88,3,30.99,0.049507,0.4349,0.0744,1.036,15.22
2732,0231,44,6,0.09739,0.408464,0.3073,0.2089,1.029,15.22
2733,0208,132,1,286.5,0.259791,0.5462,0.7419,1.030,15.22
2734,0175,88,6,0.09739,0.342371,0.7093,0.1514,1.033,15.22
2735,0242,0,0,700,0.215822,0.5369,1.8446,1.043,15.22
2736,0213,44,1,286.5,0.180208,0.5208,0.7250,1.045,15.22
2737,0055,44,0,700,0.145660,0.5828,0.5882,1.044,15.22
2738,0108,88,2,102.9,0.120861,0.8144,0.5192,1.037,15.22
2739,0155,88,7,0.002,0.995250,0.2607,0.1339,1.032,15.22
2740,0119,0,4,7.276,0.137262,0.9018,1.0111,1.048,15.22
2741,0186,132,0,700,0.117178,0.2902,0.4972,1.033,15.22
2742,0239,44,7,0.002,0.997336,0.4696,0.0697,1.038,15.22
2743,0065,132,6,0.09739,0.440762,0.4601,0.1956,1.028,15.22
2744,0035,0,7,0.002,0.993203,0.3588,0.1517,1.032,15.22
2745,0079,0,7,0.002,0.991729,0.2801,0.2308,1.053,15.22
2746,0230,0,7,0.002,0.998448,0.4028,0.1178,1.031,15.22
2747,0131,88,4,7.276,0.110481,0.6953,0.3863,1.030,15.22
2748,0304,88,4,7.276,0.176650,0.4772,1.5804,1.036,15.22
2749,0180,0,0,700,0.171635,0.3485,0.5703,1.030,15.22
2750,0100,44,0,700,0.169843,0.2530,0.4674,1.031,15.22
2751,0037,44,2,102.9,0.068118,0.3521,0.1389,1.037,15.22
2752,0273,132,2,102.9,0.219885,0.3194,0.7628,1.046,15.22
2753,0294,44,3,30.99,0.281658,0.3228,1.0330,1.034,15.22
2754,0228,0,6,0.09739,0.431882,0.4878,0.1512,1.054,15.22
2755,0173,44,3,30.99,0.117152,0.6291,0.5622,1.040,15.22
2756,0083,44,5,1.168,0.084705,0.2941,0.1423,1.041,15.22
2757,0192,132,5,1.168,0.100671,0.3363,0.2307,1.043,15.22
2758,0308,132,2,102.9,0.233687,0.4811,2.1162,1.038,15.22
2759,0178,132,6,0.09739,0.264180,0.4927,0.1352,1.036,15.22
2760,0217,44,2,102.9,0.172121,0.8772,1.2485,1.036,15.22
2761,0121,132,6,0.09739,0.459905,0.3772,0.2214,1.040,15.22
2762,0066,132,6,0.09739,0.435786,0.5112,0.1631,1.050,15.22
2763,0306,132,4,7.276,0.148251,0.3248,0.4730,1.034,15.22
2764,0148,44,3,30.99,0.074992,0.4384,0.0942,1.040,15.22
2765,0214,44,6,0.09739,0.469835,0.2544,0.5476,1.038,15.22
2766,0074,88,7,0.002,1.001424,0.3113,0.0766,1.050,15.22
2767,0270,44,2,102.9,0.240944,0.4693,0.6493,1.039,15.22
2768,0256,44,3,30.99,0.160893,0.3868,0.8539,1.033,15.22
2769,0289,88,1,286.5,0.182912,0.4724,0.6758,1.026,15.22
2770,0027,0,7,0.002,0.999173,0.9206,0.0532,1.036,15.22
2771,0107,44,0,700,0.108272,0.5461,0.3785,1.037,15.22
2772,0118,44,2,102.9,0.192156,0.3837,0.7326,1.044,15.22
2773,0068,132,0,700,0.143270,0.7284,0.7869,1.034,15.22
2774,0013,44,3,30.99,0.082484,0.5209,0.2062,1.042,15.22
2775,0029,0,4,7.276,0.085494,0.6867,0.6093,1.036,15.22
2776,0162,0,0,700,0.134616,0.3816,0.5563,1.041,15.22
2777,0085,88,6,0.09739,0.462650,0.3250,0.3645,1.029,15.22
2778,0250,0,1,286.5,0.157500,0.9244,1.0017,1.044,15.22
2779,0174,44,0,700,0.151960,0.4863,0.5926,1.045,15.22
2780,0033,132,7,0.002,0.997932,0.3755,0.2070,1.046,15.22
2781,0134,0,7,0.002,0.996808,0.5558,0.0811,1.042,15.22
2782,0181,176,3,30.99,0.160403,0.9231,1.4225,1.029,15.22
2783,0275,44,7,0.002,1.001005,0.3219,0.1137,1.041,15.22
2784,0160,132,5,1.168,0.099045,0.4567,0.2398,1.035,15.22
2785,0009,44,7,0.002,1.001995,0.5207,0.1007,1.038,15.22
2786,0223,132,2,102.9,0.203148,0.4826,0.5494,1.034,15.22
2787,0153,132,3,30.99,0.150038,0.3684,0.5807,1.047,15.22
2788,0133,88,1,286.5,0.099695,0.6748,0.4760,1.048,15.22
2789,0197,44,3,30.99,0.174673,0.4487,0.8569,1.040,15.22
2790,0103,132,5,1.168,0.084482,0.6913,0.0752,1.038,15.22
2791,0102,0,6,0.09739,0.387949,0.3254,0.3631,1.033,15.22
2792,0048,0,4,7.276,0.189717,0.2862,0.3895,1.046,15.22
2793,0253,44,0,700,0.190514,0.7912,0.5876,1.045,15.22
2794,0135,132,1,286.5,0.172864,0.6137,0.6196,1.035,15.22
2795,0110,0,3,30.99,0.104758,0.5391,0.6122,1.030,15.22
2796,0207,44,6,0.09739,0.507042,0.6478,0.2653,1.054,15.22
2797,0299,44,5,1.168,0.214364,0.5068,0.4738,1.035,15.22
2798,0293,132,3,30.99,0.229105,0.4626,0.8784,1.033,15.22
2799,0276,132,4,7.276,0.122991,0.4321,0.6945,1.039,15.22
2800,0244,132,6,0.09739,0.325697,0.6015,0.1290,1.030,15.22
2801,0010,44,5,1.168,0.091985,0.5171,0.1175,1.054,15.22
2802,0012,88,7,0.002,0.998473,0.5701,0.0694,1.032,15.22
2803,0175,0,0,700,0.150315,0.6655,0.3622,1.042,15.22
2804,0169,0,7,0.002,0.996532,0.5259,0.0774,1.045,15.22
2805,0108,132,6,0.09739,0.417589,0.8275,0.1230,1.049,15.22
2806,0305,0,2,102.9,0.206553,0.6915,0.7236,1.041,15.22
2807,0208,44,3,30.99,0.257634,0.5910,0.9092,1.030,15.22
2808,0105,44,5,1.168,0.108399,0.8377,0.0962,1.037,15.22
2809,0212,44,2,102.9,0.160786,0.4724,0.6594,1.040,15.22
2810,0085,0,4,7.276,0.105593,0.3248,0.4446,1.040,15.22
2811,0300,132,2,102.9,0.152457,0.5091,1.0609,1.034,15.22
2812,0233,0,3,30.99,0.162603,0.4869,1.0408,1.039,15.22
2813,0182,44,0,700,0.160751,0.9672,1.2814,1.030,15.22
2814,0089,132,6,0.09739,0.413703,0.3210,0.4321,1.029,15.22
2815,0116,44,1,286.5,0.163486,0.7149,0.7786,1.040,15.22
2816,0177,88,1,286.5,0.155536,0.2932,0.9017,1.045,15.22
2817,0002,0,2,102.9,0.093818,0.8093,1.6063,1.030,15.22
2818,0181,0,5,1.168,0.085408,0.9712,0.2460,1.026,15.22
2819,0278,132,5,1.168,0.115502,0.4107,0.1815,1.024,15.22
2820,0207,0,2,102.9,0.235643,0.6609,0.7258,1.034,15.22
2821,0292,44,1,286.5,0.250286,0.3370,0.5675,1.055,15.22
2822,0119,88,4,7.276,0.146111,0.7467,1.2586,1.040,15.22
2823,0229,132,0,700,0.143627,0.5651,0.4374,1.034,15.22
2824,0162,44,0,700,0.150068,0.4278,0.9777,1.034,15.22
2825,0133,132,7,0.002,0.995258,0.6427,0.0496,1.050,15.22
2826,0022,88,5,1.168,0.077068,0.2681,0.1070,1.035,15.22
2827,0046,0,2,102.9,0.147668,0.8422,0.3857,1.028,15.22
2828,0191,0,3,30.99,0.164857,0.9384,0.6594,1.039,15.22
2829,0180,44,4,7.276,0.137951,0.5278,0.5933,1.031,15.22
2830,0263,0,1,286.5,0.170481,0.7148,0.2973,1.035,15.22
2831,0295,132,3,30.99,0.167200,0.2711,1.2917,1.047,15.22
2832,0066,0,0,700,0.116558,0.7259,0.5191,1.043,15.22
2833,0249,88,7,0.002,1.001741,0.7565,0.0963,1.041,15.22
2834,0241,88,1,286.5,0.429633,0.4866,1.9309,1.048,15.22
2835,0309,88,7,0.002,0.999097,0.4423,0.0769,1.036,15.22
2836,0134,44,5,1.168,0.089360,0.5731,0.1824,1.036,15.22
2837,0246,88,4,7.276,0.135557,0.7061,0.6009,1.030,15.22
2838,0173,132,3,30.99,0.173816,0.4015,1.3645,1.043,15.22
2839,0166,44,5,1.168,0.118242,0.6033,0.5466,1.037,15.22
2840,0104,88,6,0.09739,0.426409,0.9224,0.1896,1.026,15.22
2841,0106,44,3,30.99,0.115961,0.6682,0.6254,1.034,15.22
2842,0167,132,2,102.9,0.155959,0.2779,0.8273,1.043,15.22
2843,0222,132,4,7.276,0.186607,0.5761,0.4997,1.029,15.22
2844,0235,132,2,102.9,0.256930,0.3172,0.5798,1.030,15.22
2845,0009,0,4,7.276,0.095205,0.5105,0.1654,1.041,15.22
2846,0298,88,7,0.002,1.002102,0.4606,0.0669,1.049,15.22
2847,0239,88,2,102.9,0.204994,0.5540,0.6810,1.030,15.22
2848,0057,132,6,0.09739,0.573593,0.6551,0.3490,1.026,15.22
2849,0215,0,5,1.168,0.123007,0.5377,0.1865,1.026,15.22
2850,0303,0,4,7.276,0.192175,0.8130,0.6847,1.028,15.22
2851,0135,0,0,700,0.166538,0.7724,0.5965,1.048,15.22
2852,0092,88,5,1.168,0.198878,0.2509,0.4395,1.036,15.22
2853,0197,0,5,1.168,0.089036,0.4488,0.1937,1.041,15.22
2854,0186,44,6,0.09739,0.336272,0.2945,0.4058,1.030,15.22
2855,0100,88,5,1.168,0.100364,0.2747,0.1817,1.025,15.22
2856,0275,0,0,700,0.242857,0.3617,0.8253,1.058,15.22
2857,0183,44,5,1.168,0.115462,0.3575,0.2502,1.032,15.22
2858,0294,88,1,286.5,0.291723,0.2614,1.1166,1.032,15.22
2859,0307,44,7,0.002,0.996885,0.7271,0.0763,1.039,15.22
2860,0031,132,3,30.99,0.127187,0.3402,0.9827,1.034,15.22
2861,0200,88,6,0.09739,0.843887,0.8569,0.3068,1.047,15.22
2862,0160,44,0,700,0.188406,0.4429,0.5325,1.041,15.22
2863,0296,132,2,102.9,0.199817,0.3758,0.5879,1.029,15.22
2864,0058,44,3,30.99,0.052742,0.4233,0.1311,1.041,15.22
2865,0054,44,6,0.09739,0.568506,0.2599,0.2990,1.035,15.22
2866,0277,132,4,7.276,0.140890,0.4442,1.1521,1.047,15.22
2867,0279,132,5,1.168,0.092986,0.3061,0.1874,1.042,15.22
2868,0214,132,3,30.99,0.141132,0.2594,0.4042,1.027,15.22
2869,0234,44,2,102.9,0.218262,0.3907,0.5812,1.051,15.22
2870,0150,44,4,7.276,0.067966,0.3116,0.1724,1.038,15.22
2871,0216,44,3,30.99,0.166038,0.3557,1.0528,1.032,15.22
2872,0255,44,7,0.002,0.999977,0.6126,0.1024,1.045,15.22
2873,0044,0,3,30.99,0.094423,0.3221,0.2455,1.047,15.22
2874,0280,0,2,102.9,0.146664,0.3503,0.4284,1.045,15.22
2875,0142,0,2,102.9,0.100300,0.3406,0.1592,1.035,15.22
2876,0109,132,2,102.9,0.162709,0.5673,1.0472,1.033,15.22
2877,0189,88,1,286.5,0.221723,0.2995,0.9912,1.059,15.22
2878,0153,44,5,1.168,0.159707,0.3662,0.1392,1.040,15.22
2879,0254,132,5,1.168,0.124212,0.8725,0.1480,1.035,15.22
2880,0274,132,3,30.99,0.203847,0.2623,1.2374,1.023,15.22
2881,0110,88,5,1.168,0.098838,0.3449,0.3117,1.040,15.22
2882,0227,132,1,286.5,0.221759,0.5170,0.6783,1.044,15.22
2883,0035,132,6,0.09739,0.331779,0.3843,0.1877,1.031,15.22
2884,0165,44,0,700,0.151190,0.3495,0.7477,1.038,15.22
2885,0192,44,1,286.5,0.191202,0.2867,0.7159,1.034,15.22
2886,0221,132,0,700,0.144949,0.4175,1.2143,1.030,15.22
2887,0043,44,5,1.168,0.087384,0.3884,0.0785,1.027,15.22
2888,0001,44,4,7.276,0.113772,0.2594,0.8928,1.031,15.22
2889,0178,0,5,1.168,0.108133,0.5320,0.2059,1.043,15.22
2890,0121,0,1,286.5,0.194788,0.4318,1.0764,1.044,15.22
2891,0159,44,4,7.276,0.110123,0.3710,0.7336,1.025,15.22
2892,0179,44,2,102.9,0.238559,0.2743,0.7049,1.029,15.22
2893,0237,132,5,1.168,0.115038,0.4960,0.2322,1.033,15.22
2894,0190,132,7,0.002,0.998461,0.3072,0.0908,1.052,15.22
2895,0302,132,7,0.002,0.997620,0.7358,0.0546,1.039,15.22
2896,0122,88,7,0.002,0.998574,0.6434,0.0598,1.028,15.22
2897,0074,44,3,30.99,0.143161,0.2758,0.9402,1.029,15.22
2898,0299,88,2,102.9,0.222957,0.4904,0.5204,1.027,15.22
2899,0107,0,7,0.002,0.998352,0.5641,0.1098,1.048,15.22
2900,0213,132,0,700,0.174749,0.4442,0.7886,1.041,15.22
2901,0247,88,0,700,0.227254,0.6027,1.0520,1.033,15.22
2902,0016,44,1,286.5,0.122487,0.6173,0.4056,1.046,15.22
2903,0006,132,3,30.99,0.112588,0.5551,0.4176,1.037,15.22
2904,0253,132,1,286.5,0.188948,0.5801,1.2148,1.051,15.22
2905,0244,88,5,1.168,0.107404,0.5861,0.2562,1.043,15.22
2906,0291,0,7,0.002,0.995601,0.5724,0.1078,1.034,15.22
2907,0202,44,0,700,0.182655,0.5606,0.8248,1.042,15.22
2908,0211,0,5,1.168,0.202744,0.4366,0.4576,1.037,15.22
2909,0078,0,7,0.002,0.997616,0.4027,0.0834,1.041,15.22
2910,0271,132,6,0.09739,0.340106,0.2801,0.2666,1.027,15.22
2911,0028,0,4,7.276,0.120080,0.4197,0.9627,1.027,15.22
2912,0198,88,3,30.99,0.170294,0.5411,0.9731,1.049,15.22
2913,0285,0,5,1.168,0.099488,0.7087,0.2367,1.044,15.22
2914,0036,88,2,102.9,0.100568,0.4590,0.4148,1.033,15.22
2915,0005,88,5,1.168,0.116298,0.6742,0.4631,1.035,15.22
2916,0079,44,4,7.276,0.098515,0.3306,0.4246,1.030,15.22
2917,0293,0,6,0.09739,0.326957,0.4845,0.1869,1.039,15.22
2918,0176,132,1,286.5,0.255862,0.3272,0.8420,1.043,15.22
2919,0217,132,5,1.168,0.138548,0.8543,0.2403,1.039,15.22
2920,0140,0,0,700,0.080500,0.3466,0.2468,1.035,15.22
2921,0112,88,1,286.5,0.150200,0.6358,0.6683,1.042,15.22
2922,0138,132,1,286.5,0.111720,0.3793,0.3601,1.041,15.22
2923,0224,44,6,0.09739,0.472821,0.5677,0.2878,1.038,15.22
2924,0260,88,6,0.09739,0.385007,0.4527,0.1944,1.040,15.22
2925,0049,132,3,30.99,0.160090,0.3585,1.6089,1.034,15.22
2926,0171,88,3,30.99,0.142742,0.9374,1.2672,1.042,15.22
2927,0081,44,7,0.002,0.993143,0.4327,0.0866,1.035,15.22
2928,0131,44,5,1.168,0.106099,0.6799,0.1765,1.039,15.22
2929,0083,132,0,700,0.148392,0.3546,0.3983,1.031,15.22
2930,0287,0,3,30.99,0.177005,0.2502,0.4703,1.043,15.22
2931,0008,0,5,1.168,0.132052,0.3474,0.1458,1.041,15.22
2932,0304,0,0,700,0.173364,0.4132,0.5391,1.043,15.22
2933,0199,0,2,102.9,0.209733,0.4416,0.5002,1.026,15.22
2934,0252,132,5,1.168,0.114170,0.3008,0.1931,1.025,15.22
2935,0243,88,7,0.002,0.993668,0.3502,0.2251,1.026,15.22
2936,0021,44,7,0.002,0.998925,0.5684,0.0775,1.028,15.22
2937,0037,132,3,30.99,0.069153,0.3364,0.1719,1.052,15.22
2938,0014,132,0,700,0.178178,0.4494,0.7045,1.031,15.22
2939,0010,132,0,700,0.077169,0.4048,0.3736,1.039,15.22
2940,0270,0,7,0.002,1.000309,0.4083,0.0562,1.027,15.22
2941,0045,132,0,700,0.053178,0.4316,0.2073,1.028,15.22
2942,0053,132,0,700,0.158333,0.5881,1.2423,1.057,15.22
2943,0084,44,2,102.9,0.103313,0.4262,0.0985,1.033,15.22
2944,0308,44,2,102.9,0.203320,0.6458,0.5531,1.034,15.22
2945,0061,44,6,0.09739,0.497313,0.3144,0.2451,1.035,15.22
2946,0118,88,0,700,0.241957,0.3745,1.0072,1.031,15.22
2947,0069,132,1,286.5,0.178771,0.5561,0.4894,1.034,15.22
2948,0024,132,6,0.09739,0.426199,0.3402,0.1896,1.039,15.22
2949,0194,44,4,7.276,0.171462,0.2583,1.6139,1.050,15.22
2950,0228,88,1,286.5,0.183245,0.6315,0.8454,1.038,15.22
2951,0067,0,2,102.9,0.133713,0.4389,0.2479,1.029,15.22
2952,0027,132,3,30.99,0.128200,0.9092,0.7616,1.045,15.22
2953,0111,132,2,102.9,0.190889,0.2805,0.6389,1.042,15.22
2954,0026,44,1,286.5,0.138670,0.3585,0.4374,1.040,15.22
2955,0240,88,2,102.9,0.214531,0.3833,0.7330,1.037,15.22
2956,0007,44,6,0.09739,0.510965,0.4419,0.2551,1.040,15.22
2957,0158,132,1,286.5,0.124577,0.2731,0.5004,1.032,15.22
2958,0117,88,4,7.276,0.146986,0.6284,1.2854,1.034,15.22
2959,0056,44,0,700,0.163213,0.5705,0.4608,1.040,15.22
2960,0226,0,1,286.5,0.181599,0.6279,0.6373,1.050,15.22
2961,0273,0,1,286.5,0.215384,0.4305,0.7152,1.049,15.22
2962,0290,44,5,1.168,0.132347,0.6017,0.1844,1.042,15.22
2963,0048,44,2,102.9,0.203246,0.2646,0.3703,1.055,15.22
2964,0065,44,3,30.99,0.111279,0.7503,1.3939,1.035,15.22
2965,0250,88,6,0.09739,0.413837,0.9240,0.1660,1.037,15.22
2966,0034,44,6,0.09739,0.395302,0.7730,0.1939,1.028,15.22
2967,0242,44,4,7.276,0.172495,0.7958,0.7695,1.050,15.22
2968,0032,44,2,102.9,0.099625,0.5573,0.8342,1.042,15.22
2969,0256,0,6,0.09739,0.488820,0.3902,0.2461,1.032,15.22
2970,0093,132,1,286.5,0.126039,0.7405,0.1441,1.037,15.22
2971,0201,0,7,0.002,1.002555,0.6788,0.0622,1.029,15.22
2972,0155,132,4,7.276,0.063230,0.2594,0.1851,1.039,15.22
2973,0101,132,5,1.168,0.091169,0.2942,0.1856,1.036,15.22
2974,0047,88,3,30.99,0.093315,0.6788,0.4164,1.050,15.22
2975,0017,0,1,286.5,0.147617,0.7036,0.6840,1.038,15.22
2976,0055,88,1,286.5,0.169040,0.4020,0.9213,1.032,15.22
2977,0033,44,4,7.276,0.121254,0.3729,0.6282,1.049,15.22
2978,0289,44,5,1.168,0.097962,0.5227,0.1555,1.042,15.22
2979,0102,88,2,102.9,0.062825,0.4150,0.3405,1.033,15.22
2980,0172,88,1,286.5,0.203258,0.2961,0.8733,1.060,15.22
2981,0185,88,6,0.09739,0.356452,0.3318,0.3379,1.032,15.22
2982,0050,0,0,700,0.179183,0.3711,0.5714,1.033,15.22
2983,0223,44,7,0.002,1.002093,0.5309,0.1807,1.031,15.22
2984,0306,88,4,7.276,0.180815,0.3248,1.0655,1.030,15.22
2985,0219,88,4,7.276,0.219010,0.4371,0.9186,1.044,15.22
2986,0051,88,0,700,0.152259,0.4917,0.6856,1.051,15.22
2987,0193,132,3,30.99,0.240935,0.5913,0.5566,1.040,15.22
2988,0276,88,4,7.276,0.127342,0.3911,0.4266,1.056,15.22
2989,0157,132,3,30.99,0.159952,0.3109,0.9684,1.038,15.22
2990,0023,44,0,700,0.091133,0.2549,0.2586,1.033,15.22
2991,0030,44,1,286.5,0.104476,0.8225,0.3498,1.031,15.22
2992,0146,132,0,700,0.099005,0.3387,0.3020,1.039,15.22
2993,0218,132,0,700,0.189111,0.6827,1.0165,1.035,15.22
2994,0013,88,7,0.002,0.999354,0.5058,0.1174,1.039,15.22
2995,0248,132,4,7.276,0.136203,0.5717,0.8069,1.044,15.22
2996,0103,44,1,286.5,0.092990,0.6827,0.3172,1.043,15.22
2997,0025,44,2,102.9,0.242052,0.3503,1.3733,1.054,15.22
2998,0230,88,7,0.002,1.001588,0.4327,0.1208,1.039,15.22
2999,0029,44,4,7.276,0.078392,0.7256,0.3147,1.033,15.22
3000,0068,88,6,0.09739,0.460665,0.8016,0.1566,1.059,15.22
