step,loss,lpips_vgg,l1,gnorm_preclip,clipped,lr,s_per_step,peak_gib
1,0.198202,0.151367,0.046835,0.3601,0,2.000e-07,3.160,11.84
2,0.139445,0.108887,0.030558,0.6731,0,4.000e-07,2.938,12.32
3,0.259126,0.181152,0.077973,0.3712,0,6.000e-07,2.939,12.32
4,0.210651,0.140625,0.070026,1.2034,1,8.000e-07,2.941,12.32
5,0.130430,0.090332,0.040098,0.7388,0,1.000e-06,2.943,12.32
6,0.161921,0.110840,0.051081,1.4597,1,1.200e-06,2.942,12.32
7,0.162392,0.109863,0.052529,0.3986,0,1.400e-06,2.944,12.32
8,0.172715,0.127441,0.045274,1.2996,1,1.600e-06,2.990,12.32
9,0.225816,0.148193,0.077623,0.3392,0,1.800e-06,2.942,12.32
10,0.213086,0.147217,0.065870,0.6642,0,2.000e-06,2.950,12.32
11,0.115916,0.091797,0.024119,0.4805,0,2.200e-06,2.951,12.32
12,0.168916,0.137207,0.031709,0.4942,0,2.400e-06,2.951,12.32
13,0.133711,0.102539,0.031172,0.4583,0,2.600e-06,2.958,12.32
14,0.127028,0.098145,0.028884,0.4603,0,2.800e-06,2.949,12.32
15,0.122307,0.095215,0.027092,0.7347,0,3.000e-06,2.957,12.32
16,0.146181,0.117432,0.028749,1.0260,1,3.200e-06,2.955,12.32
17,0.158587,0.130371,0.028216,0.5221,0,3.400e-06,2.960,12.32
18,0.212971,0.151367,0.061604,0.3463,0,3.600e-06,2.953,12.32
19,0.060297,0.048279,0.012019,0.8953,0,3.800e-06,2.970,12.32
20,0.171147,0.121826,0.049321,1.8432,1,4.000e-06,2.955,12.32
21,0.115986,0.092285,0.023701,1.0128,1,4.200e-06,2.962,12.32
22,0.105265,0.086914,0.018351,0.5509,0,4.400e-06,2.954,12.32
23,0.116550,0.095703,0.020847,0.6589,0,4.600e-06,2.961,12.32
24,0.116713,0.093018,0.023696,0.6542,0,4.800e-06,2.946,12.32
25,0.134456,0.100586,0.033870,0.3869,0,5.000e-06,2.966,12.32
26,0.274886,0.186523,0.088363,0.3756,0,5.200e-06,2.961,12.32
27,0.174401,0.130859,0.043541,0.3930,0,5.400e-06,2.960,12.32
28,0.062430,0.053589,0.008841,0.6839,0,5.600e-06,2.949,12.32
29,0.283477,0.182617,0.100859,0.3947,0,5.800e-06,2.954,12.32
30,0.264654,0.179688,0.084967,0.3311,0,6.000e-06,2.947,12.32
31,0.152176,0.107910,0.044266,0.9681,0,6.200e-06,2.961,12.32
32,0.111946,0.084961,0.026985,0.6697,0,6.400e-06,2.958,12.32
33,0.167755,0.115967,0.051789,0.3947,0,6.600e-06,2.953,12.32
34,0.329452,0.216797,0.112656,0.3398,0,6.800e-06,2.963,12.32
35,0.171741,0.130859,0.040881,0.2626,0,7.000e-06,2.963,12.32
36,0.188928,0.127441,0.061486,0.4739,0,7.200e-06,2.949,12.32
37,0.385488,0.249023,0.136465,0.3407,0,7.400e-06,2.945,12.32
38,0.084166,0.068970,0.015196,0.9839,0,7.600e-06,2.957,12.32
39,0.117488,0.087646,0.029842,0.3738,0,7.800e-06,2.961,12.32
40,0.160747,0.111816,0.048931,0.2096,0,8.000e-06,2.943,12.32
41,0.147797,0.110840,0.036957,0.3641,0,8.200e-06,2.960,12.32
42,0.191342,0.133789,0.057553,0.3297,0,8.400e-06,2.948,12.32
43,0.063791,0.050293,0.013498,0.4182,0,8.600e-06,2.947,12.32
44,0.128227,0.094971,0.033257,0.4892,0,8.800e-06,2.948,12.32
45,0.217445,0.151123,0.066322,0.2771,0,9.000e-06,2.945,12.32
46,0.235243,0.146484,0.088758,0.2965,0,9.200e-06,2.948,12.32
47,0.130024,0.100342,0.029682,0.4636,0,9.400e-06,2.953,12.32
48,0.190822,0.140137,0.050685,0.4970,0,9.600e-06,2.947,12.32
49,0.112646,0.087036,0.025610,0.3779,0,9.800e-06,2.957,12.32
50,0.110367,0.087158,0.023209,0.3323,0,1.000e-05,2.949,12.32
51,0.156458,0.126465,0.029993,0.6392,0,1.020e-05,2.954,12.32
52,0.138378,0.112793,0.025585,0.6532,0,1.040e-05,2.952,12.32
53,0.206200,0.142578,0.063622,0.9674,0,1.060e-05,2.944,12.32
54,0.201529,0.126221,0.075308,0.4781,0,1.080e-05,2.952,12.32
55,0.114221,0.092041,0.022180,0.4645,0,1.100e-05,2.963,12.32
56,0.148593,0.106934,0.041660,1.2279,1,1.120e-05,2.976,12.32
57,0.124557,0.094971,0.029586,0.7635,0,1.140e-05,2.951,12.32
58,0.204587,0.138428,0.066160,0.4247,0,1.160e-05,2.962,12.32
59,0.190836,0.134033,0.056803,0.4618,0,1.180e-05,2.962,12.32
60,0.137092,0.111816,0.025276,0.8938,0,1.200e-05,2.952,12.32
61,0.117674,0.093994,0.023680,0.6011,0,1.220e-05,2.946,12.32
62,0.104198,0.085938,0.018260,0.7160,0,1.240e-05,2.949,12.32
63,0.123931,0.094727,0.029205,0.5790,0,1.260e-05,2.961,12.32
64,0.139669,0.108154,0.031514,1.1569,1,1.280e-05,2.947,12.32
65,0.109749,0.085449,0.024300,0.3831,0,1.300e-05,2.958,12.32
66,0.101693,0.077515,0.024179,0.5352,0,1.320e-05,2.947,12.32
67,0.199136,0.142578,0.056557,0.3081,0,1.340e-05,2.947,12.32
68,0.099856,0.078125,0.021731,0.3085,0,1.360e-05,2.949,12.32
69,0.210278,0.145996,0.064282,0.2552,0,1.380e-05,2.957,12.32
70,0.230515,0.152344,0.078171,0.2836,0,1.400e-05,2.948,12.32
71,0.094579,0.072388,0.022192,0.8344,0,1.420e-05,2.950,12.32
72,0.083040,0.061279,0.021760,0.2545,0,1.440e-05,2.946,12.32
73,0.191230,0.125732,0.065497,0.4935,0,1.460e-05,2.948,12.32
74,0.182861,0.137695,0.045166,0.2688,0,1.480e-05,2.964,12.32
75,0.203331,0.123779,0.079552,0.5054,0,1.500e-05,2.953,12.32
76,0.180915,0.131104,0.049811,0.3182,0,1.520e-05,2.953,12.32
77,0.091431,0.070312,0.021118,0.5108,0,1.540e-05,2.951,12.32
78,0.108932,0.073486,0.035446,0.5936,0,1.560e-05,2.958,12.32
79,0.174321,0.135254,0.039067,0.4331,0,1.580e-05,2.946,12.32
80,0.187512,0.137695,0.049817,0.4162,0,1.600e-05,2.949,12.32
81,0.226584,0.151611,0.074972,0.4377,0,1.620e-05,2.946,12.32
82,0.048699,0.038574,0.010124,0.8136,0,1.640e-05,2.960,12.32
83,0.168145,0.131348,0.036797,0.4492,0,1.660e-05,2.950,12.32
84,0.207778,0.158203,0.049575,0.2236,0,1.680e-05,2.953,12.32
85,0.119486,0.093262,0.026225,0.2421,0,1.700e-05,2.960,12.32
86,0.057924,0.049377,0.008547,0.6850,0,1.720e-05,2.949,12.32
87,0.121897,0.091309,0.030589,0.5591,0,1.740e-05,2.964,12.32
88,0.173252,0.130127,0.043125,0.4203,0,1.760e-05,2.945,12.32
89,0.089438,0.065308,0.024130,0.5644,0,1.780e-05,2.950,12.32
90,0.078107,0.055420,0.022687,0.6681,0,1.800e-05,2.961,12.32
91,0.221309,0.139648,0.081661,0.3653,0,1.820e-05,2.954,12.32
92,0.228398,0.147949,0.080448,0.2313,0,1.840e-05,2.944,12.32
93,0.126374,0.099365,0.027009,0.4398,0,1.860e-05,2.964,12.32
94,0.120756,0.082764,0.037992,0.5624,0,1.880e-05,2.949,12.32
95,0.172984,0.137207,0.035776,0.6264,0,1.900e-05,2.964,12.32
96,0.112991,0.089844,0.023147,0.8682,0,1.920e-05,2.950,12.32
97,0.199876,0.142090,0.057786,0.5295,0,1.940e-05,2.945,12.32
98,0.107557,0.082886,0.024671,0.6038,0,1.960e-05,2.956,12.32
99,0.107027,0.084473,0.022555,0.7400,0,1.980e-05,2.951,12.32
100,0.271036,0.202637,0.068399,0.2831,0,2.000e-05,2.944,12.32
101,0.159504,0.120605,0.038899,0.4227,0,2.000e-05,2.945,12.32
102,0.165247,0.131104,0.034143,0.4122,0,2.000e-05,2.958,12.32
103,0.106698,0.082520,0.024178,0.6601,0,2.000e-05,2.949,12.32
104,0.095007,0.077881,0.017126,0.3992,0,2.000e-05,2.948,12.32
105,0.159532,0.116211,0.043321,0.4353,0,2.000e-05,2.951,12.32
106,0.269386,0.186523,0.082862,0.3066,0,2.000e-05,2.946,12.32
107,0.078822,0.065308,0.013514,0.3380,0,2.000e-05,2.956,12.32
108,0.128647,0.090576,0.038071,0.3330,0,2.000e-05,2.944,12.32
109,0.119798,0.100586,0.019212,0.4639,0,2.000e-05,2.960,12.32
110,0.187811,0.132812,0.054999,0.3613,0,2.000e-05,2.943,12.32
111,0.078253,0.059082,0.019171,0.4434,0,2.000e-05,2.965,12.32
112,0.164557,0.113037,0.051520,0.4585,0,2.000e-05,2.959,12.32
113,0.067521,0.054565,0.012956,0.7607,0,2.000e-05,2.946,12.32
114,0.084816,0.066895,0.017921,0.8394,0,2.000e-05,2.960,12.32
115,0.338574,0.209961,0.128613,0.2725,0,2.000e-05,2.947,12.32
116,0.073397,0.056274,0.017122,1.2342,1,2.000e-05,2.955,12.32
117,0.204517,0.142578,0.061938,0.5014,0,2.000e-05,2.963,12.32
118,0.093511,0.072021,0.021489,0.4999,0,2.000e-05,2.964,12.32
119,0.272459,0.192383,0.080076,0.4149,0,2.000e-05,2.953,12.32
120,0.128963,0.101807,0.027156,0.3574,0,2.000e-05,2.958,12.32
121,0.242614,0.176270,0.066345,0.4057,0,2.000e-05,2.948,12.32
122,0.119512,0.090454,0.029058,0.6665,0,2.000e-05,2.948,12.32
123,0.191882,0.129639,0.062243,0.3580,0,2.000e-05,2.951,12.32
124,0.120247,0.099365,0.020882,0.6011,0,2.000e-05,2.948,12.32
125,0.133513,0.090576,0.042937,0.2639,0,2.000e-05,2.949,12.32
126,0.138332,0.099609,0.038723,0.2522,0,2.000e-05,2.946,12.32
127,0.137801,0.097412,0.040389,0.2194,0,2.000e-05,2.949,12.32
128,0.155362,0.115723,0.039640,0.4596,0,2.000e-05,2.956,12.32
129,0.174767,0.136963,0.037804,0.7215,0,2.000e-05,2.946,12.32
130,0.189369,0.139160,0.050209,0.2920,0,2.000e-05,2.948,12.32
131,0.145305,0.114502,0.030803,0.2902,0,2.000e-05,2.951,12.32
132,0.249612,0.149902,0.099710,0.4033,0,2.000e-05,2.946,12.32
133,0.189796,0.132324,0.057472,0.3344,0,2.000e-05,2.951,12.32
134,0.109316,0.084961,0.024355,0.6008,0,2.000e-05,2.957,12.32
135,0.126438,0.103882,0.022556,0.4607,0,2.000e-05,2.947,12.32
136,0.141080,0.105957,0.035123,0.3740,0,2.000e-05,2.946,12.32
137,0.150837,0.110596,0.040242,0.2884,0,2.000e-05,2.946,12.32
138,0.103526,0.085571,0.017954,0.3967,0,2.000e-05,2.949,12.32
139,0.137020,0.094727,0.042294,0.3097,0,2.000e-05,2.959,12.32
140,0.137447,0.094238,0.043209,0.3328,0,2.000e-05,2.946,12.32
141,0.084843,0.065918,0.018925,1.1022,1,2.000e-05,2.950,12.32
142,0.111728,0.082031,0.029697,0.3071,0,2.000e-05,2.948,12.32
143,0.097259,0.065796,0.031463,0.4542,0,2.000e-05,2.949,12.32
144,0.292450,0.190430,0.102021,0.3168,0,2.000e-05,2.950,12.32
145,0.218730,0.145142,0.073589,0.3678,0,2.000e-05,2.950,12.32
146,0.073449,0.055542,0.017907,0.3566,0,2.000e-05,2.958,12.32
147,0.198589,0.141113,0.057475,0.1894,0,2.000e-05,2.945,12.32
148,0.111962,0.089111,0.022851,0.5602,0,2.000e-05,2.952,12.32
149,0.169792,0.130859,0.038933,0.2072,0,2.000e-05,2.955,12.32
150,0.218149,0.141357,0.076792,0.5057,0,2.000e-05,2.949,12.32
151,0.097333,0.081665,0.015668,0.7166,0,2.000e-05,2.963,12.32
152,0.147473,0.118652,0.028821,0.3814,0,2.000e-05,2.950,12.32
153,0.156783,0.114746,0.042037,0.5443,0,2.000e-05,2.961,12.32
154,0.123747,0.095825,0.027922,0.7126,0,2.000e-05,2.952,12.32
155,0.085356,0.068604,0.016753,0.4091,0,2.000e-05,2.965,12.32
156,0.225505,0.162598,0.062907,0.2928,0,2.000e-05,2.953,12.32
157,0.161404,0.114258,0.047146,0.6216,0,2.000e-05,2.961,12.32
158,0.227219,0.171387,0.055832,0.5145,0,2.000e-05,2.953,12.32
159,0.300935,0.208008,0.092927,0.4273,0,2.000e-05,2.958,12.32
160,0.144231,0.108398,0.035832,0.1897,0,2.000e-05,2.950,12.32
161,0.087424,0.069824,0.017600,0.3890,0,2.000e-05,2.946,12.32
162,0.264468,0.175293,0.089175,0.3111,0,2.000e-05,2.949,12.32
163,0.135115,0.101562,0.033553,0.3495,0,2.000e-05,2.954,12.32
164,0.240013,0.159180,0.080833,0.7553,0,2.000e-05,2.962,12.32
165,0.177158,0.133545,0.043613,0.3137,0,2.000e-05,2.953,12.32
166,0.178524,0.123291,0.055233,0.7882,0,2.000e-05,2.957,12.32
167,0.140168,0.112305,0.027863,0.2002,0,2.000e-05,2.949,12.32
168,0.159342,0.117920,0.041422,0.2662,0,2.000e-05,2.957,12.32
169,0.115835,0.090088,0.025747,0.7702,0,2.000e-05,2.946,12.32
170,0.167362,0.128906,0.038456,0.3035,0,2.000e-05,2.948,12.32
171,0.245283,0.159668,0.085615,0.4725,0,2.000e-05,2.950,12.32
172,0.113522,0.092529,0.020993,0.6970,0,2.000e-05,2.947,12.32
173,0.097846,0.076050,0.021796,0.4290,0,2.000e-05,2.958,12.32
174,0.077271,0.056152,0.021118,0.6902,0,2.000e-05,2.956,12.32
175,0.148094,0.102539,0.045555,0.3069,0,2.000e-05,2.957,12.32
176,0.239924,0.166504,0.073420,0.3054,0,2.000e-05,2.951,12.32
177,0.213011,0.147705,0.065306,0.4111,0,2.000e-05,2.954,12.32
178,0.253174,0.152100,0.101074,0.4489,0,2.000e-05,2.988,12.32
179,0.117296,0.092529,0.024766,0.6762,0,2.000e-05,2.951,12.32
180,0.188381,0.129883,0.058499,0.3038,0,2.000e-05,2.959,12.32
181,0.206979,0.133789,0.073190,0.6626,0,2.000e-05,2.948,12.32
182,0.112473,0.089111,0.023362,0.5222,0,2.000e-05,2.948,12.32
183,0.175472,0.131348,0.044125,0.3234,0,2.000e-05,2.949,12.32
184,0.107735,0.093262,0.014473,0.5298,0,2.000e-05,2.955,12.32
185,0.320629,0.199707,0.120922,0.3214,0,2.000e-05,2.947,12.32
186,0.134354,0.096436,0.037918,0.4087,0,2.000e-05,2.947,12.32
187,0.237941,0.148438,0.089503,0.4181,0,2.000e-05,2.950,12.32
188,0.282198,0.187500,0.094698,0.3279,0,2.000e-05,2.948,12.32
189,0.161811,0.119141,0.042671,0.4880,0,2.000e-05,2.955,12.32
190,0.159571,0.108887,0.050685,0.3387,0,2.000e-05,2.953,12.32
191,0.221087,0.146484,0.074603,0.4241,0,2.000e-05,2.964,12.32
192,0.077466,0.063110,0.014356,0.9033,0,2.000e-05,2.953,12.32
193,0.199373,0.130371,0.069002,0.6978,0,2.000e-05,2.962,12.32
194,0.249013,0.168945,0.080068,0.1929,0,2.000e-05,2.946,12.32
195,0.151088,0.115479,0.035609,0.2361,0,2.000e-05,2.952,12.32
196,0.240687,0.163574,0.077112,0.4170,0,2.000e-05,2.944,12.32
197,0.170106,0.111328,0.058778,0.8898,0,2.000e-05,2.955,12.32
198,0.280550,0.192383,0.088167,0.3442,0,2.000e-05,2.953,12.32
199,0.257051,0.179199,0.077852,0.2665,0,2.000e-05,2.949,12.32
200,0.148397,0.113525,0.034871,0.6506,0,2.000e-05,2.948,12.32
201,0.122111,0.091309,0.030802,0.2492,0,2.000e-05,2.944,12.32
202,0.124136,0.098389,0.025747,0.3175,0,2.000e-05,2.959,12.32
203,0.123923,0.095459,0.028464,0.5553,0,2.000e-05,2.959,12.32
204,0.175780,0.131836,0.043944,0.4213,0,2.000e-05,2.987,12.32
205,0.161316,0.124023,0.037293,0.4269,0,2.000e-05,2.953,12.32
206,0.110612,0.092041,0.018571,0.4126,0,2.000e-05,2.948,12.32
207,0.206047,0.138550,0.067497,0.2915,0,2.000e-05,2.956,12.32
208,0.216003,0.157715,0.058288,0.2235,0,2.000e-05,2.955,12.32
209,0.078645,0.060669,0.017976,0.6398,0,2.000e-05,2.955,12.32
210,0.139713,0.105957,0.033756,0.3510,0,2.000e-05,2.956,12.32
211,0.136899,0.098877,0.038022,0.2639,0,2.000e-05,2.956,12.32
212,0.186505,0.137695,0.048809,0.3565,0,2.000e-05,2.950,12.32
213,0.060403,0.052490,0.007913,1.0972,1,2.000e-05,2.950,12.32
214,0.327246,0.198242,0.129004,0.2062,0,2.000e-05,2.947,12.32
215,0.062860,0.052490,0.010370,0.7182,0,2.000e-05,2.965,12.32
216,0.212741,0.145508,0.067233,0.2885,0,2.000e-05,2.955,12.32
217,0.149481,0.113281,0.036199,0.3192,0,2.000e-05,2.957,12.32
218,0.238368,0.166016,0.072353,0.2256,0,2.000e-05,2.951,12.32
219,0.283603,0.178223,0.105381,0.3074,0,2.000e-05,2.951,12.32
220,0.117570,0.090820,0.026749,0.6545,0,2.000e-05,2.945,12.32
221,0.111980,0.081787,0.030193,0.4854,0,2.000e-05,2.952,12.32
222,0.176144,0.122559,0.053585,0.4106,0,2.000e-05,2.956,12.32
223,0.122949,0.092285,0.030664,0.4488,0,2.000e-05,2.951,12.32
224,0.204079,0.140625,0.063454,0.2194,0,2.000e-05,2.948,12.32
225,0.213424,0.140625,0.072799,0.1764,0,2.000e-05,2.945,12.32
226,0.290304,0.201172,0.089132,0.4224,0,2.000e-05,2.950,12.32
227,0.242251,0.152832,0.089419,0.2919,0,2.000e-05,2.950,12.32
228,0.115696,0.096924,0.018773,0.9757,0,2.000e-05,2.956,12.32
229,0.079395,0.060669,0.018726,0.4427,0,2.000e-05,2.948,12.32
230,0.080071,0.064575,0.015496,0.6438,0,2.000e-05,2.957,12.32
231,0.079284,0.057983,0.021301,0.5519,0,2.000e-05,2.950,12.32
232,0.110306,0.088623,0.021683,0.4936,0,2.000e-05,2.956,12.32
233,0.155136,0.113770,0.041366,0.3747,0,2.000e-05,2.957,12.32
234,0.116659,0.086182,0.030477,0.4212,0,2.000e-05,2.954,12.32
235,0.214580,0.154785,0.059795,0.3779,0,2.000e-05,2.948,12.32
236,0.062639,0.051514,0.011125,0.7719,0,2.000e-05,2.965,12.32
237,0.177473,0.124512,0.052962,0.6718,0,2.000e-05,2.947,12.32
238,0.106324,0.075012,0.031312,0.6625,0,2.000e-05,2.945,12.32
239,0.111980,0.089355,0.022625,0.5481,0,2.000e-05,2.959,12.32
240,0.148248,0.108398,0.039850,0.3429,0,2.000e-05,2.953,12.32
241,0.164473,0.127930,0.036543,0.2592,0,2.000e-05,2.959,12.32
242,0.085921,0.072266,0.013656,0.6276,0,2.000e-05,2.951,12.32
243,0.343855,0.209961,0.133894,0.2456,0,2.000e-05,2.948,12.32
244,0.189193,0.122070,0.067123,0.3098,0,2.000e-05,2.946,12.32
245,0.064769,0.055298,0.009471,2.0660,1,2.000e-05,2.950,12.32
246,0.149205,0.102295,0.046910,0.6141,0,2.000e-05,2.950,12.32
247,0.186347,0.115967,0.070381,0.5392,0,2.000e-05,2.957,12.32
248,0.115446,0.092529,0.022917,0.8490,0,2.000e-05,2.957,12.32
249,0.116418,0.094238,0.022180,1.1732,1,2.000e-05,2.947,12.32
250,0.111307,0.084839,0.026468,0.2936,0,2.000e-05,2.948,12.32
251,0.076932,0.061401,0.015531,0.5737,0,2.000e-05,3.167,12.32
252,0.189857,0.138428,0.051429,0.7157,0,2.000e-05,2.950,12.32
253,0.176848,0.130371,0.046476,0.7318,0,2.000e-05,2.993,12.32
254,0.149351,0.111816,0.037534,1.1006,1,2.000e-05,2.951,12.32
255,0.234977,0.160156,0.074821,0.2388,0,2.000e-05,2.959,12.32
256,0.099850,0.083984,0.015866,0.4493,0,2.000e-05,2.958,12.32
257,0.124638,0.101807,0.022832,0.3554,0,2.000e-05,2.952,12.32
258,0.305321,0.186035,0.119286,0.2623,0,2.000e-05,2.947,12.32
259,0.073667,0.053711,0.019956,0.8073,0,2.000e-05,2.952,12.32
260,0.219007,0.152832,0.066175,0.3851,0,2.000e-05,2.955,12.32
261,0.231162,0.150879,0.080283,0.2500,0,2.000e-05,2.948,12.32
262,0.307032,0.187500,0.119532,0.2899,0,2.000e-05,2.949,12.32
263,0.174080,0.124512,0.049568,0.2420,0,2.000e-05,2.955,12.32
264,0.117340,0.090942,0.026398,0.4221,0,2.000e-05,2.949,12.32
265,0.111068,0.083984,0.027084,0.3046,0,2.000e-05,2.960,12.32
266,0.131519,0.101562,0.029957,0.8109,0,2.000e-05,2.961,12.32
267,0.120203,0.092041,0.028162,0.3728,0,2.000e-05,2.950,12.32
268,0.272468,0.171143,0.101325,0.2360,0,2.000e-05,2.952,12.32
269,0.107952,0.089600,0.018353,0.4192,0,2.000e-05,2.948,12.32
270,0.149996,0.118652,0.031343,0.3850,0,2.000e-05,2.951,12.32
271,0.085618,0.064941,0.020676,0.3593,0,2.000e-05,2.949,12.32
272,0.113029,0.088989,0.024040,0.5555,0,2.000e-05,2.947,12.32
273,0.143665,0.110352,0.033313,0.3969,0,2.000e-05,2.951,12.32
274,0.066976,0.050415,0.016561,0.5618,0,2.000e-05,2.950,12.32
275,0.065480,0.056152,0.009327,0.5558,0,2.000e-05,2.947,12.32
276,0.196020,0.126953,0.069067,0.2047,0,2.000e-05,2.952,12.32
277,0.298124,0.180664,0.117460,0.2842,0,2.000e-05,2.944,12.32
278,0.068438,0.050171,0.018267,0.6132,0,2.000e-05,2.948,12.32
279,0.110242,0.082031,0.028210,0.6079,0,2.000e-05,2.953,12.32
280,0.249028,0.167969,0.081059,0.2783,0,2.000e-05,2.955,12.32
281,0.057010,0.043945,0.013065,0.4215,0,2.000e-05,2.948,12.32
282,0.069339,0.058594,0.010745,0.3900,0,2.000e-05,2.963,12.32
283,0.111157,0.094727,0.016431,0.4506,0,2.000e-05,2.965,12.32
284,0.112288,0.088623,0.023664,0.5406,0,2.000e-05,2.952,12.32
285,0.074186,0.052368,0.021818,0.8100,0,2.000e-05,2.952,12.32
286,0.317461,0.213867,0.103593,0.2205,0,2.000e-05,2.952,12.32
287,0.138276,0.103760,0.034516,0.3390,0,2.000e-05,2.956,12.32
288,0.097206,0.078369,0.018837,0.5588,0,2.000e-05,2.952,12.32
289,0.230047,0.142822,0.087225,0.2901,0,2.000e-05,2.965,12.32
290,0.146114,0.113281,0.032833,0.3581,0,2.000e-05,2.996,12.32
291,0.299399,0.179199,0.120199,0.2993,0,2.000e-05,2.950,12.32
292,0.211880,0.129395,0.082486,0.8435,0,2.000e-05,2.960,12.32
293,0.125473,0.085449,0.040024,0.5821,0,2.000e-05,2.947,12.32
294,0.282199,0.175781,0.106418,0.1791,0,2.000e-05,2.950,12.32
295,0.108117,0.086670,0.021447,0.7317,0,2.000e-05,2.954,12.32
296,0.139953,0.108887,0.031066,0.3103,0,2.000e-05,2.947,12.32
297,0.117291,0.090576,0.026715,1.1411,1,2.000e-05,2.949,12.32
298,0.147878,0.105957,0.041921,0.8289,0,2.000e-05,2.952,12.32
299,0.160123,0.104614,0.055509,0.4785,0,2.000e-05,2.945,12.32
300,0.188589,0.116699,0.071890,0.3943,0,2.000e-05,2.947,12.32
301,0.064543,0.046753,0.017790,0.4131,0,2.000e-05,2.948,12.32
302,0.168169,0.116211,0.051958,0.5116,0,2.000e-05,2.953,12.32
303,0.169401,0.117188,0.052213,0.3959,0,2.000e-05,2.944,12.32
304,0.076590,0.062500,0.014090,0.3606,0,2.000e-05,2.951,12.32
305,0.294189,0.186523,0.107665,0.4446,0,2.000e-05,2.955,12.32
306,0.108202,0.088135,0.020067,0.6607,0,2.000e-05,2.950,12.32
307,0.126315,0.098145,0.028170,0.5177,0,2.000e-05,2.951,12.32
308,0.146912,0.109375,0.037537,0.2646,0,2.000e-05,2.957,12.32
309,0.207305,0.146484,0.060821,0.4400,0,2.000e-05,2.960,12.32
310,0.206641,0.142578,0.064062,0.2558,0,2.000e-05,2.956,12.32
311,0.267125,0.187012,0.080113,0.3248,0,2.000e-05,2.953,12.32
312,0.107685,0.082275,0.025410,0.4857,0,2.000e-05,2.954,12.32
313,0.094794,0.074829,0.019965,0.5963,0,2.000e-05,2.948,12.32
314,0.128317,0.104004,0.024313,0.4282,0,2.000e-05,2.952,12.32
315,0.100342,0.077637,0.022705,0.2135,0,2.000e-05,2.949,12.32
316,0.257199,0.184570,0.072628,0.2152,0,2.000e-05,2.946,12.32
317,0.108533,0.088379,0.020154,0.4505,0,2.000e-05,2.949,12.32
318,0.125882,0.100586,0.025296,0.8458,0,2.000e-05,2.951,12.32
319,0.291311,0.200684,0.090628,0.3097,0,2.000e-05,2.953,12.32
320,0.125690,0.096436,0.029254,0.3354,0,2.000e-05,2.953,12.32
321,0.120806,0.082764,0.038042,0.8566,0,2.000e-05,2.959,12.32
322,0.143558,0.103760,0.039798,0.5522,0,2.000e-05,2.953,12.32
323,0.062372,0.047607,0.014764,0.5413,0,2.000e-05,2.962,12.32
324,0.203511,0.136719,0.066793,0.2659,0,2.000e-05,2.956,12.32
325,0.190409,0.130493,0.059916,0.6599,0,2.000e-05,2.945,12.32
326,0.096640,0.076172,0.020468,0.4787,0,2.000e-05,2.948,12.32
327,0.092181,0.074951,0.017230,0.6579,0,2.000e-05,2.950,12.32
328,0.170366,0.120605,0.049760,0.7016,0,2.000e-05,2.951,12.32
329,0.158983,0.118652,0.040331,0.2794,0,2.000e-05,2.956,12.32
330,0.269179,0.172852,0.096327,0.2641,0,2.000e-05,2.946,12.32
331,0.141429,0.096436,0.044993,0.5847,0,2.000e-05,2.949,12.32
332,0.152730,0.101807,0.050923,0.7280,0,2.000e-05,2.950,12.32
333,0.154859,0.114746,0.040113,0.2224,0,2.000e-05,2.949,12.32
334,0.293760,0.174316,0.119443,0.3117,0,2.000e-05,2.947,12.32
335,0.214911,0.161865,0.053046,0.5747,0,2.000e-05,2.947,12.32
336,0.168625,0.118652,0.049973,0.5895,0,2.000e-05,2.951,12.32
337,0.243253,0.162109,0.081144,0.3540,0,2.000e-05,2.950,12.32
338,0.075215,0.055542,0.019673,0.7188,0,2.000e-05,2.951,12.32
339,0.251258,0.166016,0.085243,0.2316,0,2.000e-05,2.949,12.32
340,0.181471,0.118164,0.063307,0.3708,0,2.000e-05,2.946,12.32
341,0.325818,0.209961,0.115857,0.3497,0,2.000e-05,2.950,12.32
342,0.220446,0.145508,0.074938,0.5683,0,2.000e-05,2.954,12.32
343,0.163137,0.126953,0.036184,0.3785,0,2.000e-05,2.956,12.32
344,0.189799,0.133057,0.056742,0.4638,0,2.000e-05,2.985,12.32
345,0.205618,0.129883,0.075735,0.5682,0,2.000e-05,2.967,12.32
346,0.231850,0.145508,0.086342,0.3184,0,2.000e-05,2.967,12.32
347,0.112460,0.091553,0.020907,0.7671,0,2.000e-05,2.998,12.32
348,0.107891,0.081299,0.026592,0.4663,0,2.000e-05,2.971,12.32
349,0.120920,0.094727,0.026194,0.3368,0,2.000e-05,2.963,12.32
350,0.072406,0.061523,0.010882,0.4554,0,2.000e-05,2.950,12.32
351,0.220251,0.155273,0.064978,0.3555,0,2.000e-05,2.953,12.32
352,0.148469,0.111572,0.036897,0.4150,0,2.000e-05,3.017,12.32
353,0.092056,0.075928,0.016129,1.0641,1,2.000e-05,2.951,12.32
354,0.072421,0.060913,0.011508,1.1874,1,2.000e-05,2.949,12.32
355,0.110488,0.089844,0.020644,0.3429,0,2.000e-05,2.952,12.32
356,0.096883,0.061646,0.035238,0.2992,0,2.000e-05,2.956,12.32
357,0.126272,0.100830,0.025442,0.5311,0,2.000e-05,2.946,12.32
358,0.096694,0.066772,0.029922,0.3060,0,2.000e-05,2.946,12.32
359,0.167395,0.128174,0.039222,0.5176,0,2.000e-05,2.958,12.32
360,0.198364,0.144043,0.054321,1.4202,1,2.000e-05,2.947,12.32
361,0.105261,0.089111,0.016150,0.7475,0,2.000e-05,2.951,12.32
362,0.148823,0.116211,0.032612,0.1533,0,2.000e-05,2.946,12.32
363,0.145320,0.106079,0.039241,0.4514,0,2.000e-05,2.948,12.32
364,0.376556,0.229980,0.146575,0.6539,0,2.000e-05,2.947,12.32
365,0.144797,0.111328,0.033469,0.5954,0,2.000e-05,2.956,12.32
366,0.090359,0.070312,0.020046,0.5941,0,2.000e-05,2.947,12.32
367,0.077643,0.063110,0.014533,0.9409,0,2.000e-05,2.951,12.32
368,0.218476,0.147461,0.071016,0.2080,0,2.000e-05,2.945,12.32
369,0.116268,0.083252,0.033016,0.5491,0,2.000e-05,2.948,12.32
370,0.174793,0.121582,0.053211,0.4516,0,2.000e-05,2.951,12.32
371,0.137169,0.107910,0.029259,0.3671,0,2.000e-05,2.946,12.32
372,0.191207,0.130371,0.060836,0.6510,0,2.000e-05,2.946,12.32
373,0.215925,0.139648,0.076276,0.2766,0,2.000e-05,2.947,12.32
374,0.154893,0.111084,0.043809,0.3064,0,2.000e-05,2.944,12.32
375,0.188894,0.121094,0.067801,0.5679,0,2.000e-05,2.957,12.32
376,0.272551,0.185547,0.087004,0.2625,0,2.000e-05,2.948,12.32
377,0.116683,0.090088,0.026596,0.3355,0,2.000e-05,2.946,12.32
378,0.246903,0.177246,0.069657,0.7941,0,2.000e-05,2.954,12.32
379,0.094185,0.071411,0.022774,1.0462,1,2.000e-05,2.957,12.32
380,0.093890,0.069092,0.024798,0.4587,0,2.000e-05,2.948,12.32
381,0.150318,0.115967,0.034351,0.3911,0,2.000e-05,2.970,12.32
382,0.187160,0.120850,0.066310,0.5204,0,2.000e-05,2.948,12.32
383,0.139633,0.103882,0.035751,0.6296,0,2.000e-05,2.949,12.32
384,0.183902,0.125854,0.058048,0.7161,0,2.000e-05,2.962,12.32
385,0.200185,0.130371,0.069814,0.4987,0,2.000e-05,2.952,12.32
386,0.199211,0.133301,0.065910,0.5599,0,2.000e-05,2.950,12.32
387,0.307403,0.191406,0.115996,0.3124,0,2.000e-05,2.948,12.32
388,0.133508,0.100098,0.033411,0.2793,0,2.000e-05,2.957,12.32
389,0.275580,0.183105,0.092475,0.3941,0,2.000e-05,2.952,12.32
390,0.197875,0.141602,0.056274,0.3793,0,2.000e-05,2.948,12.32
391,0.257824,0.166992,0.090832,0.3754,0,2.000e-05,2.949,12.32
392,0.123526,0.098877,0.024649,0.8217,0,2.000e-05,2.945,12.32
393,0.208838,0.144531,0.064306,0.2950,0,2.000e-05,2.963,12.32
394,0.215129,0.137939,0.077190,0.3454,0,2.000e-05,2.946,12.32
395,0.089500,0.072510,0.016990,0.5517,0,2.000e-05,2.950,12.32
396,0.189199,0.142090,0.047109,0.6833,0,2.000e-05,2.957,12.32
397,0.103994,0.077026,0.026968,0.7536,0,2.000e-05,2.955,12.32
398,0.075093,0.059937,0.015157,0.3905,0,2.000e-05,2.948,12.32
399,0.077684,0.064209,0.013475,0.3465,0,2.000e-05,2.960,12.32
400,0.201782,0.132324,0.069458,0.2518,0,2.000e-05,2.948,12.32
401,0.127196,0.096191,0.031005,0.4582,0,2.000e-05,2.955,12.32
402,0.193461,0.139160,0.054300,0.2473,0,2.000e-05,2.948,12.32
403,0.151835,0.108887,0.042948,0.3775,0,2.000e-05,2.959,12.32
404,0.299076,0.208496,0.090579,0.2894,0,2.000e-05,2.950,12.32
405,0.091212,0.073730,0.017482,0.5314,0,2.000e-05,2.963,12.32
406,0.235482,0.172363,0.063118,0.2214,0,2.000e-05,2.949,12.32
407,0.100526,0.083008,0.017519,0.6238,0,2.000e-05,2.961,12.32
408,0.144471,0.118896,0.025575,0.5103,0,2.000e-05,2.959,12.32
409,0.086243,0.067505,0.018738,0.5125,0,2.000e-05,2.947,12.32
410,0.125991,0.083984,0.042007,0.4534,0,2.000e-05,2.963,12.32
411,0.271242,0.157715,0.113528,0.3351,0,2.000e-05,3.013,12.32
412,0.074079,0.056396,0.017682,0.6010,0,2.000e-05,2.959,12.32
413,0.156696,0.115234,0.041462,0.3116,0,2.000e-05,2.952,12.32
414,0.064033,0.053467,0.010567,0.7095,0,2.000e-05,2.953,12.32
415,0.116444,0.085205,0.031239,0.3425,0,2.000e-05,2.952,12.32
416,0.143726,0.101074,0.042652,0.1981,0,2.000e-05,2.954,12.32
417,0.177212,0.136230,0.040981,0.3238,0,2.000e-05,2.953,12.32
418,0.145741,0.105713,0.040028,0.4544,0,2.000e-05,2.954,12.32
419,0.256527,0.168457,0.088070,0.3050,0,2.000e-05,2.944,12.32
420,0.144833,0.101074,0.043758,0.4629,0,2.000e-05,2.950,12.32
421,0.137389,0.109375,0.028014,0.2939,0,2.000e-05,2.946,12.32
422,0.252015,0.185059,0.066956,0.2881,0,2.000e-05,2.962,12.32
423,0.135038,0.090088,0.044950,0.4700,0,2.000e-05,2.946,12.32
424,0.108741,0.086182,0.022559,0.3446,0,2.000e-05,2.958,12.32
425,0.104696,0.079712,0.024984,0.5657,0,2.000e-05,2.946,12.32
426,0.109442,0.083008,0.026434,0.4038,0,2.000e-05,2.960,12.32
427,0.107904,0.086914,0.020990,0.3569,0,2.000e-05,2.949,12.32
428,0.270207,0.183594,0.086613,0.2607,0,2.000e-05,2.950,12.32
429,0.205934,0.150391,0.055544,0.3987,0,2.000e-05,2.949,12.32
430,0.137784,0.093506,0.044278,0.2885,0,2.000e-05,2.956,12.32
431,0.054097,0.045532,0.008564,1.0851,1,2.000e-05,2.950,12.32
432,0.081903,0.062012,0.019891,0.3208,0,2.000e-05,2.955,12.32
433,0.310990,0.194336,0.116654,0.1679,0,2.000e-05,2.953,12.32
434,0.110036,0.083984,0.026052,0.3808,0,2.000e-05,2.958,12.32
435,0.131708,0.101318,0.030390,0.6123,0,2.000e-05,2.949,12.32
436,0.043780,0.037170,0.006609,0.4118,0,2.000e-05,2.963,12.32
437,0.175760,0.138184,0.037577,0.5149,0,2.000e-05,2.950,12.32
438,0.075526,0.060669,0.014857,0.3942,0,2.000e-05,2.951,12.32
439,0.200393,0.139404,0.060989,0.2003,0,2.000e-05,2.954,12.32
440,0.214811,0.154785,0.060026,0.1571,0,2.000e-05,2.952,12.32
441,0.283735,0.198730,0.085004,0.3414,0,2.000e-05,2.958,12.32
442,0.119442,0.091797,0.027645,0.3087,0,2.000e-05,2.956,12.32
443,0.188314,0.144287,0.044027,0.3113,0,2.000e-05,2.956,12.32
444,0.153597,0.107910,0.045687,0.3897,0,2.000e-05,2.946,12.32
445,0.127136,0.089111,0.038025,0.2662,0,2.000e-05,2.968,12.32
446,0.225000,0.152832,0.072168,0.4289,0,2.000e-05,2.952,12.32
447,0.107907,0.087769,0.020139,0.3336,0,2.000e-05,2.956,12.32
448,0.097677,0.076660,0.021016,0.3882,0,2.000e-05,2.949,12.32
449,0.180708,0.132080,0.048628,0.4487,0,2.000e-05,2.949,12.32
450,0.146906,0.101807,0.045099,0.5834,0,2.000e-05,2.955,12.32
451,0.114139,0.087402,0.026737,0.3884,0,2.000e-05,2.955,12.32
452,0.113021,0.085449,0.027572,0.7255,0,2.000e-05,2.948,12.32
453,0.155642,0.112793,0.042849,0.8250,0,2.000e-05,2.951,12.32
454,0.326219,0.197266,0.128953,0.2420,0,2.000e-05,2.946,12.32
455,0.215890,0.126465,0.089425,0.3367,0,2.000e-05,2.945,12.32
456,0.081796,0.060303,0.021493,0.3008,0,2.000e-05,2.954,12.32
457,0.126209,0.094849,0.031361,0.5048,0,2.000e-05,2.951,12.32
458,0.143444,0.100098,0.043346,0.6449,0,2.000e-05,2.948,12.32
459,0.155387,0.104248,0.051139,0.5943,0,2.000e-05,2.962,12.32
460,0.181039,0.134521,0.046517,0.2754,0,2.000e-05,2.952,12.32
461,0.169819,0.111938,0.057881,0.3505,0,2.000e-05,2.947,12.32
462,0.222815,0.155273,0.067541,0.3682,0,2.000e-05,2.955,12.32
463,0.087640,0.070801,0.016839,0.4126,0,2.000e-05,2.967,12.32
464,0.062220,0.049072,0.013147,0.6815,0,2.000e-05,2.983,12.32
465,0.087545,0.072144,0.015402,0.3976,0,2.000e-05,2.958,12.32
466,0.125140,0.098145,0.026996,0.3258,0,2.000e-05,2.947,12.32
467,0.114016,0.085449,0.028567,0.3181,0,2.000e-05,2.953,12.32
468,0.174095,0.134766,0.039329,0.2648,0,2.000e-05,2.960,12.32
469,0.174070,0.127930,0.046140,0.4116,0,2.000e-05,2.988,12.32
470,0.083000,0.068115,0.014885,0.6751,0,2.000e-05,3.004,12.32
471,0.068272,0.058105,0.010166,0.6847,0,2.000e-05,2.956,12.32
472,0.206134,0.122681,0.083454,0.4285,0,2.000e-05,2.949,12.32
473,0.167660,0.133301,0.034360,0.5578,0,2.000e-05,2.953,12.32
474,0.243746,0.147949,0.095797,0.1798,0,2.000e-05,2.947,12.32
475,0.125890,0.097656,0.028234,0.4135,0,2.000e-05,2.953,12.32
476,0.184287,0.142578,0.041709,0.3050,0,2.000e-05,2.957,12.32
477,0.285909,0.208984,0.076925,0.2390,0,2.000e-05,2.945,12.32
478,0.120290,0.087158,0.033131,0.6858,0,2.000e-05,2.963,12.32
479,0.178432,0.124512,0.053921,0.3522,0,2.000e-05,2.960,12.32
480,0.236720,0.157715,0.079005,0.5024,0,2.000e-05,2.950,12.32
481,0.144224,0.104004,0.040220,0.2240,0,2.000e-05,2.964,12.32
482,0.079655,0.068359,0.011295,0.4544,0,2.000e-05,2.958,12.32
483,0.122338,0.093994,0.028343,0.5168,0,2.000e-05,2.952,12.32
484,0.124744,0.100830,0.023914,0.4262,0,2.000e-05,2.956,12.32
485,0.118709,0.096558,0.022151,0.3847,0,2.000e-05,2.950,12.32
486,0.090575,0.072998,0.017577,0.3599,0,2.000e-05,2.960,12.32
487,0.077178,0.065918,0.011260,0.2554,0,2.000e-05,2.959,12.32
488,0.101319,0.080444,0.020874,0.3772,0,2.000e-05,2.959,12.32
489,0.178654,0.126221,0.052433,0.4385,0,2.000e-05,2.951,12.32
490,0.300404,0.181641,0.118763,0.2161,0,2.000e-05,2.949,12.32
491,0.108381,0.083130,0.025251,0.9692,0,2.000e-05,2.950,12.32
492,0.142173,0.110107,0.032066,0.6365,0,2.000e-05,2.950,12.32
493,0.187258,0.119629,0.067629,0.4502,0,2.000e-05,2.956,12.32
494,0.221556,0.162842,0.058714,0.4174,0,2.000e-05,2.958,12.32
495,0.143874,0.108398,0.035476,0.3849,0,2.000e-05,2.955,12.32
496,0.077994,0.065430,0.012565,0.9350,0,2.000e-05,2.955,12.32
497,0.134875,0.102051,0.032824,0.4253,0,2.000e-05,2.953,12.32
498,0.183594,0.135254,0.048340,0.3348,0,2.000e-05,2.954,12.32
499,0.064662,0.047119,0.017543,0.4708,0,2.000e-05,2.949,12.32
500,0.133564,0.104736,0.028828,0.2267,0,2.000e-05,2.999,12.32
501,0.139093,0.104980,0.034112,0.3629,0,2.000e-05,3.154,12.32
502,0.145579,0.108398,0.037181,0.4588,0,2.000e-05,2.954,12.32
503,0.118645,0.091431,0.027214,0.9200,0,2.000e-05,2.954,12.32
504,0.196086,0.123047,0.073039,0.6946,0,2.000e-05,2.955,12.32
505,0.181434,0.123779,0.057655,0.4963,0,2.000e-05,2.956,12.32
506,0.262313,0.183594,0.078719,0.2762,0,2.000e-05,2.948,12.32
507,0.186828,0.121704,0.065123,0.3820,0,2.000e-05,2.958,12.32
508,0.310797,0.193848,0.116949,0.1976,0,2.000e-05,2.951,12.32
509,0.231305,0.146973,0.084333,0.5154,0,2.000e-05,2.955,12.32
510,0.224810,0.140137,0.084673,0.6152,0,2.000e-05,2.957,12.32
511,0.098401,0.076904,0.021497,0.4812,0,2.000e-05,2.950,12.32
512,0.168793,0.118652,0.050141,0.2012,0,2.000e-05,2.951,12.32
513,0.172603,0.127808,0.044796,0.6087,0,2.000e-05,2.949,12.32
514,0.146609,0.101074,0.045534,0.1998,0,2.000e-05,2.962,12.32
515,0.093020,0.066650,0.026370,0.7505,0,2.000e-05,2.950,12.32
516,0.108924,0.089844,0.019080,0.7910,0,2.000e-05,2.948,12.32
517,0.115365,0.096680,0.018686,1.0236,1,2.000e-05,2.951,12.32
518,0.188886,0.131592,0.057295,0.1765,0,2.000e-05,2.953,12.32
519,0.182616,0.124634,0.057982,0.4848,0,2.000e-05,2.963,12.32
520,0.176443,0.121338,0.055105,0.2490,0,2.000e-05,2.950,12.32
521,0.096376,0.079590,0.016786,1.0462,1,2.000e-05,2.960,12.32
522,0.113107,0.093750,0.019357,1.0550,1,2.000e-05,2.957,12.32
523,0.237439,0.149048,0.088391,0.2553,0,2.000e-05,2.956,12.32
524,0.069134,0.057861,0.011272,1.0157,1,2.000e-05,2.948,12.32
525,0.081666,0.062256,0.019410,0.6761,0,2.000e-05,2.949,12.32
526,0.166227,0.111572,0.054655,0.5094,0,2.000e-05,2.955,12.32
527,0.118387,0.091797,0.026590,0.7775,0,2.000e-05,2.997,12.32
528,0.164573,0.124023,0.040550,0.6520,0,2.000e-05,2.962,12.32
529,0.075790,0.060547,0.015244,0.7841,0,2.000e-05,2.966,12.32
530,0.141277,0.102539,0.038738,0.4961,0,2.000e-05,2.951,12.32
531,0.218899,0.146973,0.071926,0.2597,0,2.000e-05,2.959,12.32
532,0.108594,0.082031,0.026562,0.4084,0,2.000e-05,3.001,12.32
533,0.123179,0.086426,0.036753,0.4421,0,2.000e-05,3.009,12.32
534,0.119336,0.080078,0.039258,0.9254,0,2.000e-05,2.944,12.32
535,0.108760,0.081543,0.027217,0.4467,0,2.000e-05,2.950,12.32
536,0.167670,0.135742,0.031928,0.3171,0,2.000e-05,2.952,12.32
537,0.156594,0.114014,0.042581,0.3282,0,2.000e-05,2.946,12.32
538,0.337953,0.223633,0.114321,0.2548,0,2.000e-05,2.957,12.32
539,0.069274,0.054810,0.014465,0.8962,0,2.000e-05,2.955,12.32
540,0.171465,0.128174,0.043291,0.6220,0,2.000e-05,2.949,12.32
541,0.298847,0.205078,0.093768,0.3746,0,2.000e-05,2.953,12.32
542,0.178420,0.139648,0.038771,0.2332,0,2.000e-05,2.954,12.32
543,0.187134,0.117676,0.069459,0.1758,0,2.000e-05,2.954,12.32
544,0.218482,0.156250,0.062232,0.3038,0,2.000e-05,2.959,12.32
545,0.116071,0.089355,0.026716,0.4200,0,2.000e-05,2.952,12.32
546,0.107201,0.086060,0.021142,0.4665,0,2.000e-05,2.955,12.32
547,0.150908,0.115967,0.034941,0.2640,0,2.000e-05,2.957,12.32
548,0.075116,0.056519,0.018597,0.3703,0,2.000e-05,2.964,12.32
549,0.217458,0.157959,0.059499,0.2385,0,2.000e-05,2.993,12.32
550,0.148551,0.105957,0.042594,0.2328,0,2.000e-05,2.956,12.32
551,0.138051,0.098633,0.039418,0.2263,0,2.000e-05,2.950,12.32
552,0.319283,0.197754,0.121529,0.2625,0,2.000e-05,2.944,12.32
553,0.058779,0.049683,0.009097,0.6065,0,2.000e-05,2.958,12.32
554,0.156126,0.118652,0.037474,0.3294,0,2.000e-05,2.951,12.32
555,0.209952,0.148438,0.061514,0.2480,0,2.000e-05,2.943,12.32
556,0.247556,0.171387,0.076170,0.2020,0,2.000e-05,2.957,12.32
557,0.073518,0.055664,0.017854,0.6817,0,2.000e-05,2.947,12.32
558,0.189528,0.130371,0.059157,0.2524,0,2.000e-05,2.958,12.32
559,0.057055,0.048950,0.008105,0.5200,0,2.000e-05,2.948,12.32
560,0.111755,0.093018,0.018738,0.2666,0,2.000e-05,2.951,12.32
561,0.081743,0.067261,0.014482,0.4094,0,2.000e-05,2.946,12.32
562,0.095050,0.080200,0.014850,0.3974,0,2.000e-05,2.953,12.32
563,0.150651,0.101685,0.048966,0.2019,0,2.000e-05,2.949,12.32
564,0.275412,0.184570,0.090841,0.4267,0,2.000e-05,2.948,12.32
565,0.093145,0.079102,0.014044,0.3341,0,2.000e-05,2.958,12.32
566,0.168182,0.117432,0.050751,0.2681,0,2.000e-05,2.948,12.32
567,0.154059,0.116943,0.037115,0.4368,0,2.000e-05,2.954,12.32
568,0.092514,0.062988,0.029526,0.3710,0,2.000e-05,2.953,12.32
569,0.129573,0.100098,0.029476,0.7581,0,2.000e-05,2.956,12.32
570,0.143053,0.095459,0.047594,0.2232,0,2.000e-05,2.951,12.32
571,0.374094,0.229004,0.145090,0.2513,0,2.000e-05,2.949,12.32
572,0.302403,0.190918,0.111485,0.3921,0,2.000e-05,2.955,12.32
573,0.250896,0.172852,0.078044,0.2721,0,2.000e-05,2.949,12.32
574,0.170954,0.121094,0.049860,0.2409,0,2.000e-05,2.963,12.32
575,0.106551,0.076904,0.029647,0.5108,0,2.000e-05,2.952,12.32
576,0.176637,0.121582,0.055055,0.3233,0,2.000e-05,2.958,12.32
577,0.277651,0.174316,0.103334,0.2382,0,2.000e-05,2.954,12.32
578,0.281930,0.185547,0.096383,0.2797,0,2.000e-05,2.957,12.32
579,0.181529,0.122314,0.059215,0.4726,0,2.000e-05,2.950,12.32
580,0.086756,0.065674,0.021082,0.4000,0,2.000e-05,2.956,12.32
581,0.130137,0.101807,0.028330,0.2829,0,2.000e-05,2.950,12.32
582,0.213390,0.141113,0.072277,0.2463,0,2.000e-05,2.949,12.32
583,0.068632,0.054077,0.014555,0.5584,0,2.000e-05,2.948,12.32
584,0.263790,0.187988,0.075802,0.1825,0,2.000e-05,2.944,12.32
585,0.082445,0.068237,0.014208,0.7653,0,2.000e-05,2.953,12.32
586,0.218412,0.159180,0.059232,0.2751,0,2.000e-05,2.956,12.32
587,0.176021,0.118286,0.057735,0.2744,0,2.000e-05,2.948,12.32
588,0.163984,0.119629,0.044355,0.2851,0,2.000e-05,2.950,12.32
589,0.115858,0.083496,0.032362,0.8677,0,2.000e-05,2.951,12.32
590,0.227443,0.143555,0.083888,0.4842,0,2.000e-05,2.971,12.32
591,0.178798,0.123047,0.055751,0.3271,0,2.000e-05,2.951,12.32
592,0.111827,0.092773,0.019054,0.3844,0,2.000e-05,2.957,12.32
593,0.160570,0.116455,0.044115,0.3174,0,2.000e-05,2.956,12.32
594,0.108063,0.092041,0.016022,1.0153,1,2.000e-05,2.960,12.32
595,0.084780,0.072266,0.012515,0.4540,0,2.000e-05,3.087,12.32
596,0.169562,0.127930,0.041633,0.2273,0,2.000e-05,2.953,12.32
597,0.249787,0.175293,0.074494,0.4221,0,2.000e-05,2.951,12.32
598,0.065645,0.048950,0.016695,0.5424,0,2.000e-05,2.969,12.32
599,0.107907,0.087402,0.020505,0.3011,0,2.000e-05,2.954,12.32
600,0.129422,0.097900,0.031521,0.3389,0,2.000e-05,2.958,12.32
601,0.060522,0.050049,0.010473,0.9428,0,2.000e-05,2.951,12.32
602,0.146891,0.100342,0.046549,0.4957,0,2.000e-05,2.950,12.32
603,0.107197,0.084229,0.022969,0.4386,0,2.000e-05,2.948,12.32
604,0.133468,0.092285,0.041183,1.0403,1,2.000e-05,2.949,12.32
605,0.111336,0.078857,0.032479,0.4386,0,2.000e-05,2.957,12.32
606,0.204630,0.126221,0.078409,0.2606,0,2.000e-05,2.945,12.32
607,0.129532,0.098389,0.031144,0.4516,0,2.000e-05,2.955,12.32
608,0.147565,0.106445,0.041120,0.2864,0,2.000e-05,2.950,12.32
609,0.173321,0.115234,0.058086,0.3905,0,2.000e-05,2.951,12.32
610,0.176860,0.114502,0.062358,0.5107,0,2.000e-05,2.957,12.32
611,0.251985,0.156250,0.095735,0.2549,0,2.000e-05,2.955,12.32
612,0.109110,0.092529,0.016580,0.4533,0,2.000e-05,2.961,12.32
613,0.210218,0.133057,0.077161,0.2535,0,2.000e-05,2.951,12.32
614,0.187020,0.123047,0.063973,0.2188,0,2.000e-05,2.950,12.32
615,0.118354,0.081055,0.037300,0.3990,0,2.000e-05,2.946,12.32
616,0.165146,0.112183,0.052964,0.4079,0,2.000e-05,2.953,12.32
617,0.206954,0.143066,0.063887,0.3620,0,2.000e-05,2.951,12.32
618,0.244183,0.158691,0.085491,0.3297,0,2.000e-05,2.959,12.32
619,0.327157,0.194824,0.132333,0.2508,0,2.000e-05,2.944,12.32
620,0.198303,0.121826,0.076476,0.4919,0,2.000e-05,2.953,12.32
621,0.200649,0.143066,0.057583,0.5956,0,2.000e-05,2.948,12.32
622,0.130203,0.091797,0.038406,0.3967,0,2.000e-05,2.944,12.32
623,0.075181,0.058350,0.016832,0.4714,0,2.000e-05,2.961,12.32
624,0.108743,0.091553,0.017190,0.9264,0,2.000e-05,2.949,12.32
625,0.067862,0.054199,0.013662,0.2410,0,2.000e-05,2.957,12.32
626,0.134827,0.103027,0.031800,0.3036,0,2.000e-05,2.957,12.32
627,0.129510,0.101807,0.027703,0.2127,0,2.000e-05,2.957,12.32
628,0.116469,0.086426,0.030043,0.6875,0,2.000e-05,2.958,12.32
629,0.064613,0.050781,0.013832,0.3300,0,2.000e-05,2.948,12.32
630,0.102199,0.076904,0.025295,0.1938,0,2.000e-05,2.946,12.32
631,0.160199,0.115234,0.044964,0.2850,0,2.000e-05,2.954,12.32
632,0.077844,0.062378,0.015466,0.3684,0,2.000e-05,2.948,12.32
633,0.199206,0.132324,0.066882,0.3077,0,2.000e-05,2.947,12.32
634,0.184099,0.137207,0.046892,0.3289,0,2.000e-05,2.946,12.32
635,0.131868,0.096436,0.035433,0.3957,0,2.000e-05,2.956,12.32
636,0.153477,0.122314,0.031162,0.3677,0,2.000e-05,2.949,12.32
637,0.112334,0.088623,0.023711,0.3989,0,2.000e-05,2.952,12.32
638,0.143631,0.099365,0.044266,0.3542,0,2.000e-05,2.957,12.32
639,0.142876,0.101074,0.041802,0.3291,0,2.000e-05,2.963,12.32
640,0.159463,0.115723,0.043740,0.1858,0,2.000e-05,2.954,12.32
641,0.109278,0.075928,0.033351,0.3472,0,2.000e-05,2.954,12.32
642,0.106494,0.076904,0.029590,0.3485,0,2.000e-05,2.948,12.32
643,0.152518,0.120361,0.032157,0.5094,0,2.000e-05,2.955,12.32
644,0.102638,0.077148,0.025489,0.3700,0,2.000e-05,2.952,12.32
645,0.169228,0.115723,0.053505,0.3618,0,2.000e-05,2.957,12.32
646,0.169002,0.109375,0.059627,0.4352,0,2.000e-05,2.948,12.32
647,0.092508,0.076294,0.016214,0.5686,0,2.000e-05,2.973,12.32
648,0.155224,0.104248,0.050976,0.3027,0,2.000e-05,2.952,12.32
649,0.195366,0.139648,0.055717,0.2374,0,2.000e-05,2.948,12.32
650,0.114699,0.074707,0.039992,1.0665,1,2.000e-05,2.955,12.32
651,0.100049,0.080200,0.019849,0.4930,0,2.000e-05,2.952,12.32
652,0.187655,0.131836,0.055819,0.2652,0,2.000e-05,2.949,12.32
653,0.129634,0.097412,0.032222,0.4978,0,2.000e-05,2.957,12.32
654,0.190675,0.129883,0.060792,0.2811,0,2.000e-05,2.953,12.32
655,0.221703,0.157715,0.063988,0.4580,0,2.000e-05,2.947,12.32
656,0.168137,0.110352,0.057786,0.3108,0,2.000e-05,2.970,12.32
657,0.105594,0.074707,0.030887,0.3368,0,2.000e-05,2.977,12.32
658,0.163985,0.113770,0.050216,0.6104,0,2.000e-05,3.002,12.32
659,0.139826,0.097290,0.042536,0.2541,0,2.000e-05,2.956,12.32
660,0.285774,0.186523,0.099250,0.2542,0,2.000e-05,2.946,12.32
661,0.114671,0.087280,0.027391,0.4946,0,2.000e-05,2.950,12.32
662,0.198149,0.144531,0.053617,0.2834,0,2.000e-05,2.962,12.32
663,0.112270,0.088379,0.023891,0.4135,0,2.000e-05,2.952,12.32
664,0.085133,0.069580,0.015553,0.4502,0,2.000e-05,2.952,12.32
665,0.159583,0.113770,0.045813,0.3592,0,2.000e-05,2.952,12.32
666,0.166269,0.121338,0.044931,0.1853,0,2.000e-05,2.958,12.32
667,0.116949,0.093994,0.022955,0.2655,0,2.000e-05,2.949,12.32
668,0.183893,0.135742,0.048151,0.3838,0,2.000e-05,2.952,12.32
669,0.128323,0.095947,0.032376,0.3432,0,2.000e-05,2.951,12.32
670,0.228915,0.146484,0.082431,0.2961,0,2.000e-05,2.951,12.32
671,0.156535,0.122070,0.034464,0.3194,0,2.000e-05,2.953,12.32
672,0.112397,0.079346,0.033051,0.4815,0,2.000e-05,2.949,12.32
673,0.240352,0.147217,0.093135,0.3446,0,2.000e-05,2.953,12.32
674,0.268168,0.167480,0.100688,0.3438,0,2.000e-05,2.954,12.32
675,0.145583,0.112061,0.033522,0.3880,0,2.000e-05,2.951,12.32
676,0.192395,0.142334,0.050061,0.2739,0,2.000e-05,2.949,12.32
677,0.149403,0.108643,0.040760,0.2494,0,2.000e-05,2.950,12.32
678,0.137179,0.106689,0.030490,0.3564,0,2.000e-05,2.952,12.32
679,0.114755,0.090576,0.024179,0.4688,0,2.000e-05,2.950,12.32
680,0.173016,0.129272,0.043744,0.2813,0,2.000e-05,2.960,12.32
681,0.211541,0.142578,0.068963,0.3166,0,2.000e-05,2.950,12.32
682,0.173037,0.123535,0.049501,0.2484,0,2.000e-05,2.949,12.32
683,0.086842,0.066772,0.020070,0.6492,0,2.000e-05,2.960,12.32
684,0.081293,0.064209,0.017084,0.6935,0,2.000e-05,2.952,12.32
685,0.167614,0.126953,0.040661,0.2619,0,2.000e-05,2.954,12.32
686,0.144076,0.111572,0.032504,0.4530,0,2.000e-05,2.952,12.32
687,0.165387,0.125488,0.039899,0.4284,0,2.000e-05,2.953,12.32
688,0.121903,0.093506,0.028397,0.1853,0,2.000e-05,2.953,12.32
689,0.112410,0.084473,0.027937,0.1980,0,2.000e-05,2.950,12.32
690,0.303931,0.194824,0.109107,0.2006,0,2.000e-05,2.950,12.32
691,0.088763,0.066467,0.022296,0.3002,0,2.000e-05,2.962,12.32
692,0.136589,0.110840,0.025749,0.4356,0,2.000e-05,2.966,12.32
693,0.183353,0.134277,0.049075,0.2274,0,2.000e-05,2.949,12.32
694,0.119874,0.086914,0.032960,0.7214,0,2.000e-05,2.952,12.32
695,0.120772,0.095581,0.025191,0.2608,0,2.000e-05,2.946,12.32
696,0.169602,0.128906,0.040695,0.2206,0,2.000e-05,2.948,12.32
697,0.136657,0.108643,0.028015,0.3407,0,2.000e-05,2.950,12.32
698,0.165046,0.107178,0.057868,0.3949,0,2.000e-05,2.945,12.32
699,0.060598,0.049805,0.010793,0.3904,0,2.000e-05,2.949,12.32
700,0.053743,0.042725,0.011019,0.6034,0,2.000e-05,2.950,12.32
701,0.129655,0.099121,0.030534,0.4091,0,2.000e-05,2.949,12.32
702,0.157907,0.108643,0.049264,0.3682,0,2.000e-05,2.952,12.32
703,0.181880,0.128296,0.053584,0.2858,0,2.000e-05,2.949,12.32
704,0.147716,0.096924,0.050792,0.3820,0,2.000e-05,2.957,12.32
705,0.053759,0.045654,0.008104,0.5964,0,2.000e-05,2.951,12.32
706,0.260765,0.166992,0.093773,0.3452,0,2.000e-05,2.949,12.32
707,0.215448,0.143555,0.071894,0.3575,0,2.000e-05,2.945,12.32
708,0.107315,0.082031,0.025284,0.5889,0,2.000e-05,2.946,12.32
709,0.111503,0.082275,0.029227,0.5180,0,2.000e-05,2.957,12.32
710,0.160767,0.111328,0.049439,0.2691,0,2.000e-05,2.954,12.32
711,0.061464,0.049438,0.012025,0.6360,0,2.000e-05,2.943,12.32
712,0.175113,0.124512,0.050601,0.4304,0,2.000e-05,2.948,12.32
713,0.115524,0.100098,0.015426,0.3631,0,2.000e-05,2.962,12.32
714,0.110238,0.080566,0.029672,0.2968,0,2.000e-05,2.983,12.32
715,0.103003,0.068115,0.034888,0.4433,0,2.000e-05,2.960,12.32
716,0.172814,0.122559,0.050256,0.2992,0,2.000e-05,2.960,12.32
717,0.122464,0.097412,0.025052,0.4579,0,2.000e-05,2.949,12.32
718,0.110102,0.087402,0.022700,0.6582,0,2.000e-05,2.961,12.32
719,0.078776,0.061279,0.017497,0.3638,0,2.000e-05,3.009,12.32
720,0.217280,0.146973,0.070307,0.1806,0,2.000e-05,2.958,12.32
721,0.165685,0.131836,0.033849,0.7397,0,2.000e-05,2.959,12.32
722,0.221642,0.148682,0.072961,0.3257,0,2.000e-05,2.949,12.32
723,0.121946,0.100098,0.021849,0.2729,0,2.000e-05,2.951,12.32
724,0.208711,0.134033,0.074678,0.3020,0,2.000e-05,2.949,12.32
725,0.120827,0.088379,0.032448,0.6909,0,2.000e-05,2.947,12.32
726,0.134904,0.104004,0.030900,0.2355,0,2.000e-05,2.950,12.32
727,0.191205,0.130127,0.061078,0.4771,0,2.000e-05,2.952,12.32
728,0.145973,0.098389,0.047584,0.2778,0,2.000e-05,2.955,12.32
729,0.183779,0.116699,0.067079,0.5307,0,2.000e-05,2.948,12.32
730,0.321541,0.205566,0.115974,0.4554,0,2.000e-05,2.948,12.32
731,0.156078,0.114258,0.041820,0.3385,0,2.000e-05,2.955,12.32
732,0.158136,0.118896,0.039240,0.4153,0,2.000e-05,2.948,12.32
733,0.097988,0.072998,0.024989,0.2100,0,2.000e-05,2.955,12.32
734,0.071587,0.059082,0.012504,0.2902,0,2.000e-05,2.950,12.32
735,0.135998,0.106445,0.029553,0.2584,0,2.000e-05,2.958,12.32
736,0.178259,0.118652,0.059607,0.1974,0,2.000e-05,2.946,12.32
737,0.048897,0.039551,0.009346,0.9877,0,2.000e-05,2.956,12.32
738,0.161988,0.109375,0.052613,0.1572,0,2.000e-05,2.950,12.32
739,0.093489,0.070679,0.022811,0.3754,0,2.000e-05,2.953,12.32
740,0.221672,0.136719,0.084954,0.3150,0,2.000e-05,2.952,12.32
741,0.214189,0.150879,0.063310,0.3443,0,2.000e-05,2.947,12.32
742,0.181559,0.136230,0.045328,0.3003,0,2.000e-05,2.950,12.32
743,0.078340,0.059937,0.018403,0.5272,0,2.000e-05,2.948,12.32
744,0.049850,0.042114,0.007736,0.8887,0,2.000e-05,2.949,12.32
745,0.078377,0.063477,0.014900,0.5625,0,2.000e-05,2.951,12.32
746,0.223118,0.139160,0.083958,0.3042,0,2.000e-05,2.950,12.32
747,0.164442,0.121094,0.043348,0.3548,0,2.000e-05,2.953,12.32
748,0.152750,0.120361,0.032389,0.5370,0,2.000e-05,2.954,12.32
749,0.148849,0.122070,0.026779,0.5602,0,2.000e-05,2.953,12.32
750,0.129470,0.093262,0.036209,0.3721,0,2.000e-05,2.951,12.32
751,0.069312,0.055298,0.014015,0.6350,0,2.000e-05,2.953,12.32
752,0.171414,0.131348,0.040067,0.4371,0,2.000e-05,2.957,12.32
753,0.139138,0.107910,0.031228,0.6627,0,2.000e-05,2.950,12.32
754,0.117990,0.091064,0.026926,0.4453,0,2.000e-05,2.957,12.32
755,0.163706,0.121582,0.042124,0.3393,0,2.000e-05,2.955,12.32
756,0.209170,0.129883,0.079287,0.3237,0,2.000e-05,2.947,12.32
757,0.191501,0.129150,0.062351,0.3855,0,2.000e-05,2.954,12.32
758,0.093032,0.073242,0.019790,0.6316,0,2.000e-05,2.948,12.32
759,0.347481,0.214844,0.132637,0.2083,0,2.000e-05,2.961,12.32
760,0.096111,0.072998,0.023113,0.3506,0,2.000e-05,2.958,12.32
761,0.134002,0.093018,0.040984,0.3187,0,2.000e-05,2.961,12.32
762,0.180885,0.117188,0.063698,0.2386,0,2.000e-05,2.960,12.32
763,0.057640,0.045288,0.012352,0.5231,0,2.000e-05,2.950,12.32
764,0.106472,0.088379,0.018093,0.8343,0,2.000e-05,2.966,12.32
765,0.047930,0.040649,0.007281,0.7003,0,2.000e-05,2.956,12.32
766,0.104790,0.082764,0.022026,0.3137,0,2.000e-05,2.951,12.32
767,0.128728,0.093262,0.035466,0.5150,0,2.000e-05,2.952,12.32
768,0.073289,0.063354,0.009934,1.6537,1,2.000e-05,2.961,12.32
769,0.084211,0.065186,0.019026,0.6623,0,2.000e-05,2.949,12.32
770,0.197992,0.138672,0.059320,0.3843,0,2.000e-05,2.965,12.32
771,0.103849,0.078125,0.025724,0.4263,0,2.000e-05,2.958,12.32
772,0.227491,0.153076,0.074415,0.3023,0,2.000e-05,2.950,12.32
773,0.142367,0.117188,0.025179,0.4819,0,2.000e-05,2.959,12.32
774,0.261663,0.167969,0.093695,0.3171,0,2.000e-05,2.950,12.32
775,0.133268,0.092773,0.040495,1.1129,1,2.000e-05,2.953,12.32
776,0.224206,0.154785,0.069421,0.3728,0,2.000e-05,2.958,12.32
777,0.075438,0.063354,0.012083,0.6054,0,2.000e-05,2.991,12.32
778,0.125240,0.099609,0.025631,0.6985,0,2.000e-05,2.963,12.32
779,0.188808,0.135254,0.053554,0.8622,0,2.000e-05,2.952,12.32
780,0.255208,0.167969,0.087240,0.3171,0,2.000e-05,2.953,12.32
781,0.194293,0.132324,0.061969,0.2036,0,2.000e-05,2.953,12.32
782,0.147800,0.105957,0.041843,0.8102,0,2.000e-05,2.962,12.32
783,0.078569,0.061157,0.017411,0.4081,0,2.000e-05,2.952,12.32
784,0.132475,0.097046,0.035429,1.1166,1,2.000e-05,2.947,12.32
785,0.185968,0.121338,0.064630,0.4685,0,2.000e-05,2.946,12.32
786,0.150545,0.110840,0.039705,0.5666,0,2.000e-05,2.948,12.32
787,0.176584,0.125244,0.051339,0.3973,0,2.000e-05,2.956,12.32
788,0.131118,0.101074,0.030044,0.3031,0,2.000e-05,2.951,12.32
789,0.124768,0.092773,0.031994,0.3880,0,2.000e-05,2.954,12.32
790,0.192915,0.148926,0.043989,0.2935,0,2.000e-05,2.952,12.32
791,0.181553,0.116211,0.065342,0.3086,0,2.000e-05,2.961,12.32
792,0.117118,0.088623,0.028495,0.3234,0,2.000e-05,2.953,12.32
793,0.133010,0.086426,0.046584,0.5182,0,2.000e-05,2.949,12.32
794,0.069428,0.057983,0.011445,0.5631,0,2.000e-05,2.954,12.32
795,0.094043,0.076904,0.017139,0.4591,0,2.000e-05,2.984,12.32
796,0.185868,0.120361,0.065507,0.5222,0,2.000e-05,2.953,12.32
797,0.088209,0.073242,0.014967,0.4880,0,2.000e-05,2.957,12.32
798,0.211998,0.149902,0.062096,0.2285,0,2.000e-05,2.947,12.32
799,0.072794,0.061279,0.011515,0.6014,0,2.000e-05,2.967,12.32
800,0.171503,0.126221,0.045282,0.3242,0,2.000e-05,2.956,12.32
801,0.134287,0.094604,0.039682,0.2900,0,2.000e-05,2.948,12.32
802,0.199598,0.143555,0.056043,0.2465,0,2.000e-05,2.954,12.32
803,0.087290,0.067993,0.019297,0.5108,0,2.000e-05,2.960,12.32
804,0.125040,0.098633,0.026407,0.3159,0,2.000e-05,2.949,12.32
805,0.071281,0.052979,0.018303,0.3183,0,2.000e-05,2.945,12.32
806,0.108797,0.074463,0.034334,0.5205,0,2.000e-05,2.944,12.32
807,0.207154,0.145264,0.061891,0.3762,0,2.000e-05,2.949,12.32
808,0.197604,0.134277,0.063326,0.4081,0,2.000e-05,2.950,12.32
809,0.176312,0.114258,0.062054,0.2629,0,2.000e-05,2.949,12.32
810,0.119853,0.088867,0.030986,0.5594,0,2.000e-05,2.954,12.32
811,0.208315,0.150391,0.057925,0.3716,0,2.000e-05,2.959,12.32
812,0.292722,0.191406,0.101316,0.2226,0,2.000e-05,2.961,12.32
813,0.201901,0.133789,0.068112,0.2945,0,2.000e-05,2.966,12.32
814,0.219043,0.145264,0.073779,0.3037,0,2.000e-05,2.951,12.32
815,0.179240,0.137207,0.042033,0.3182,0,2.000e-05,2.948,12.32
816,0.232348,0.144775,0.087573,0.3276,0,2.000e-05,2.948,12.32
817,0.160116,0.118164,0.041952,0.2353,0,2.000e-05,2.953,12.32
818,0.229085,0.151367,0.077718,0.2279,0,2.000e-05,2.945,12.32
819,0.139389,0.097046,0.042344,0.4876,0,2.000e-05,2.951,12.32
820,0.177537,0.122559,0.054979,0.3761,0,2.000e-05,2.948,12.32
821,0.162360,0.108154,0.054206,0.3551,0,2.000e-05,2.963,12.32
822,0.060506,0.048096,0.012410,0.3922,0,2.000e-05,2.949,12.32
823,0.167199,0.124512,0.042687,0.2341,0,2.000e-05,2.962,12.32
824,0.072416,0.054810,0.017607,0.4436,0,2.000e-05,2.958,12.32
825,0.116498,0.087158,0.029339,0.4301,0,2.000e-05,2.959,12.32
826,0.063162,0.046997,0.016165,0.5276,0,2.000e-05,2.954,12.32
827,0.216655,0.135254,0.081401,0.4258,0,2.000e-05,2.950,12.32
828,0.097614,0.074219,0.023395,0.6176,0,2.000e-05,2.949,12.32
829,0.185209,0.129395,0.055814,0.3810,0,2.000e-05,2.946,12.32
830,0.269825,0.176758,0.093067,0.4216,0,2.000e-05,2.951,12.32
831,0.163876,0.124023,0.039853,0.4603,0,2.000e-05,2.953,12.32
832,0.104299,0.084473,0.019826,0.7321,0,2.000e-05,2.949,12.32
833,0.062691,0.052856,0.009834,0.5742,0,2.000e-05,2.950,12.32
834,0.174693,0.120605,0.054087,0.2930,0,2.000e-05,2.964,12.32
835,0.201895,0.142090,0.059805,0.2858,0,2.000e-05,2.993,12.32
836,0.101487,0.077637,0.023850,0.3570,0,2.000e-05,2.967,12.32
837,0.185204,0.128418,0.056786,0.3172,0,2.000e-05,2.951,12.32
838,0.116292,0.082886,0.033406,0.3934,0,2.000e-05,2.958,12.32
839,0.127889,0.091553,0.036336,0.3363,0,2.000e-05,2.949,12.32
840,0.175260,0.114258,0.061002,0.1549,0,2.000e-05,2.957,12.32
841,0.116431,0.093506,0.022925,0.3449,0,2.000e-05,2.956,12.32
842,0.351339,0.211426,0.139913,0.2496,0,2.000e-05,2.951,12.32
843,0.105069,0.083496,0.021573,0.5247,0,2.000e-05,2.979,12.32
844,0.177402,0.118164,0.059238,0.2313,0,2.000e-05,2.951,12.32
845,0.048857,0.042236,0.006620,0.6444,0,2.000e-05,2.948,12.32
846,0.138897,0.101562,0.037334,0.4827,0,2.000e-05,2.954,12.32
847,0.108885,0.081299,0.027586,0.2245,0,2.000e-05,2.958,12.32
848,0.108611,0.086426,0.022185,0.3147,0,2.000e-05,2.954,12.32
849,0.082127,0.063477,0.018650,0.4075,0,2.000e-05,2.949,12.32
850,0.096005,0.073975,0.022031,0.5638,0,2.000e-05,2.949,12.32
851,0.107169,0.086426,0.020743,0.5757,0,2.000e-05,2.948,12.32
852,0.205016,0.150391,0.054626,0.2457,0,2.000e-05,2.956,12.32
853,0.265580,0.188965,0.076615,0.3844,0,2.000e-05,2.946,12.32
854,0.254067,0.164551,0.089516,0.2114,0,2.000e-05,2.949,12.32
855,0.096772,0.070312,0.026459,0.4928,0,2.000e-05,2.949,12.32
856,0.157309,0.106934,0.050375,0.2733,0,2.000e-05,2.947,12.32
857,0.072616,0.055908,0.016708,0.6420,0,2.000e-05,2.952,12.32
858,0.090992,0.067261,0.023731,0.5647,0,2.000e-05,2.949,12.32
859,0.228744,0.149902,0.078841,0.3275,0,2.000e-05,2.945,12.32
860,0.137824,0.107422,0.030403,0.4555,0,2.000e-05,2.959,12.32
861,0.261361,0.182617,0.078744,0.3929,0,2.000e-05,2.958,12.32
862,0.113135,0.086304,0.026832,0.7657,0,2.000e-05,2.949,12.32
863,0.098148,0.083008,0.015140,0.6510,0,2.000e-05,2.947,12.32
864,0.078845,0.064941,0.013904,0.3672,0,2.000e-05,2.949,12.32
865,0.113014,0.084229,0.028786,0.3523,0,2.000e-05,2.953,12.32
866,0.123390,0.087646,0.035743,0.5895,0,2.000e-05,2.956,12.32
867,0.136457,0.106934,0.029524,0.4719,0,2.000e-05,2.956,12.32
868,0.115566,0.082397,0.033169,0.3321,0,2.000e-05,2.955,12.32
869,0.099205,0.078613,0.020592,0.4998,0,2.000e-05,2.951,12.32
870,0.049040,0.039429,0.009612,0.6371,0,2.000e-05,2.952,12.32
871,0.305169,0.180176,0.124993,0.2408,0,2.000e-05,2.949,12.32
872,0.086395,0.065552,0.020843,0.4626,0,2.000e-05,2.950,12.32
873,0.096872,0.071655,0.025217,0.6786,0,2.000e-05,2.948,12.32
874,0.178937,0.125977,0.052961,0.2913,0,2.000e-05,2.956,12.32
875,0.194373,0.127930,0.066443,0.5511,0,2.000e-05,2.945,12.32
876,0.230091,0.160400,0.069691,0.3523,0,2.000e-05,2.955,12.32
877,0.151987,0.115967,0.036021,0.2529,0,2.000e-05,2.946,12.32
878,0.285225,0.188477,0.096749,0.3073,0,2.000e-05,2.952,12.32
879,0.149320,0.098389,0.050931,0.5003,0,2.000e-05,2.947,12.32
880,0.216937,0.155762,0.061175,0.4114,0,2.000e-05,2.945,12.32
881,0.097716,0.078003,0.019713,0.4507,0,2.000e-05,2.948,12.32
882,0.097244,0.076660,0.020584,0.5467,0,2.000e-05,2.950,12.32
883,0.174168,0.119385,0.054784,0.3784,0,2.000e-05,2.945,12.32
884,0.167079,0.104797,0.062282,0.4076,0,2.000e-05,2.956,12.32
885,0.189971,0.138184,0.051787,0.5564,0,2.000e-05,2.961,12.32
886,0.234942,0.142944,0.091998,0.3224,0,2.000e-05,2.951,12.32
887,0.129174,0.091797,0.037377,0.2793,0,2.000e-05,2.951,12.32
888,0.137479,0.101074,0.036405,0.3374,0,2.000e-05,2.953,12.32
889,0.119356,0.089600,0.029756,0.2540,0,2.000e-05,2.959,12.32
890,0.153847,0.121582,0.032265,0.2855,0,2.000e-05,2.956,12.32
891,0.198809,0.145508,0.053302,0.4565,0,2.000e-05,2.955,12.32
892,0.182502,0.128906,0.053596,0.2021,0,2.000e-05,2.953,12.32
893,0.227150,0.141602,0.085549,0.3261,0,2.000e-05,2.959,12.32
894,0.097677,0.073364,0.024313,0.3568,0,2.000e-05,2.964,12.32
895,0.134453,0.096680,0.037774,0.6729,0,2.000e-05,2.953,12.32
896,0.117208,0.090332,0.026876,0.3413,0,2.000e-05,2.954,12.32
897,0.061580,0.048340,0.013241,0.4918,0,2.000e-05,2.946,12.32
898,0.224653,0.139160,0.085493,0.3812,0,2.000e-05,2.949,12.32
899,0.083304,0.067383,0.015921,0.4749,0,2.000e-05,2.951,12.32
900,0.063150,0.047729,0.015421,0.8650,0,2.000e-05,2.948,12.32
901,0.193825,0.137695,0.056130,0.3433,0,2.000e-05,2.946,12.32
902,0.085683,0.061523,0.024160,0.8291,0,2.000e-05,2.948,12.32
903,0.151429,0.108643,0.042787,0.3952,0,2.000e-05,2.951,12.32
904,0.067262,0.053711,0.013551,0.5537,0,2.000e-05,2.948,12.32
905,0.136493,0.101318,0.035174,0.2422,0,2.000e-05,2.956,12.32
906,0.128975,0.094727,0.034249,0.5033,0,2.000e-05,2.944,12.32
907,0.110502,0.082275,0.028227,0.7508,0,2.000e-05,2.948,12.32
908,0.068701,0.050293,0.018408,0.5462,0,2.000e-05,2.954,12.32
909,0.114575,0.088867,0.025707,0.4366,0,2.000e-05,2.954,12.32
910,0.196497,0.148438,0.048060,0.2869,0,2.000e-05,2.949,12.32
911,0.148069,0.106445,0.041624,1.5621,1,2.000e-05,2.956,12.32
912,0.154040,0.117676,0.036364,0.3075,0,2.000e-05,2.947,12.32
913,0.113933,0.086914,0.027019,0.3542,0,2.000e-05,2.944,12.32
914,0.347023,0.209961,0.137063,0.2764,0,2.000e-05,2.958,12.32
915,0.170263,0.107788,0.062475,0.5452,0,2.000e-05,2.966,12.32
916,0.290105,0.184570,0.105535,0.2718,0,2.000e-05,2.951,12.32
917,0.200183,0.133789,0.066394,0.3722,0,2.000e-05,2.949,12.32
918,0.098776,0.076538,0.022238,0.5304,0,2.000e-05,2.952,12.32
919,0.113406,0.082031,0.031375,0.4490,0,2.000e-05,2.955,12.32
920,0.099773,0.072876,0.026897,0.6508,0,2.000e-05,2.947,12.32
921,0.328794,0.204102,0.124692,0.4147,0,2.000e-05,2.956,12.32
922,0.090186,0.072510,0.017676,0.6602,0,2.000e-05,2.961,12.32
923,0.226502,0.145020,0.081482,0.5266,0,2.000e-05,2.958,12.32
924,0.159552,0.106934,0.052618,0.2136,0,2.000e-05,2.948,12.32
925,0.203035,0.151367,0.051668,0.1825,0,2.000e-05,2.956,12.32
926,0.169191,0.125732,0.043458,0.1947,0,2.000e-05,2.959,12.32
927,0.146256,0.110107,0.036149,0.1930,0,2.000e-05,2.948,12.32
928,0.123505,0.091919,0.031586,0.5211,0,2.000e-05,2.943,12.32
929,0.212918,0.137939,0.074978,0.4351,0,2.000e-05,2.949,12.32
930,0.159665,0.120117,0.039548,0.3238,0,2.000e-05,2.958,12.32
931,0.188243,0.137695,0.050548,0.3266,0,2.000e-05,2.947,12.32
932,0.109220,0.089111,0.020109,0.2478,0,2.000e-05,2.951,12.32
933,0.129681,0.097534,0.032146,0.3790,0,2.000e-05,2.961,12.32
934,0.193055,0.134766,0.058289,0.3321,0,2.000e-05,2.959,12.32
935,0.165986,0.115723,0.050264,0.7191,0,2.000e-05,2.955,12.32
936,0.136445,0.093262,0.043184,0.3998,0,2.000e-05,2.950,12.32
937,0.140256,0.101318,0.038937,0.8140,0,2.000e-05,2.954,12.32
938,0.075842,0.056152,0.019690,0.5117,0,2.000e-05,2.955,12.32
939,0.182825,0.125488,0.057337,0.5414,0,2.000e-05,2.948,12.32
940,0.191565,0.133301,0.058264,0.2624,0,2.000e-05,2.948,12.32
941,0.190180,0.134521,0.055658,0.6932,0,2.000e-05,2.948,12.32
942,0.078128,0.064819,0.013308,0.7502,0,2.000e-05,2.958,12.32
943,0.305470,0.187012,0.118458,0.2079,0,2.000e-05,2.949,12.32
944,0.066026,0.055664,0.010362,0.3617,0,2.000e-05,2.948,12.32
945,0.211684,0.143555,0.068129,0.1797,0,2.000e-05,2.949,12.32
946,0.121205,0.093262,0.027943,0.3000,0,2.000e-05,2.957,12.32
947,0.175216,0.127441,0.047774,0.3729,0,2.000e-05,2.956,12.32
948,0.253300,0.157227,0.096073,0.3072,0,2.000e-05,2.958,12.32
949,0.103265,0.079468,0.023797,0.8623,0,2.000e-05,2.955,12.32
950,0.181022,0.132812,0.048210,0.6105,0,2.000e-05,2.956,12.32
951,0.182880,0.140625,0.042255,0.3311,0,2.000e-05,2.975,12.32
952,0.069757,0.052734,0.017023,0.4183,0,2.000e-05,3.010,12.32
953,0.177781,0.122803,0.054978,0.3805,0,2.000e-05,2.951,12.32
954,0.227902,0.147949,0.079953,0.4266,0,2.000e-05,2.948,12.32
955,0.218141,0.144531,0.073610,0.4416,0,2.000e-05,2.947,12.32
956,0.210571,0.136719,0.073852,0.3138,0,2.000e-05,2.949,12.32
957,0.067001,0.049683,0.017318,0.3951,0,2.000e-05,2.954,12.32
958,0.251433,0.164551,0.086882,0.1174,0,2.000e-05,2.945,12.32
959,0.106183,0.082764,0.023420,0.5221,0,2.000e-05,2.954,12.32
960,0.202190,0.143066,0.059124,1.0625,1,2.000e-05,2.965,12.32
961,0.092614,0.076904,0.015709,0.6800,0,2.000e-05,2.948,12.32
962,0.100212,0.080322,0.019889,0.4296,0,2.000e-05,2.952,12.32
963,0.157961,0.126221,0.031741,0.7387,0,2.000e-05,2.952,12.32
964,0.068315,0.049561,0.018754,0.4337,0,2.000e-05,2.951,12.32
965,0.102014,0.079590,0.022424,0.2437,0,2.000e-05,2.951,12.32
966,0.129364,0.098633,0.030732,0.5550,0,2.000e-05,2.949,12.32
967,0.358530,0.233887,0.124643,0.2461,0,2.000e-05,2.950,12.32
968,0.251715,0.165527,0.086188,0.3937,0,2.000e-05,2.947,12.32
969,0.254447,0.166016,0.088432,0.4409,0,2.000e-05,2.951,12.32
970,0.151669,0.111084,0.040585,0.3263,0,2.000e-05,2.951,12.32
971,0.203627,0.146484,0.057142,0.1882,0,2.000e-05,2.950,12.32
972,0.067713,0.052979,0.014735,0.5593,0,2.000e-05,2.958,12.32
973,0.232920,0.148193,0.084726,0.3316,0,2.000e-05,2.950,12.32
974,0.153735,0.108154,0.045581,0.2453,0,2.000e-05,2.949,12.32
975,0.213808,0.136719,0.077089,0.2561,0,2.000e-05,2.960,12.32
976,0.114444,0.087891,0.026554,0.3251,0,2.000e-05,2.952,12.32
977,0.111683,0.082642,0.029041,0.5182,0,2.000e-05,2.953,12.32
978,0.235312,0.168945,0.066366,0.2210,0,2.000e-05,2.948,12.32
979,0.104254,0.081543,0.022711,0.9516,0,2.000e-05,2.959,12.32
980,0.160352,0.097168,0.063184,0.6729,0,2.000e-05,2.948,12.32
981,0.096352,0.064575,0.031777,0.4750,0,2.000e-05,2.957,12.32
982,0.108839,0.082031,0.026808,0.6573,0,2.000e-05,2.948,12.32
983,0.222827,0.158203,0.064624,0.3137,0,2.000e-05,2.947,12.32
984,0.075986,0.058105,0.017880,0.7886,0,2.000e-05,2.952,12.32
985,0.188733,0.122070,0.066663,0.2131,0,2.000e-05,2.946,12.32
986,0.055985,0.047852,0.008134,0.8357,0,2.000e-05,2.951,12.32
987,0.192281,0.139648,0.052633,0.2259,0,2.000e-05,2.954,12.32
988,0.116309,0.091797,0.024512,0.4745,0,2.000e-05,2.945,12.32
989,0.296878,0.193359,0.103518,0.2547,0,2.000e-05,2.954,12.32
990,0.163505,0.107422,0.056083,0.1851,0,2.000e-05,2.949,12.32
991,0.085073,0.066650,0.018423,0.4069,0,2.000e-05,2.987,12.32
992,0.210946,0.143555,0.067392,0.3744,0,2.000e-05,2.949,12.32
993,0.143399,0.108887,0.034512,0.4824,0,2.000e-05,2.950,12.32
994,0.151416,0.101318,0.050097,0.3329,0,2.000e-05,2.948,12.32
995,0.289980,0.181152,0.108827,0.3210,0,2.000e-05,2.946,12.32
996,0.107719,0.085205,0.022514,0.3437,0,2.000e-05,2.958,12.32
997,0.113842,0.092529,0.021312,0.2450,0,2.000e-05,2.951,12.32
998,0.199613,0.132324,0.067289,0.3637,0,2.000e-05,2.955,12.32
999,0.098591,0.070068,0.028523,0.2406,0,2.000e-05,2.956,12.32
1000,0.198572,0.140869,0.057703,0.2714,0,2.000e-05,2.951,12.32
1001,0.185415,0.109192,0.076224,0.3369,0,2.000e-05,3.165,12.32
1002,0.119271,0.097412,0.021859,0.4515,0,2.000e-05,2.960,12.32
1003,0.079636,0.062500,0.017136,0.2049,0,2.000e-05,2.954,12.32
1004,0.134875,0.096558,0.038317,0.3148,0,2.000e-05,2.958,12.32
1005,0.204034,0.130127,0.073908,0.3173,0,2.000e-05,2.948,12.32
1006,0.147966,0.111816,0.036150,0.2905,0,2.000e-05,2.968,12.32
1007,0.185211,0.119141,0.066070,0.2821,0,2.000e-05,2.951,12.32
1008,0.183394,0.121826,0.061568,0.3795,0,2.000e-05,2.967,12.32
1009,0.114824,0.085938,0.028886,0.3254,0,2.000e-05,2.944,12.32
1010,0.152602,0.103760,0.048842,0.2550,0,2.000e-05,2.947,12.32
1011,0.133236,0.090332,0.042903,0.4618,0,2.000e-05,2.946,12.32
1012,0.129191,0.094238,0.034953,0.2770,0,2.000e-05,2.951,12.32
1013,0.161467,0.102661,0.058806,0.4386,0,2.000e-05,2.949,12.32
1014,0.102943,0.078125,0.024818,0.6037,0,2.000e-05,2.961,12.32
1015,0.106707,0.083862,0.022845,0.7140,0,2.000e-05,2.947,12.32
1016,0.223235,0.144043,0.079192,0.3026,0,2.000e-05,2.949,12.32
1017,0.181018,0.121094,0.059924,0.3609,0,2.000e-05,2.977,12.32
1018,0.126024,0.095947,0.030076,0.2923,0,2.000e-05,3.057,12.32
1019,0.155177,0.119385,0.035793,0.4557,0,2.000e-05,2.958,12.32
1020,0.065134,0.051636,0.013498,0.6030,0,2.000e-05,2.951,12.32
1021,0.118763,0.096680,0.022084,0.2453,0,2.000e-05,2.949,12.32
1022,0.247751,0.156250,0.091501,0.2293,0,2.000e-05,2.948,12.32
1023,0.059410,0.049072,0.010338,0.5091,0,2.000e-05,2.949,12.32
1024,0.183335,0.129395,0.053940,0.4286,0,2.000e-05,2.954,12.32
1025,0.193403,0.141602,0.051801,0.3054,0,2.000e-05,2.947,12.32
1026,0.076089,0.056152,0.019937,0.3642,0,2.000e-05,2.948,12.32
1027,0.127300,0.103271,0.024029,0.2786,0,2.000e-05,2.947,12.32
1028,0.138317,0.104736,0.033580,0.2537,0,2.000e-05,2.951,12.32
1029,0.139034,0.102783,0.036251,0.3389,0,2.000e-05,2.944,12.32
1030,0.097946,0.078857,0.019089,0.2182,0,2.000e-05,2.959,12.32
1031,0.147209,0.106934,0.040275,0.2981,0,2.000e-05,2.947,12.32
1032,0.270400,0.172363,0.098037,0.6101,0,2.000e-05,2.947,12.32
1033,0.118975,0.088501,0.030474,0.4552,0,2.000e-05,2.949,12.32
1034,0.113242,0.090332,0.022910,0.3305,0,2.000e-05,2.952,12.32
1035,0.153192,0.108154,0.045038,0.2418,0,2.000e-05,2.955,12.32
1036,0.107256,0.087158,0.020097,0.3994,0,2.000e-05,2.953,12.32
1037,0.118800,0.084961,0.033839,0.2892,0,2.000e-05,2.947,12.32
1038,0.075170,0.056885,0.018285,0.4258,0,2.000e-05,2.946,12.32
1039,0.197901,0.131836,0.066065,0.2552,0,2.000e-05,2.952,12.32
1040,0.128154,0.090942,0.037211,0.6619,0,2.000e-05,2.996,12.32
1041,0.159143,0.120117,0.039025,0.2663,0,2.000e-05,2.953,12.32
1042,0.163042,0.118408,0.044634,0.3002,0,2.000e-05,2.952,12.32
1043,0.191372,0.135010,0.056362,0.2000,0,2.000e-05,2.947,12.32
1044,0.125572,0.093262,0.032311,0.4814,0,2.000e-05,2.950,12.32
1045,0.165460,0.109680,0.055780,0.4626,0,2.000e-05,2.957,12.32
1046,0.088743,0.076416,0.012327,0.3740,0,2.000e-05,2.947,12.32
1047,0.354172,0.234375,0.119797,0.2575,0,2.000e-05,2.956,12.32
1048,0.140438,0.114746,0.025691,0.2697,0,2.000e-05,2.947,12.32
1049,0.085445,0.068359,0.017086,0.4371,0,2.000e-05,2.950,12.32
1050,0.063950,0.054443,0.009506,0.5303,0,2.000e-05,2.949,12.32
1051,0.102527,0.075562,0.026966,0.3822,0,2.000e-05,2.946,12.32
1052,0.250573,0.178711,0.071862,0.2983,0,2.000e-05,2.957,12.32
1053,0.245089,0.150879,0.094210,0.4021,0,2.000e-05,2.950,12.32
1054,0.241125,0.163086,0.078039,0.3743,0,2.000e-05,2.955,12.32
1055,0.291445,0.209473,0.081973,0.2035,0,2.000e-05,2.950,12.32
1056,0.104527,0.083252,0.021276,1.2205,1,2.000e-05,2.957,12.32
1057,0.253721,0.153320,0.100401,0.2350,0,2.000e-05,2.947,12.32
1058,0.234587,0.139038,0.095549,0.5738,0,2.000e-05,2.949,12.32
1059,0.174916,0.124756,0.050160,0.3643,0,2.000e-05,2.952,12.32
1060,0.197196,0.130371,0.066825,0.4740,0,2.000e-05,2.951,12.32
1061,0.191387,0.138672,0.052715,0.1704,0,2.000e-05,2.946,12.32
1062,0.117053,0.095215,0.021838,0.6081,0,2.000e-05,2.948,12.32
1063,0.091716,0.071777,0.019938,0.3074,0,2.000e-05,2.955,12.32
1064,0.277268,0.185547,0.091721,0.2561,0,2.000e-05,2.952,12.32
1065,0.161922,0.123047,0.038875,0.2308,0,2.000e-05,2.953,12.32
1066,0.078286,0.064209,0.014077,0.7317,0,2.000e-05,2.953,12.32
1067,0.171244,0.123047,0.048197,0.2422,0,2.000e-05,2.956,12.32
1068,0.121618,0.088013,0.033605,0.2774,0,2.000e-05,2.951,12.32
1069,0.205047,0.119751,0.085296,0.9927,0,2.000e-05,2.952,12.32
1070,0.163087,0.123047,0.040040,0.2324,0,2.000e-05,2.947,12.32
1071,0.121625,0.087402,0.034223,0.7537,0,2.000e-05,2.951,12.32
1072,0.088266,0.066895,0.021371,0.5476,0,2.000e-05,2.948,12.32
1073,0.225464,0.158691,0.066772,0.2779,0,2.000e-05,2.947,12.32
1074,0.085227,0.070801,0.014426,0.5668,0,2.000e-05,2.949,12.32
1075,0.270896,0.162109,0.108787,0.1590,0,2.000e-05,2.946,12.32
1076,0.075877,0.063232,0.012645,0.6004,0,2.000e-05,2.950,12.32
1077,0.196554,0.141357,0.055196,0.1723,0,2.000e-05,2.952,12.32
1078,0.102705,0.084717,0.017989,0.4895,0,2.000e-05,2.948,12.32
1079,0.367678,0.234863,0.132815,0.2717,0,2.000e-05,2.960,12.32
1080,0.141234,0.099976,0.041258,0.3221,0,2.000e-05,2.965,12.32
1081,0.056161,0.042358,0.013802,0.8432,0,2.000e-05,2.968,12.32
1082,0.277527,0.187500,0.090027,0.3692,0,2.000e-05,2.964,12.32
1083,0.265602,0.168945,0.096657,0.2396,0,2.000e-05,2.959,12.32
1084,0.091577,0.066895,0.024683,0.2505,0,2.000e-05,2.950,12.32
1085,0.154379,0.114746,0.039633,0.3325,0,2.000e-05,2.952,12.32
1086,0.178318,0.116943,0.061374,0.5087,0,2.000e-05,2.951,12.32
1087,0.207067,0.152832,0.054235,0.3862,0,2.000e-05,2.947,12.32
1088,0.173025,0.115234,0.057791,0.4155,0,2.000e-05,2.956,12.32
1089,0.076932,0.059204,0.017728,0.2503,0,2.000e-05,2.947,12.32
1090,0.163996,0.121094,0.042903,0.5274,0,2.000e-05,2.949,12.32
1091,0.135289,0.099121,0.036168,0.2229,0,2.000e-05,2.953,12.32
1092,0.105476,0.086426,0.019050,0.6062,0,2.000e-05,2.947,12.32
1093,0.032219,0.027100,0.005119,0.4938,0,2.000e-05,2.953,12.32
1094,0.116958,0.092529,0.024428,0.3086,0,2.000e-05,2.947,12.32
1095,0.179457,0.117188,0.062269,0.2426,0,2.000e-05,2.950,12.32
1096,0.277803,0.174805,0.102999,0.2920,0,2.000e-05,2.947,12.32
1097,0.153783,0.115723,0.038060,0.3851,0,2.000e-05,2.946,12.32
1098,0.087000,0.065430,0.021570,0.4489,0,2.000e-05,2.954,12.32
1099,0.089292,0.071655,0.017637,0.2779,0,2.000e-05,2.947,12.32
1100,0.140300,0.101562,0.038737,0.2426,0,2.000e-05,2.954,12.32
1101,0.245827,0.148682,0.097145,0.2351,0,2.000e-05,2.951,12.32
1102,0.115273,0.088135,0.027138,0.3544,0,2.000e-05,2.946,12.32
1103,0.218210,0.166016,0.052195,0.4393,0,2.000e-05,2.950,12.32
1104,0.103083,0.079590,0.023493,1.0875,1,2.000e-05,2.947,12.32
1105,0.118344,0.094238,0.024105,0.4516,0,2.000e-05,2.951,12.32
1106,0.085443,0.065186,0.020258,0.2536,0,2.000e-05,2.952,12.32
1107,0.249991,0.160156,0.089835,0.2284,0,2.000e-05,2.946,12.32
1108,0.136414,0.105957,0.030457,0.2998,0,2.000e-05,2.948,12.32
1109,0.288729,0.181641,0.107088,0.2354,0,2.000e-05,2.942,12.32
1110,0.121723,0.092285,0.029438,0.5241,0,2.000e-05,2.950,12.32
1111,0.146854,0.095947,0.050907,0.3813,0,2.000e-05,2.951,12.32
1112,0.112562,0.087891,0.024671,0.2458,0,2.000e-05,2.947,12.32
1113,0.064190,0.051758,0.012432,0.4951,0,2.000e-05,2.951,12.32
1114,0.048219,0.038757,0.009462,0.9321,0,2.000e-05,2.947,12.32
1115,0.114091,0.090820,0.023271,0.8815,0,2.000e-05,2.952,12.32
1116,0.090577,0.076660,0.013917,0.7985,0,2.000e-05,2.950,12.32
1117,0.202945,0.141602,0.061343,0.3282,0,2.000e-05,2.946,12.32
1118,0.178427,0.131348,0.047080,0.2825,0,2.000e-05,2.949,12.32
1119,0.161923,0.123047,0.038876,0.2195,0,2.000e-05,2.950,12.32
1120,0.101913,0.074951,0.026962,0.6203,0,2.000e-05,2.950,12.32
1121,0.207361,0.136963,0.070398,0.4584,0,2.000e-05,2.948,12.32
1122,0.128553,0.089233,0.039320,1.0640,1,2.000e-05,2.955,12.32
1123,0.154069,0.119385,0.034684,0.4569,0,2.000e-05,2.948,12.32
1124,0.187579,0.133301,0.054278,0.2132,0,2.000e-05,2.946,12.32
1125,0.079025,0.065186,0.013839,0.4751,0,2.000e-05,2.949,12.32
1126,0.129732,0.091553,0.038179,0.5908,0,2.000e-05,2.960,12.32
1127,0.107878,0.067871,0.040007,0.3191,0,2.000e-05,2.946,12.32
1128,0.072890,0.059570,0.013319,0.4285,0,2.000e-05,2.947,12.32
1129,0.158537,0.104736,0.053800,0.7471,0,2.000e-05,2.946,12.32
1130,0.171713,0.122070,0.049642,0.3248,0,2.000e-05,2.949,12.32
1131,0.216663,0.149902,0.066761,0.2896,0,2.000e-05,2.946,12.32
1132,0.075949,0.063477,0.012473,0.4454,0,2.000e-05,2.952,12.32
1133,0.212344,0.155762,0.056582,0.2763,0,2.000e-05,2.951,12.32
1134,0.132996,0.100586,0.032410,0.2764,0,2.000e-05,2.948,12.32
1135,0.075961,0.058594,0.017367,0.3327,0,2.000e-05,2.949,12.32
1136,0.086696,0.065063,0.021633,0.4417,0,2.000e-05,2.950,12.32
1137,0.072924,0.053101,0.019823,0.5881,0,2.000e-05,2.964,12.32
1138,0.201015,0.141846,0.059169,0.2894,0,2.000e-05,2.980,12.32
1139,0.384835,0.233887,0.150949,0.2305,0,2.000e-05,2.970,12.32
1140,0.235496,0.150879,0.084617,0.2890,0,2.000e-05,2.959,12.32
1141,0.073657,0.055176,0.018482,0.7962,0,2.000e-05,2.945,12.32
1142,0.208971,0.133789,0.075182,0.2368,0,2.000e-05,2.952,12.32
1143,0.076270,0.057373,0.018897,0.7039,0,2.000e-05,2.948,12.32
1144,0.147836,0.105713,0.042123,0.3271,0,2.000e-05,2.952,12.32
1145,0.112410,0.086426,0.025984,0.6373,0,2.000e-05,2.950,12.32
1146,0.151868,0.113770,0.038099,0.2349,0,2.000e-05,2.947,12.32
1147,0.135372,0.102539,0.032833,0.4169,0,2.000e-05,2.951,12.32
1148,0.129518,0.089111,0.040406,0.1877,0,2.000e-05,2.946,12.32
1149,0.172980,0.118164,0.054816,0.1993,0,2.000e-05,2.949,12.32
1150,0.103028,0.080078,0.022950,0.3151,0,2.000e-05,2.951,12.32
1151,0.201735,0.138428,0.063307,0.2398,0,2.000e-05,2.947,12.32
1152,0.106210,0.080566,0.025643,0.3004,0,2.000e-05,2.951,12.32
1153,0.089541,0.073730,0.015811,0.3158,0,2.000e-05,2.946,12.32
1154,0.177333,0.122314,0.055018,0.3544,0,2.000e-05,2.957,12.32
1155,0.127993,0.091797,0.036196,0.3172,0,2.000e-05,2.945,12.32
1156,0.146323,0.101074,0.045248,0.4370,0,2.000e-05,2.946,12.32
1157,0.091510,0.074951,0.016559,1.0303,1,2.000e-05,2.951,12.32
1158,0.212129,0.143066,0.069063,0.3165,0,2.000e-05,2.945,12.32
1159,0.217978,0.156738,0.061239,0.7169,0,2.000e-05,2.951,12.32
1160,0.192427,0.141357,0.051069,0.5885,0,2.000e-05,2.953,12.32
1161,0.197596,0.140625,0.056971,0.2677,0,2.000e-05,2.949,12.32
1162,0.216261,0.148682,0.067579,0.2478,0,2.000e-05,2.955,12.32
1163,0.162658,0.120117,0.042540,0.3962,0,2.000e-05,2.950,12.32
1164,0.169977,0.112793,0.057184,0.4739,0,2.000e-05,2.949,12.32
1165,0.205708,0.144531,0.061177,0.4223,0,2.000e-05,2.947,12.32
1166,0.137337,0.102173,0.035164,0.4886,0,2.000e-05,2.948,12.32
1167,0.131308,0.100586,0.030723,0.2445,0,2.000e-05,2.956,12.32
1168,0.154696,0.118896,0.035800,0.3209,0,2.000e-05,2.948,12.32
1169,0.242705,0.172363,0.070342,0.2657,0,2.000e-05,2.952,12.32
1170,0.194349,0.134766,0.059584,0.3155,0,2.000e-05,2.953,12.32
1171,0.377494,0.241211,0.136283,0.3400,0,2.000e-05,2.950,12.32
1172,0.102638,0.071777,0.030861,0.4660,0,2.000e-05,2.945,12.32
1173,0.255923,0.167236,0.088686,0.6593,0,2.000e-05,2.946,12.32
1174,0.201055,0.139160,0.061895,0.3988,0,2.000e-05,2.955,12.32
1175,0.091718,0.071655,0.020063,0.5182,0,2.000e-05,2.949,12.32
1176,0.184523,0.134766,0.049758,0.2204,0,2.000e-05,2.948,12.32
1177,0.167132,0.128906,0.038226,0.5922,0,2.000e-05,2.947,12.32
1178,0.166786,0.114258,0.052528,0.5686,0,2.000e-05,2.946,12.32
1179,0.062279,0.042053,0.020226,0.7940,0,2.000e-05,2.947,12.32
1180,0.219172,0.142090,0.077082,0.2725,0,2.000e-05,2.949,12.32
1181,0.189271,0.129028,0.060243,0.2997,0,2.000e-05,2.943,12.32
1182,0.145402,0.102783,0.042619,0.5113,0,2.000e-05,2.951,12.32
1183,0.191502,0.128906,0.062596,0.3166,0,2.000e-05,2.943,12.32
1184,0.143944,0.100830,0.043114,0.4912,0,2.000e-05,2.952,12.32
1185,0.140456,0.101807,0.038649,0.3867,0,2.000e-05,2.947,12.32
1186,0.133797,0.096191,0.037605,0.3165,0,2.000e-05,2.947,12.32
1187,0.211683,0.135376,0.076307,0.2784,0,2.000e-05,2.950,12.32
1188,0.152761,0.109375,0.043386,0.7139,0,2.000e-05,2.945,12.32
1189,0.078190,0.059082,0.019108,0.5153,0,2.000e-05,2.950,12.32
1190,0.188491,0.146484,0.042007,0.2468,0,2.000e-05,2.976,12.32
1191,0.109776,0.081055,0.028722,0.2282,0,2.000e-05,2.949,12.32
1192,0.103808,0.083496,0.020312,0.7485,0,2.000e-05,2.948,12.32
1193,0.092645,0.073120,0.019524,0.3807,0,2.000e-05,2.956,12.32
1194,0.095067,0.061035,0.034032,0.3929,0,2.000e-05,2.948,12.32
1195,0.150421,0.109619,0.040802,0.5142,0,2.000e-05,2.958,12.32
1196,0.078180,0.065186,0.012994,0.4417,0,2.000e-05,2.953,12.32
1197,0.194229,0.134766,0.059464,0.2441,0,2.000e-05,2.949,12.32
1198,0.108128,0.084961,0.023167,0.2229,0,2.000e-05,2.947,12.32
1199,0.212860,0.156006,0.056854,0.2404,0,2.000e-05,2.947,12.32
1200,0.270304,0.161133,0.109171,0.3794,0,2.000e-05,2.954,12.32
1201,0.255970,0.152954,0.103016,0.2303,0,2.000e-05,2.950,12.32
1202,0.087706,0.072021,0.015685,0.4922,0,2.000e-05,2.948,12.32
1203,0.166400,0.121582,0.044818,0.2348,0,2.000e-05,2.947,12.32
1204,0.211112,0.132324,0.078788,0.3957,0,2.000e-05,2.952,12.32
1205,0.118665,0.098145,0.020521,0.2760,0,2.000e-05,2.945,12.32
1206,0.268270,0.171387,0.096883,0.1904,0,2.000e-05,2.950,12.32
1207,0.169820,0.125610,0.044210,0.5075,0,2.000e-05,2.952,12.32
1208,0.076283,0.063110,0.013172,0.4337,0,2.000e-05,2.947,12.32
1209,0.194129,0.129883,0.064246,0.2417,0,2.000e-05,2.948,12.32
1210,0.151346,0.106445,0.044901,0.2641,0,2.000e-05,2.944,12.32
1211,0.223574,0.159180,0.064394,0.2032,0,2.000e-05,2.956,12.32
1212,0.208258,0.126953,0.081305,0.2728,0,2.000e-05,2.952,12.32
1213,0.200307,0.144043,0.056264,0.2765,0,2.000e-05,2.948,12.32
1214,0.209315,0.155273,0.054042,0.3988,0,2.000e-05,2.951,12.32
1215,0.072036,0.056274,0.015762,0.2994,0,2.000e-05,2.957,12.32
1216,0.065387,0.053711,0.011676,0.5914,0,2.000e-05,2.953,12.32
1217,0.044101,0.036743,0.007358,0.7433,0,2.000e-05,2.951,12.32
1218,0.073935,0.055298,0.018638,0.7720,0,2.000e-05,2.949,12.32
1219,0.095630,0.076904,0.018726,0.5453,0,2.000e-05,2.947,12.32
1220,0.214203,0.145508,0.068695,0.5755,0,2.000e-05,2.951,12.32
1221,0.106429,0.078491,0.027938,0.6177,0,2.000e-05,2.949,12.32
1222,0.181923,0.136719,0.045204,0.4297,0,2.000e-05,2.954,12.32
1223,0.212696,0.145996,0.066700,0.2727,0,2.000e-05,2.949,12.32
1224,0.081248,0.065063,0.016184,0.5023,0,2.000e-05,2.949,12.32
1225,0.204130,0.154297,0.049833,0.1888,0,2.000e-05,2.950,12.32
1226,0.214252,0.157715,0.056537,0.2145,0,2.000e-05,2.950,12.32
1227,0.106467,0.086670,0.019797,0.8436,0,2.000e-05,2.952,12.32
1228,0.078942,0.063721,0.015222,0.4908,0,2.000e-05,2.949,12.32
1229,0.076309,0.061035,0.015274,0.3266,0,2.000e-05,2.950,12.32
1230,0.219810,0.132568,0.087241,1.0566,1,2.000e-05,2.953,12.32
1231,0.128615,0.094727,0.033888,0.6583,0,2.000e-05,2.951,12.32
1232,0.115526,0.086670,0.028856,0.3349,0,2.000e-05,2.951,12.32
1233,0.162311,0.120117,0.042194,0.3475,0,2.000e-05,2.949,12.32
1234,0.261894,0.183105,0.078789,0.3651,0,2.000e-05,2.952,12.32
1235,0.126867,0.091064,0.035803,0.2911,0,2.000e-05,2.948,12.32
1236,0.210707,0.140381,0.070326,0.3579,0,2.000e-05,2.948,12.32
1237,0.208654,0.142578,0.066076,0.2076,0,2.000e-05,2.950,12.32
1238,0.170040,0.134766,0.035274,0.4114,0,2.000e-05,2.954,12.32
1239,0.112712,0.092285,0.020427,0.4510,0,2.000e-05,2.955,12.32
1240,0.230758,0.150391,0.080367,0.2540,0,2.000e-05,2.947,12.32
1241,0.091291,0.073242,0.018049,0.3926,0,2.000e-05,2.951,12.32
1242,0.095800,0.072998,0.022802,0.4479,0,2.000e-05,2.946,12.32
1243,0.284123,0.176758,0.107365,0.3928,0,2.000e-05,2.949,12.32
1244,0.133733,0.095703,0.038030,0.5486,0,2.000e-05,2.947,12.32
1245,0.126387,0.095703,0.030683,0.4737,0,2.000e-05,2.945,12.32
1246,0.121685,0.098877,0.022808,0.5762,0,2.000e-05,2.955,12.32
1247,0.170244,0.129883,0.040361,0.5929,0,2.000e-05,2.944,12.32
1248,0.108995,0.078125,0.030870,0.9383,0,2.000e-05,2.951,12.32
1249,0.156622,0.112549,0.044073,0.2898,0,2.000e-05,2.961,12.32
1250,0.175629,0.125488,0.050140,0.3512,0,2.000e-05,2.965,12.32
1251,0.138193,0.093994,0.044199,0.2645,0,2.000e-05,2.953,12.32
1252,0.056917,0.046387,0.010530,1.0242,1,2.000e-05,2.948,12.32
1253,0.191700,0.126099,0.065601,0.7975,0,2.000e-05,2.951,12.32
1254,0.115668,0.086914,0.028754,0.5091,0,2.000e-05,2.949,12.32
1255,0.137323,0.106934,0.030390,0.4073,0,2.000e-05,2.948,12.32
1256,0.213194,0.150391,0.062804,0.4724,0,2.000e-05,2.957,12.32
1257,0.217911,0.141357,0.076553,0.4896,0,2.000e-05,2.945,12.32
1258,0.109025,0.081543,0.027482,0.6551,0,2.000e-05,2.952,12.32
1259,0.106071,0.086426,0.019645,0.7137,0,2.000e-05,2.948,12.32
1260,0.177316,0.119873,0.057443,0.6591,0,2.000e-05,2.952,12.32
1261,0.085600,0.069092,0.016508,0.4271,0,2.000e-05,2.951,12.32
1262,0.178279,0.127441,0.050838,0.2258,0,2.000e-05,2.953,12.32
1263,0.057329,0.040405,0.016924,0.6717,0,2.000e-05,2.952,12.32
1264,0.105599,0.086670,0.018929,0.9502,0,2.000e-05,2.946,12.32
1265,0.203754,0.138428,0.065326,0.3174,0,2.000e-05,2.949,12.32
1266,0.101693,0.080566,0.021127,0.5813,0,2.000e-05,2.957,12.32
1267,0.261534,0.166016,0.095518,0.2280,0,2.000e-05,2.946,12.32
1268,0.311256,0.190430,0.120826,0.2482,0,2.000e-05,2.948,12.32
1269,0.127194,0.097900,0.029293,0.2688,0,2.000e-05,2.946,12.32
1270,0.296110,0.202148,0.093962,0.2204,0,2.000e-05,2.948,12.32
1271,0.108176,0.081055,0.027122,0.9173,0,2.000e-05,2.954,12.32
1272,0.198726,0.142090,0.056636,0.4355,0,2.000e-05,2.946,12.32
1273,0.055873,0.046631,0.009242,1.0830,1,2.000e-05,2.950,12.32
1274,0.242387,0.141602,0.100786,0.2144,0,2.000e-05,2.947,12.32
1275,0.120776,0.078125,0.042651,0.2385,0,2.000e-05,2.950,12.32
1276,0.140704,0.103760,0.036944,0.4856,0,2.000e-05,2.954,12.32
1277,0.154885,0.115479,0.039407,0.7979,0,2.000e-05,2.946,12.32
1278,0.247137,0.168457,0.078680,0.2308,0,2.000e-05,2.952,12.32
1279,0.122061,0.083130,0.038932,0.3812,0,2.000e-05,2.949,12.32
1280,0.145557,0.110352,0.035206,0.3557,0,2.000e-05,2.949,12.32
1281,0.059458,0.044678,0.014780,2.0007,1,2.000e-05,2.946,12.32
1282,0.087123,0.059326,0.027796,0.6176,0,2.000e-05,2.947,12.32
1283,0.138221,0.098145,0.040076,0.3055,0,2.000e-05,2.951,12.32
1284,0.136408,0.098145,0.038264,0.3418,0,2.000e-05,2.945,12.32
1285,0.134469,0.102051,0.032418,0.3631,0,2.000e-05,2.950,12.32
1286,0.107275,0.084961,0.022314,0.5453,0,2.000e-05,2.946,12.32
1287,0.227149,0.159668,0.067481,0.5284,0,2.000e-05,2.989,12.32
1288,0.102662,0.075928,0.026735,0.8663,0,2.000e-05,2.950,12.32
1289,0.165749,0.106689,0.059060,0.9801,0,2.000e-05,2.952,12.32
1290,0.062299,0.050049,0.012250,0.9993,0,2.000e-05,2.947,12.32
1291,0.184996,0.126465,0.058531,0.1979,0,2.000e-05,2.948,12.32
1292,0.067857,0.050659,0.017197,0.7108,0,2.000e-05,2.949,12.32
1293,0.183536,0.114258,0.069278,0.3785,0,2.000e-05,2.951,12.32
1294,0.095649,0.067993,0.027656,0.5862,0,2.000e-05,2.948,12.32
1295,0.232162,0.141113,0.091048,0.2472,0,2.000e-05,2.953,12.32
1296,0.163898,0.104980,0.058917,0.4721,0,2.000e-05,2.945,12.32
1297,0.128097,0.090332,0.037765,0.4453,0,2.000e-05,2.952,12.32
1298,0.092645,0.068481,0.024163,0.4564,0,2.000e-05,2.949,12.32
1299,0.108043,0.080322,0.027720,0.5289,0,2.000e-05,2.949,12.32
1300,0.135469,0.104492,0.030977,0.5281,0,2.000e-05,2.947,12.32
1301,0.165198,0.122803,0.042395,0.3151,0,2.000e-05,2.946,12.32
1302,0.121010,0.091064,0.029945,0.3032,0,2.000e-05,2.952,12.32
1303,0.146488,0.112305,0.034183,0.4280,0,2.000e-05,2.951,12.32
1304,0.233631,0.148926,0.084705,0.2315,0,2.000e-05,2.956,12.32
1305,0.061771,0.052734,0.009037,0.9407,0,2.000e-05,2.945,12.32
1306,0.221324,0.151367,0.069957,0.4059,0,2.000e-05,2.946,12.32
1307,0.269751,0.179199,0.090551,0.2643,0,2.000e-05,2.956,12.32
1308,0.243204,0.173340,0.069864,0.3832,0,2.000e-05,2.948,12.32
1309,0.204629,0.149658,0.054971,0.3421,0,2.000e-05,2.946,12.32
1310,0.227474,0.150879,0.076595,0.1746,0,2.000e-05,2.948,12.32
1311,0.257110,0.175781,0.081329,0.2755,0,2.000e-05,2.948,12.32
1312,0.173205,0.130859,0.042346,0.3034,0,2.000e-05,2.949,12.32
1313,0.111538,0.088379,0.023159,0.5309,0,2.000e-05,2.950,12.32
1314,0.120645,0.086914,0.033731,0.2420,0,2.000e-05,2.948,12.32
1315,0.194809,0.126709,0.068101,0.3119,0,2.000e-05,2.954,12.32
1316,0.157514,0.114258,0.043256,0.3582,0,2.000e-05,2.946,12.32
1317,0.099341,0.076660,0.022681,0.5489,0,2.000e-05,2.949,12.32
1318,0.172352,0.120850,0.051502,0.2429,0,2.000e-05,2.948,12.32
1319,0.118510,0.087036,0.031473,0.3436,0,2.000e-05,2.947,12.32
1320,0.077837,0.059204,0.018633,0.4438,0,2.000e-05,2.948,12.32
1321,0.115275,0.084473,0.030802,0.4532,0,2.000e-05,2.947,12.32
1322,0.068291,0.046875,0.021416,0.4333,0,2.000e-05,2.951,12.32
1323,0.086540,0.073730,0.012809,0.8557,0,2.000e-05,2.949,12.32
1324,0.384056,0.232910,0.151146,0.3721,0,2.000e-05,2.948,12.32
1325,0.137491,0.092163,0.045327,1.0779,1,2.000e-05,2.948,12.32
1326,0.111346,0.083008,0.028338,0.6810,0,2.000e-05,2.948,12.32
1327,0.198998,0.137695,0.061302,0.2762,0,2.000e-05,2.953,12.32
1328,0.086635,0.063965,0.022670,0.5752,0,2.000e-05,2.946,12.32
1329,0.138143,0.096436,0.041708,1.0416,1,2.000e-05,2.945,12.32
1330,0.153828,0.110107,0.043720,0.6863,0,2.000e-05,2.954,12.32
1331,0.120231,0.094238,0.025992,0.4410,0,2.000e-05,2.949,12.32
1332,0.097159,0.078125,0.019034,0.3028,0,2.000e-05,2.950,12.32
1333,0.069448,0.056885,0.012563,0.5839,0,2.000e-05,2.951,12.32
1334,0.070068,0.056519,0.013549,0.9298,0,2.000e-05,2.948,12.32
1335,0.200100,0.135742,0.064358,0.3764,0,2.000e-05,2.952,12.32
1336,0.146795,0.098389,0.048407,0.2985,0,2.000e-05,2.947,12.32
1337,0.140448,0.101562,0.038885,0.5111,0,2.000e-05,2.953,12.32
1338,0.113283,0.088135,0.025148,0.5061,0,2.000e-05,2.954,12.32
1339,0.217797,0.152100,0.065697,0.2009,0,2.000e-05,2.946,12.32
1340,0.116404,0.083496,0.032908,0.5655,0,2.000e-05,2.949,12.32
1341,0.225109,0.159180,0.065929,0.2099,0,2.000e-05,2.945,12.32
1342,0.194718,0.134766,0.059952,0.2277,0,2.000e-05,2.949,12.32
1343,0.188652,0.127686,0.060967,0.2299,0,2.000e-05,2.950,12.32
1344,0.390818,0.230469,0.160349,0.2810,0,2.000e-05,2.946,12.32
1345,0.194641,0.114990,0.079651,0.3959,0,2.000e-05,2.951,12.32
1346,0.233613,0.165039,0.068574,0.2483,0,2.000e-05,2.947,12.32
1347,0.112474,0.093018,0.019457,0.7151,0,2.000e-05,2.952,12.32
1348,0.132434,0.102539,0.029895,0.5693,0,2.000e-05,2.948,12.32
1349,0.103463,0.074463,0.029000,0.3715,0,2.000e-05,2.946,12.32
1350,0.195162,0.146484,0.048677,0.3483,0,2.000e-05,2.946,12.32
1351,0.186218,0.121094,0.065124,0.5017,0,2.000e-05,2.954,12.32
1352,0.150805,0.114502,0.036303,0.9575,0,2.000e-05,2.950,12.32
1353,0.108369,0.087646,0.020722,0.4836,0,2.000e-05,2.949,12.32
1354,0.132970,0.093750,0.039220,0.3329,0,2.000e-05,2.950,12.32
1355,0.086970,0.069580,0.017390,0.4595,0,2.000e-05,2.947,12.32
1356,0.168313,0.115234,0.053079,0.3709,0,2.000e-05,2.946,12.32
1357,0.209868,0.142578,0.067290,0.2283,0,2.000e-05,2.955,12.32
1358,0.113480,0.087769,0.025711,0.4587,0,2.000e-05,2.963,12.32
1359,0.104024,0.081421,0.022603,1.0881,1,2.000e-05,2.947,12.32
1360,0.151137,0.119385,0.031752,0.4911,0,2.000e-05,2.947,12.32
1361,0.062606,0.050537,0.012069,0.5263,0,2.000e-05,2.969,12.32
1362,0.087202,0.069580,0.017622,0.6234,0,2.000e-05,2.951,12.32
1363,0.134579,0.099609,0.034970,0.5237,0,2.000e-05,2.948,12.32
1364,0.204917,0.151611,0.053306,0.7869,0,2.000e-05,2.949,12.32
1365,0.164503,0.109863,0.054640,0.3149,0,2.000e-05,2.954,12.32
1366,0.168956,0.122314,0.046641,0.3472,0,2.000e-05,2.956,12.32
1367,0.108068,0.086182,0.021887,0.4729,0,2.000e-05,2.950,12.32
1368,0.218242,0.163574,0.054667,0.3510,0,2.000e-05,2.944,12.32
1369,0.167815,0.121582,0.046233,0.2192,0,2.000e-05,2.950,12.32
1370,0.150306,0.114014,0.036292,0.3344,0,2.000e-05,2.948,12.32
1371,0.219056,0.137939,0.081117,1.1970,1,2.000e-05,2.949,12.32
1372,0.108671,0.085938,0.022734,0.3939,0,2.000e-05,2.947,12.32
1373,0.176068,0.134766,0.041302,0.2734,0,2.000e-05,2.946,12.32
1374,0.251299,0.156738,0.094561,0.4273,0,2.000e-05,2.950,12.32
1375,0.131837,0.090576,0.041261,0.6848,0,2.000e-05,2.951,12.32
1376,0.157076,0.105469,0.051607,0.3594,0,2.000e-05,2.946,12.32
1377,0.101632,0.079590,0.022042,0.5829,0,2.000e-05,2.951,12.32
1378,0.161918,0.110352,0.051566,0.2647,0,2.000e-05,2.948,12.32
1379,0.179079,0.120605,0.058474,0.3933,0,2.000e-05,2.949,12.32
1380,0.092589,0.073730,0.018858,0.4201,0,2.000e-05,2.959,12.32
1381,0.202597,0.145264,0.057334,0.2401,0,2.000e-05,2.946,12.32
1382,0.204891,0.139160,0.065731,0.1706,0,2.000e-05,2.947,12.32
1383,0.178709,0.118408,0.060300,0.2383,0,2.000e-05,2.946,12.32
1384,0.096908,0.073486,0.023421,0.3392,0,2.000e-05,2.953,12.32
1385,0.127397,0.104004,0.023393,0.2070,0,2.000e-05,2.970,12.32
1386,0.114158,0.082520,0.031638,0.5503,0,2.000e-05,2.947,12.32
1387,0.107629,0.078857,0.028772,0.3384,0,2.000e-05,2.946,12.32
1388,0.107374,0.078613,0.028761,0.2192,0,2.000e-05,2.951,12.32
1389,0.243983,0.155273,0.088709,0.1647,0,2.000e-05,2.947,12.32
1390,0.080894,0.065552,0.015342,0.2786,0,2.000e-05,2.949,12.32
1391,0.239605,0.143311,0.096295,0.3692,0,2.000e-05,2.948,12.32
1392,0.091452,0.070068,0.021384,0.3428,0,2.000e-05,2.947,12.32
1393,0.098817,0.074585,0.024232,0.2378,0,2.000e-05,2.947,12.32
1394,0.095569,0.075195,0.020373,0.3190,0,2.000e-05,2.946,12.32
1395,0.129499,0.092041,0.037458,0.1861,0,2.000e-05,2.946,12.32
1396,0.093631,0.071289,0.022342,0.2374,0,2.000e-05,2.946,12.32
1397,0.208612,0.154785,0.053827,0.3643,0,2.000e-05,2.947,12.32
1398,0.250805,0.173828,0.076977,0.1936,0,2.000e-05,2.945,12.32
1399,0.128573,0.083740,0.044833,0.2180,0,2.000e-05,2.955,12.32
1400,0.114890,0.096436,0.018454,0.5918,0,2.000e-05,2.948,12.32
1401,0.171451,0.121582,0.049869,0.2977,0,2.000e-05,2.947,12.32
1402,0.146217,0.096191,0.050025,0.2241,0,2.000e-05,2.954,12.32
1403,0.092817,0.078125,0.014692,0.3961,0,2.000e-05,2.946,12.32
1404,0.152418,0.113281,0.039137,0.8262,0,2.000e-05,2.953,12.32
1405,0.115869,0.094727,0.021142,0.5633,0,2.000e-05,2.946,12.32
1406,0.282068,0.182129,0.099939,0.3031,0,2.000e-05,2.946,12.32
1407,0.129461,0.096191,0.033269,0.3228,0,2.000e-05,2.949,12.32
1408,0.144357,0.093750,0.050607,0.3396,0,2.000e-05,2.948,12.32
1409,0.142634,0.112061,0.030573,0.3309,0,2.000e-05,2.950,12.32
1410,0.151663,0.108887,0.042776,0.6703,0,2.000e-05,2.953,12.32
1411,0.091664,0.071289,0.020375,0.4343,0,2.000e-05,2.948,12.32
1412,0.142200,0.108887,0.033313,0.4602,0,2.000e-05,2.948,12.32
1413,0.168103,0.135498,0.032605,0.3225,0,2.000e-05,2.947,12.32
1414,0.240857,0.165283,0.075573,0.2060,0,2.000e-05,2.951,12.32
1415,0.079378,0.069092,0.010286,1.2458,1,2.000e-05,2.948,12.32
1416,0.297656,0.192383,0.105273,0.2020,0,2.000e-05,2.959,12.32
1417,0.058441,0.044922,0.013519,0.3170,0,2.000e-05,3.023,12.32
1418,0.207306,0.133789,0.073517,0.1351,0,2.000e-05,2.952,12.32
1419,0.199440,0.124023,0.075416,0.5869,0,2.000e-05,2.948,12.32
1420,0.191545,0.127686,0.063860,0.1941,0,2.000e-05,2.954,12.32
1421,0.094959,0.073486,0.021472,0.3817,0,2.000e-05,2.949,12.32
1422,0.089922,0.066650,0.023272,0.4835,0,2.000e-05,2.946,12.32
1423,0.207333,0.139160,0.068172,0.1769,0,2.000e-05,2.949,12.32
1424,0.175354,0.128906,0.046448,0.2961,0,2.000e-05,2.948,12.32
1425,0.275022,0.159790,0.115232,0.3450,0,2.000e-05,2.947,12.32
1426,0.243054,0.157715,0.085339,0.4821,0,2.000e-05,2.952,12.32
1427,0.114880,0.088623,0.026257,0.3480,0,2.000e-05,2.945,12.32
1428,0.173503,0.126953,0.046550,0.2156,0,2.000e-05,2.953,12.32
1429,0.226585,0.152832,0.073753,0.2539,0,2.000e-05,2.947,12.32
1430,0.216156,0.143555,0.072602,0.2036,0,2.000e-05,2.947,12.32
1431,0.120555,0.085693,0.034862,0.2191,0,2.000e-05,2.948,12.32
1432,0.083256,0.061768,0.021488,0.3157,0,2.000e-05,2.945,12.32
1433,0.240932,0.161133,0.079799,0.1755,0,2.000e-05,2.946,12.32
1434,0.218137,0.151367,0.066770,0.3569,0,2.000e-05,2.952,12.32
1435,0.132430,0.098633,0.033797,0.1788,0,2.000e-05,2.949,12.32
1436,0.112492,0.083252,0.029240,0.4407,0,2.000e-05,2.952,12.32
1437,0.234275,0.139404,0.094870,0.2605,0,2.000e-05,2.954,12.32
1438,0.136572,0.096191,0.040381,0.2763,0,2.000e-05,2.951,12.32
1439,0.234894,0.157471,0.077424,0.2114,0,2.000e-05,2.947,12.32
1440,0.135179,0.103760,0.031419,0.2475,0,2.000e-05,2.946,12.32
1441,0.155257,0.108643,0.046614,0.4191,0,2.000e-05,2.949,12.32
1442,0.080362,0.064941,0.015420,0.3935,0,2.000e-05,2.946,12.32
1443,0.105922,0.081787,0.024135,0.2805,0,2.000e-05,2.951,12.32
1444,0.148313,0.111084,0.037229,0.4462,0,2.000e-05,2.952,12.32
1445,0.092585,0.072754,0.019831,0.3806,0,2.000e-05,2.947,12.32
1446,0.132089,0.098633,0.033456,0.4894,0,2.000e-05,2.950,12.32
1447,0.168966,0.117676,0.051290,0.2312,0,2.000e-05,2.947,12.32
1448,0.195290,0.140625,0.054665,0.3237,0,2.000e-05,2.951,12.32
1449,0.263962,0.169922,0.094040,0.2461,0,2.000e-05,2.947,12.32
1450,0.228350,0.156494,0.071856,0.3351,0,2.000e-05,2.956,12.32
1451,0.136084,0.104492,0.031592,0.5420,0,2.000e-05,2.948,12.32
1452,0.149893,0.110596,0.039297,0.3148,0,2.000e-05,2.945,12.32
1453,0.083021,0.063538,0.019484,0.3831,0,2.000e-05,2.949,12.32
1454,0.145523,0.107422,0.038101,0.2456,0,2.000e-05,2.947,12.32
1455,0.172164,0.116455,0.055709,0.3682,0,2.000e-05,2.946,12.32
1456,0.109746,0.090332,0.019414,0.4273,0,2.000e-05,2.952,12.32
1457,0.086422,0.068970,0.017452,0.3732,0,2.000e-05,2.950,12.32
1458,0.141044,0.112305,0.028739,0.3338,0,2.000e-05,2.952,12.32
1459,0.120045,0.087158,0.032887,0.7278,0,2.000e-05,2.947,12.32
1460,0.135001,0.110840,0.024161,0.6481,0,2.000e-05,2.955,12.32
1461,0.124023,0.094238,0.029784,0.4538,0,2.000e-05,2.947,12.32
1462,0.109103,0.082886,0.026217,0.7188,0,2.000e-05,2.948,12.32
1463,0.166688,0.123047,0.043641,0.2575,0,2.000e-05,2.950,12.32
1464,0.219042,0.148926,0.070117,0.2745,0,2.000e-05,2.944,12.32
1465,0.165325,0.113281,0.052044,0.3084,0,2.000e-05,2.954,12.32
1466,0.183560,0.124512,0.059048,0.2073,0,2.000e-05,2.947,12.32
1467,0.121833,0.096680,0.025153,0.3780,0,2.000e-05,2.954,12.32
1468,0.177634,0.113281,0.064352,0.3733,0,2.000e-05,2.944,12.32
1469,0.181307,0.129150,0.052157,0.3325,0,2.000e-05,2.952,12.32
1470,0.096021,0.078857,0.017164,0.5304,0,2.000e-05,2.954,12.32
1471,0.288461,0.184082,0.104379,0.4219,0,2.000e-05,2.949,12.32
1472,0.155314,0.113525,0.041789,0.2055,0,2.000e-05,2.962,12.32
1473,0.086803,0.072632,0.014171,0.6397,0,2.000e-05,2.977,12.32
1474,0.085248,0.071777,0.013471,0.4476,0,2.000e-05,2.947,12.32
1475,0.143566,0.115234,0.028332,0.5408,0,2.000e-05,2.946,12.32
1476,0.134118,0.094238,0.039880,0.5293,0,2.000e-05,2.945,12.32
1477,0.175822,0.120605,0.055217,0.4690,0,2.000e-05,2.945,12.32
1478,0.118158,0.086426,0.031732,0.2868,0,2.000e-05,2.952,12.32
1479,0.112714,0.092529,0.020185,0.2995,0,2.000e-05,2.948,12.32
1480,0.127779,0.097412,0.030367,0.3227,0,2.000e-05,2.949,12.32
1481,0.165415,0.117188,0.048227,0.2223,0,2.000e-05,2.948,12.32
1482,0.255574,0.161133,0.094441,0.3379,0,2.000e-05,2.947,12.32
1483,0.136029,0.106445,0.029584,0.3622,0,2.000e-05,2.958,12.32
1484,0.092480,0.070557,0.021923,0.3231,0,2.000e-05,2.945,12.32
1485,0.110923,0.077637,0.033286,0.5931,0,2.000e-05,2.950,12.32
1486,0.125354,0.093262,0.032092,0.3123,0,2.000e-05,2.949,12.32
1487,0.084367,0.060791,0.023576,0.2658,0,2.000e-05,2.946,12.32
1488,0.109964,0.078857,0.031107,0.3915,0,2.000e-05,2.949,12.32
1489,0.209928,0.156006,0.053922,0.2199,0,2.000e-05,2.948,12.32
1490,0.097509,0.076660,0.020849,0.6777,0,2.000e-05,2.952,12.32
1491,0.183053,0.140137,0.042916,0.4663,0,2.000e-05,2.946,12.32
1492,0.170104,0.124146,0.045958,0.3762,0,2.000e-05,2.944,12.32
1493,0.149193,0.108398,0.040795,0.6068,0,2.000e-05,2.954,12.32
1494,0.127682,0.092041,0.035641,0.4603,0,2.000e-05,2.950,12.32
1495,0.276637,0.168945,0.107692,0.1808,0,2.000e-05,2.950,12.32
1496,0.158808,0.108032,0.050775,0.2992,0,2.000e-05,2.951,12.32
1497,0.247405,0.152832,0.094573,0.4219,0,2.000e-05,2.946,12.32
1498,0.074535,0.057617,0.016918,1.1381,1,2.000e-05,2.949,12.32
1499,0.084305,0.065918,0.018387,0.4872,0,2.000e-05,2.950,12.32
1500,0.263424,0.170898,0.092526,0.2229,0,2.000e-05,2.949,12.32
1501,0.134822,0.095215,0.039607,0.2671,0,2.000e-05,3.147,12.32
1502,0.202896,0.131348,0.071549,0.2932,0,2.000e-05,2.952,12.32
1503,0.251942,0.160645,0.091297,0.5208,0,2.000e-05,2.953,12.32
1504,0.083097,0.072510,0.010587,0.8534,0,2.000e-05,2.947,12.32
1505,0.087111,0.072754,0.014357,0.4794,0,2.000e-05,2.953,12.32
1506,0.162322,0.106689,0.055633,0.3503,0,2.000e-05,2.950,12.32
1507,0.149418,0.108887,0.040531,0.4124,0,2.000e-05,2.945,12.32
1508,0.225445,0.147461,0.077984,0.1904,0,2.000e-05,2.950,12.32
1509,0.153954,0.107422,0.046532,0.1995,0,2.000e-05,2.953,12.32
1510,0.207424,0.161621,0.045802,0.3728,0,2.000e-05,2.950,12.32
1511,0.075996,0.062988,0.013007,0.4447,0,2.000e-05,2.946,12.32
1512,0.136782,0.108643,0.028139,0.2787,0,2.000e-05,2.947,12.32
1513,0.093788,0.074097,0.019692,0.5418,0,2.000e-05,2.949,12.32
1514,0.197945,0.137695,0.060249,0.1610,0,2.000e-05,2.949,12.32
1515,0.179649,0.123413,0.056236,0.2503,0,2.000e-05,2.953,12.32
1516,0.099745,0.083740,0.016005,0.2865,0,2.000e-05,2.948,12.32
1517,0.158628,0.127441,0.031187,0.2726,0,2.000e-05,2.946,12.32
1518,0.168256,0.114624,0.053632,0.3877,0,2.000e-05,2.950,12.32
1519,0.193527,0.150391,0.043136,0.2719,0,2.000e-05,2.954,12.32
1520,0.124123,0.099854,0.024270,0.4862,0,2.000e-05,2.950,12.32
1521,0.173240,0.118896,0.054343,0.1899,0,2.000e-05,2.942,12.32
1522,0.202916,0.132080,0.070836,0.4783,0,2.000e-05,2.955,12.32
1523,0.341035,0.199219,0.141817,0.2198,0,2.000e-05,2.948,12.32
1524,0.077875,0.063477,0.014398,0.3701,0,2.000e-05,2.949,12.32
1525,0.109872,0.092285,0.017586,1.0055,1,2.000e-05,2.956,12.32
1526,0.164478,0.121094,0.043384,0.2618,0,2.000e-05,2.946,12.32
1527,0.143991,0.112305,0.031686,0.3822,0,2.000e-05,2.949,12.32
1528,0.187416,0.135498,0.051918,0.3503,0,2.000e-05,2.963,12.32
1529,0.068445,0.059814,0.008630,1.0925,1,2.000e-05,2.954,12.32
1530,0.391326,0.227539,0.163787,0.2589,0,2.000e-05,2.952,12.32
1531,0.158938,0.105957,0.052981,0.3760,0,2.000e-05,2.952,12.32
1532,0.323639,0.221191,0.102447,0.2866,0,2.000e-05,2.983,12.32
1533,0.177616,0.118896,0.058720,0.3401,0,2.000e-05,2.945,12.32
1534,0.142833,0.104980,0.037852,0.7288,0,2.000e-05,2.944,12.32
1535,0.132716,0.099121,0.033595,0.3776,0,2.000e-05,2.959,12.32
1536,0.096980,0.079956,0.017024,0.3660,0,2.000e-05,2.946,12.32
1537,0.076099,0.059326,0.016773,0.4066,0,2.000e-05,2.946,12.32
1538,0.047439,0.036621,0.010818,0.8728,0,2.000e-05,2.948,12.32
1539,0.155318,0.117676,0.037642,0.3315,0,2.000e-05,2.947,12.32
1540,0.209140,0.150879,0.058261,0.2428,0,2.000e-05,2.946,12.32
1541,0.073845,0.052124,0.021721,0.3461,0,2.000e-05,2.947,12.32
1542,0.159195,0.107666,0.051529,0.3777,0,2.000e-05,2.946,12.32
1543,0.179749,0.110596,0.069154,0.4899,0,2.000e-05,2.946,12.32
1544,0.208569,0.136719,0.071850,0.2829,0,2.000e-05,2.947,12.32
1545,0.258218,0.153320,0.104898,0.2822,0,2.000e-05,2.949,12.32
1546,0.067910,0.057617,0.010292,0.6957,0,2.000e-05,2.946,12.32
1547,0.151926,0.114258,0.037668,0.6472,0,2.000e-05,2.950,12.32
1548,0.118974,0.079834,0.039140,0.2241,0,2.000e-05,2.947,12.32
1549,0.066156,0.051147,0.015008,0.4408,0,2.000e-05,2.948,12.32
1550,0.129353,0.097778,0.031574,0.3538,0,2.000e-05,2.951,12.32
1551,0.213777,0.151611,0.062166,0.4597,0,2.000e-05,2.949,12.32
1552,0.167760,0.120850,0.046911,0.4311,0,2.000e-05,2.950,12.32
1553,0.212617,0.140869,0.071748,0.2488,0,2.000e-05,2.951,12.32
1554,0.155796,0.106689,0.049107,0.5772,0,2.000e-05,2.956,12.32
1555,0.081549,0.062012,0.019537,0.2232,0,2.000e-05,2.948,12.32
1556,0.151905,0.114990,0.036915,0.2250,0,2.000e-05,2.945,12.32
1557,0.126328,0.097046,0.029282,0.4659,0,2.000e-05,2.945,12.32
1558,0.221555,0.154785,0.066770,0.2359,0,2.000e-05,2.950,12.32
1559,0.068751,0.055908,0.012843,0.5570,0,2.000e-05,2.946,12.32
1560,0.087887,0.068726,0.019162,0.6536,0,2.000e-05,2.951,12.32
1561,0.144339,0.104004,0.040335,0.2404,0,2.000e-05,2.949,12.32
1562,0.165302,0.114136,0.051167,0.1990,0,2.000e-05,2.951,12.32
1563,0.070809,0.055542,0.015267,0.7877,0,2.000e-05,2.948,12.32
1564,0.280788,0.172852,0.107936,0.2280,0,2.000e-05,2.947,12.32
1565,0.171718,0.130127,0.041591,0.3146,0,2.000e-05,2.951,12.32
1566,0.037166,0.029541,0.007625,0.4139,0,2.000e-05,2.955,12.32
1567,0.097801,0.069092,0.028709,0.2726,0,2.000e-05,2.947,12.32
1568,0.079274,0.063477,0.015798,0.2216,0,2.000e-05,2.947,12.32
1569,0.071380,0.051758,0.019622,0.7105,0,2.000e-05,2.946,12.32
1570,0.209644,0.148926,0.060719,0.2282,0,2.000e-05,2.956,12.32
1571,0.149111,0.106689,0.042422,0.1903,0,2.000e-05,2.946,12.32
1572,0.244021,0.150635,0.093386,0.3864,0,2.000e-05,2.948,12.32
1573,0.308811,0.202148,0.106662,0.3388,0,2.000e-05,2.948,12.32
1574,0.238109,0.160645,0.077464,0.3200,0,2.000e-05,2.946,12.32
1575,0.214954,0.143066,0.071888,0.1700,0,2.000e-05,2.954,12.32
1576,0.166871,0.116455,0.050415,0.3032,0,2.000e-05,2.955,12.32
1577,0.160094,0.105957,0.054137,0.2513,0,2.000e-05,2.952,12.32
1578,0.225185,0.165527,0.059658,0.4151,0,2.000e-05,2.945,12.32
1579,0.172782,0.128418,0.044364,0.2270,0,2.000e-05,2.947,12.32
1580,0.127536,0.082642,0.044894,0.6597,0,2.000e-05,2.947,12.32
1581,0.129727,0.097656,0.032070,0.2500,0,2.000e-05,2.947,12.32
1582,0.193637,0.138672,0.054965,0.2460,0,2.000e-05,2.950,12.32
1583,0.107360,0.083008,0.024352,0.2349,0,2.000e-05,2.950,12.32
1584,0.126063,0.092896,0.033167,0.2934,0,2.000e-05,2.947,12.32
1585,0.126503,0.097168,0.029335,0.7045,0,2.000e-05,2.951,12.32
1586,0.145758,0.113281,0.032477,0.3418,0,2.000e-05,2.946,12.32
1587,0.155042,0.121094,0.033948,0.3787,0,2.000e-05,2.950,12.32
1588,0.051790,0.043701,0.008089,1.8169,1,2.000e-05,2.950,12.32
1589,0.127985,0.094971,0.033015,0.3968,0,2.000e-05,2.946,12.32
1590,0.124874,0.088135,0.036739,0.4139,0,2.000e-05,2.950,12.32
1591,0.114257,0.076721,0.037535,0.4954,0,2.000e-05,2.946,12.32
1592,0.106996,0.078613,0.028383,0.4472,0,2.000e-05,2.950,12.32
1593,0.088722,0.072998,0.015724,0.4580,0,2.000e-05,2.951,12.32
1594,0.216894,0.157227,0.059668,0.4920,0,2.000e-05,2.946,12.32
1595,0.293338,0.172852,0.120486,0.3976,0,2.000e-05,2.955,12.32
1596,0.177937,0.116699,0.061238,0.4239,0,2.000e-05,2.945,12.32
1597,0.201330,0.133301,0.068029,0.5117,0,2.000e-05,2.955,12.32
1598,0.201315,0.134033,0.067282,0.3346,0,2.000e-05,2.954,12.32
1599,0.199967,0.124512,0.075455,0.2767,0,2.000e-05,2.946,12.32
1600,0.174014,0.122559,0.051455,0.6552,0,2.000e-05,2.952,12.32
1601,0.168156,0.117798,0.050358,0.5877,0,2.000e-05,2.945,12.32
1602,0.179187,0.114746,0.064441,0.5884,0,2.000e-05,2.951,12.32
1603,0.157715,0.126953,0.030762,0.2150,0,2.000e-05,2.948,12.32
1604,0.106012,0.083252,0.022761,0.4954,0,2.000e-05,2.946,12.32
1605,0.258310,0.156738,0.101571,0.3297,0,2.000e-05,2.948,12.32
1606,0.176663,0.135742,0.040921,0.2831,0,2.000e-05,2.946,12.32
1607,0.090215,0.069702,0.020513,0.2948,0,2.000e-05,2.953,12.32
1608,0.205499,0.153320,0.052179,0.3240,0,2.000e-05,2.948,12.32
1609,0.241315,0.166504,0.074811,0.4901,0,2.000e-05,2.956,12.32
1610,0.148028,0.111816,0.036212,0.2984,0,2.000e-05,2.951,12.32
1611,0.223100,0.138672,0.084428,0.3418,0,2.000e-05,2.946,12.32
1612,0.193439,0.136230,0.057208,0.3569,0,2.000e-05,2.949,12.32
1613,0.249806,0.162842,0.086965,0.3299,0,2.000e-05,2.946,12.32
1614,0.125898,0.100830,0.025068,0.4170,0,2.000e-05,2.945,12.32
1615,0.086148,0.070312,0.015836,0.6088,0,2.000e-05,2.951,12.32
1616,0.140334,0.100830,0.039504,0.1736,0,2.000e-05,2.946,12.32
1617,0.281455,0.167969,0.113486,0.5543,0,2.000e-05,2.949,12.32
1618,0.149514,0.102539,0.046975,0.1868,0,2.000e-05,2.955,12.32
1619,0.220964,0.157227,0.063737,0.1889,0,2.000e-05,2.948,12.32
1620,0.185663,0.137207,0.048456,0.2692,0,2.000e-05,2.950,12.32
1621,0.160917,0.114502,0.046415,0.3364,0,2.000e-05,2.947,12.32
1622,0.265555,0.170410,0.095145,0.3059,0,2.000e-05,2.953,12.32
1623,0.130583,0.091309,0.039274,0.2485,0,2.000e-05,2.946,12.32
1624,0.108450,0.086182,0.022269,0.2937,0,2.000e-05,2.946,12.32
1625,0.134899,0.102051,0.032849,0.6902,0,2.000e-05,2.951,12.32
1626,0.082654,0.061401,0.021252,0.4009,0,2.000e-05,2.946,12.32
1627,0.151951,0.110107,0.041844,0.1998,0,2.000e-05,2.950,12.32
1628,0.056888,0.044678,0.012210,0.4066,0,2.000e-05,2.951,12.32
1629,0.092439,0.076172,0.016268,0.3119,0,2.000e-05,2.947,12.32
1630,0.162619,0.123047,0.039572,0.2514,0,2.000e-05,2.969,12.32
1631,0.067362,0.056396,0.010966,0.6080,0,2.000e-05,2.948,12.32
1632,0.159335,0.112061,0.047274,0.2986,0,2.000e-05,2.948,12.32
1633,0.159089,0.115234,0.043854,0.3104,0,2.000e-05,2.954,12.32
1634,0.158677,0.110840,0.047837,0.2385,0,2.000e-05,2.944,12.32
1635,0.229429,0.162598,0.066831,0.2008,0,2.000e-05,2.954,12.32
1636,0.269895,0.159912,0.109983,0.1771,0,2.000e-05,2.945,12.32
1637,0.305899,0.182617,0.123282,0.3172,0,2.000e-05,2.945,12.32
1638,0.091693,0.070923,0.020770,0.8492,0,2.000e-05,2.947,12.32
1639,0.166956,0.114746,0.052210,1.1407,1,2.000e-05,2.946,12.32
1640,0.094224,0.070068,0.024155,0.4474,0,2.000e-05,2.947,12.32
1641,0.130756,0.099121,0.031635,0.4640,0,2.000e-05,2.945,12.32
1642,0.130690,0.099121,0.031568,0.1993,0,2.000e-05,2.952,12.32
1643,0.108271,0.085449,0.022822,0.4382,0,2.000e-05,2.949,12.32
1644,0.194705,0.130859,0.063845,0.7175,0,2.000e-05,2.947,12.32
1645,0.122387,0.081665,0.040722,0.4332,0,2.000e-05,2.950,12.32
1646,0.165272,0.103027,0.062245,0.4612,0,2.000e-05,2.945,12.32
1647,0.269867,0.169922,0.099945,0.2164,0,2.000e-05,2.950,12.32
1648,0.143702,0.105957,0.037745,0.2985,0,2.000e-05,2.950,12.32
1649,0.095395,0.073730,0.021665,0.8532,0,2.000e-05,2.946,12.32
1650,0.143015,0.107910,0.035105,0.3591,0,2.000e-05,2.952,12.32
1651,0.087074,0.067871,0.019203,0.4856,0,2.000e-05,2.946,12.32
1652,0.157165,0.114746,0.042419,0.2717,0,2.000e-05,2.954,12.32
1653,0.102089,0.083008,0.019081,0.2352,0,2.000e-05,2.949,12.32
1654,0.196829,0.143066,0.053762,0.3958,0,2.000e-05,2.947,12.32
1655,0.172810,0.130127,0.042683,0.6969,0,2.000e-05,2.950,12.32
1656,0.095395,0.073730,0.021665,0.5666,0,2.000e-05,2.946,12.32
1657,0.097913,0.072876,0.025037,0.8256,0,2.000e-05,2.949,12.32
1658,0.107960,0.085938,0.022023,0.7086,0,2.000e-05,2.953,12.32
1659,0.132616,0.100220,0.032397,0.6308,0,2.000e-05,2.948,12.32
1660,0.272099,0.177490,0.094608,0.3561,0,2.000e-05,2.949,12.32
1661,0.152878,0.112061,0.040818,0.1705,0,2.000e-05,2.948,12.32
1662,0.056706,0.046143,0.010564,1.1538,1,2.000e-05,2.958,12.32
1663,0.077454,0.062378,0.015076,0.8222,0,2.000e-05,2.948,12.32
1664,0.080063,0.066040,0.014023,0.7128,0,2.000e-05,2.947,12.32
1665,0.050230,0.036255,0.013975,0.6269,0,2.000e-05,2.950,12.32
1666,0.145321,0.107788,0.037533,0.3369,0,2.000e-05,2.945,12.32
1667,0.131586,0.094971,0.036616,0.3313,0,2.000e-05,2.951,12.32
1668,0.135850,0.103760,0.032091,0.3312,0,2.000e-05,2.949,12.32
1669,0.080497,0.059448,0.021049,0.9133,0,2.000e-05,2.947,12.32
1670,0.160897,0.123535,0.037362,0.9174,0,2.000e-05,2.950,12.32
1671,0.183815,0.115723,0.068092,0.3381,0,2.000e-05,2.949,12.32
1672,0.151421,0.117920,0.033501,0.2094,0,2.000e-05,2.950,12.32
1673,0.054575,0.045288,0.009287,0.7910,0,2.000e-05,2.947,12.32
1674,0.155215,0.114746,0.040469,0.1545,0,2.000e-05,2.947,12.32
1675,0.106586,0.067383,0.039203,0.3171,0,2.000e-05,2.950,12.32
1676,0.214020,0.153320,0.060700,0.2641,0,2.000e-05,2.946,12.32
1677,0.131124,0.092773,0.038350,0.2040,0,2.000e-05,2.948,12.32
1678,0.186298,0.125122,0.061176,0.2858,0,2.000e-05,2.958,12.32
1679,0.058534,0.050049,0.008485,1.0228,1,2.000e-05,2.948,12.32
1680,0.343204,0.227051,0.116153,0.3005,0,2.000e-05,2.949,12.32
1681,0.150166,0.100952,0.049214,0.3323,0,2.000e-05,2.947,12.32
1682,0.083442,0.063965,0.019477,0.6172,0,2.000e-05,2.950,12.32
1683,0.104999,0.080200,0.024798,0.5611,0,2.000e-05,2.951,12.32
1684,0.062592,0.045166,0.017426,0.5941,0,2.000e-05,2.947,12.32
1685,0.158864,0.101318,0.057545,0.3857,0,2.000e-05,2.948,12.32
1686,0.118584,0.090820,0.027764,0.6647,0,2.000e-05,2.947,12.32
1687,0.201895,0.129883,0.072012,0.3705,0,2.000e-05,2.950,12.32
1688,0.145599,0.109375,0.036224,1.0318,1,2.000e-05,2.949,12.32
1689,0.073373,0.055908,0.017465,0.3384,0,2.000e-05,2.948,12.32
1690,0.102793,0.083618,0.019175,0.3380,0,2.000e-05,2.953,12.32
1691,0.149087,0.110718,0.038369,0.3912,0,2.000e-05,2.947,12.32
1692,0.093588,0.070923,0.022665,0.5302,0,2.000e-05,2.952,12.32
1693,0.168801,0.122559,0.046242,0.1868,0,2.000e-05,2.951,12.32
1694,0.187087,0.126587,0.060500,0.3606,0,2.000e-05,2.946,12.32
1695,0.114550,0.084961,0.029589,0.3026,0,2.000e-05,2.957,12.32
1696,0.228475,0.146484,0.081991,0.1632,0,2.000e-05,2.947,12.32
1697,0.243292,0.147461,0.095831,0.3148,0,2.000e-05,2.943,12.32
1698,0.124275,0.086914,0.037361,0.3207,0,2.000e-05,2.955,12.32
1699,0.126666,0.097412,0.029253,0.5748,0,2.000e-05,2.947,12.32
1700,0.102690,0.080566,0.022124,0.4490,0,2.000e-05,2.947,12.32
1701,0.169713,0.118530,0.051183,0.5012,0,2.000e-05,2.946,12.32
1702,0.141084,0.111328,0.029756,0.8560,0,2.000e-05,2.953,12.32
1703,0.305079,0.194336,0.110743,0.4339,0,2.000e-05,2.947,12.32
1704,0.070994,0.052734,0.018260,0.4534,0,2.000e-05,2.946,12.32
1705,0.185186,0.132812,0.052373,0.3001,0,2.000e-05,2.949,12.32
1706,0.113288,0.094727,0.018561,2.0550,1,2.000e-05,2.947,12.32
1707,0.104439,0.086182,0.018258,0.7206,0,2.000e-05,2.951,12.32
1708,0.263711,0.172852,0.090860,0.2518,0,2.000e-05,2.949,12.32
1709,0.208926,0.137939,0.070986,0.2423,0,2.000e-05,2.945,12.32
1710,0.090631,0.072998,0.017633,0.7440,0,2.000e-05,2.953,12.32
1711,0.088694,0.068237,0.020457,0.4445,0,2.000e-05,2.949,12.32
1712,0.129040,0.096924,0.032117,0.3417,0,2.000e-05,2.947,12.32
1713,0.121294,0.095581,0.025713,0.2959,0,2.000e-05,2.948,12.32
1714,0.166780,0.125977,0.040803,0.4104,0,2.000e-05,2.946,12.32
1715,0.114335,0.087280,0.027055,0.6498,0,2.000e-05,2.947,12.32
1716,0.208013,0.144531,0.063482,0.5096,0,2.000e-05,2.952,12.32
1717,0.143809,0.102783,0.041026,0.3400,0,2.000e-05,2.950,12.32
1718,0.099487,0.073242,0.026245,0.2636,0,2.000e-05,2.953,12.32
1719,0.069123,0.046753,0.022370,0.6616,0,2.000e-05,2.946,12.32
1720,0.198716,0.144287,0.054428,0.2392,0,2.000e-05,2.948,12.32
1721,0.119038,0.097168,0.021870,0.2225,0,2.000e-05,2.952,12.32
1722,0.107712,0.083496,0.024215,0.5594,0,2.000e-05,2.953,12.32
1723,0.106466,0.079834,0.026632,0.5716,0,2.000e-05,2.950,12.32
1724,0.062423,0.052490,0.009932,0.4387,0,2.000e-05,2.948,12.32
1725,0.087104,0.072266,0.014839,0.7409,0,2.000e-05,2.951,12.32
1726,0.074229,0.060181,0.014048,0.4799,0,2.000e-05,2.946,12.32
1727,0.121451,0.092285,0.029166,1.0150,1,2.000e-05,2.952,12.32
1728,0.077972,0.062378,0.015594,0.4764,0,2.000e-05,2.950,12.32
1729,0.163769,0.119141,0.044628,0.2954,0,2.000e-05,2.944,12.32
1730,0.184481,0.119873,0.064608,0.3340,0,2.000e-05,2.946,12.32
1731,0.154708,0.118408,0.036300,0.3178,0,2.000e-05,2.955,12.32
1732,0.068311,0.051270,0.017041,0.4283,0,2.000e-05,2.951,12.32
1733,0.065424,0.046509,0.018915,0.3247,0,2.000e-05,2.949,12.32
1734,0.134653,0.091064,0.043589,0.3143,0,2.000e-05,2.948,12.32
1735,0.167572,0.117676,0.049896,0.2259,0,2.000e-05,2.978,12.32
1736,0.098256,0.077881,0.020375,0.2963,0,2.000e-05,2.945,12.32
1737,0.138387,0.092529,0.045858,0.2427,0,2.000e-05,2.944,12.32
1738,0.081697,0.068604,0.013093,0.4660,0,2.000e-05,2.946,12.32
1739,0.147407,0.111816,0.035591,1.1595,1,2.000e-05,2.946,12.32
1740,0.199016,0.144043,0.054973,0.2228,0,2.000e-05,2.945,12.32
1741,0.124434,0.090576,0.033857,0.2062,0,2.000e-05,2.945,12.32
1742,0.156512,0.123291,0.033221,0.4202,0,2.000e-05,2.948,12.32
1743,0.132734,0.100098,0.032637,0.2460,0,2.000e-05,2.956,12.32
1744,0.129763,0.104248,0.025515,0.4719,0,2.000e-05,2.946,12.32
1745,0.184880,0.124512,0.060368,0.2401,0,2.000e-05,2.947,12.32
1746,0.092360,0.074219,0.018141,0.3327,0,2.000e-05,2.947,12.32
1747,0.139782,0.106934,0.032849,0.1916,0,2.000e-05,2.953,12.32
1748,0.075328,0.063232,0.012095,0.7692,0,2.000e-05,2.944,12.32
1749,0.139546,0.106689,0.032857,0.8184,0,2.000e-05,2.945,12.32
1750,0.175540,0.118164,0.057376,0.3882,0,2.000e-05,2.951,12.32
1751,0.232821,0.150391,0.082431,0.4905,0,2.000e-05,2.955,12.32
1752,0.082137,0.070557,0.011580,0.9715,0,2.000e-05,2.948,12.32
1753,0.082072,0.064453,0.017619,0.5258,0,2.000e-05,2.946,12.32
1754,0.078276,0.055176,0.023101,0.4343,0,2.000e-05,2.948,12.32
1755,0.296472,0.192871,0.103601,0.1621,0,2.000e-05,2.953,12.32
1756,0.236753,0.166016,0.070738,0.3526,0,2.000e-05,2.945,12.32
1757,0.152049,0.104736,0.047313,0.2830,0,2.000e-05,2.954,12.32
1758,0.226378,0.168457,0.057921,0.2394,0,2.000e-05,2.945,12.32
1759,0.253882,0.156982,0.096899,0.4590,0,2.000e-05,2.954,12.32
1760,0.079439,0.063965,0.015474,0.5074,0,2.000e-05,2.947,12.32
1761,0.071780,0.051880,0.019900,0.4255,0,2.000e-05,2.947,12.32
1762,0.080070,0.061890,0.018180,0.4899,0,2.000e-05,2.950,12.32
1763,0.103789,0.082764,0.021025,0.5400,0,2.000e-05,2.952,12.32
1764,0.122972,0.098633,0.024340,0.3943,0,2.000e-05,2.947,12.32
1765,0.103611,0.079834,0.023777,0.3991,0,2.000e-05,2.951,12.32
1766,0.200968,0.133667,0.067301,0.7261,0,2.000e-05,2.948,12.32
1767,0.108222,0.073425,0.034796,0.5378,0,2.000e-05,2.956,12.32
1768,0.076658,0.053101,0.023557,0.3781,0,2.000e-05,2.948,12.32
1769,0.091644,0.077759,0.013885,0.8615,0,2.000e-05,2.947,12.32
1770,0.280650,0.177734,0.102915,0.1931,0,2.000e-05,2.947,12.32
1771,0.194707,0.135986,0.058721,0.2144,0,2.000e-05,2.947,12.32
1772,0.159974,0.121582,0.038392,0.3888,0,2.000e-05,2.949,12.32
1773,0.068776,0.056396,0.012379,0.7598,0,2.000e-05,2.949,12.32
1774,0.248110,0.162109,0.086001,0.1852,0,2.000e-05,2.948,12.32
1775,0.236650,0.144531,0.092119,0.2477,0,2.000e-05,2.951,12.32
1776,0.159525,0.110840,0.048685,0.4703,0,2.000e-05,2.946,12.32
1777,0.136014,0.102051,0.033963,0.3686,0,2.000e-05,2.953,12.32
1778,0.075122,0.057861,0.017260,0.4802,0,2.000e-05,2.983,12.32
1779,0.153180,0.106934,0.046246,0.5736,0,2.000e-05,2.949,12.32
1780,0.065269,0.049316,0.015953,0.7079,0,2.000e-05,2.951,12.32
1781,0.154810,0.110352,0.044459,0.3886,0,2.000e-05,2.947,12.32
1782,0.071899,0.056885,0.015014,0.4913,0,2.000e-05,2.952,12.32
1783,0.101944,0.072510,0.029434,0.3299,0,2.000e-05,2.945,12.32
1784,0.185102,0.123291,0.061811,0.3505,0,2.000e-05,2.945,12.32
1785,0.193314,0.136230,0.057084,0.3693,0,2.000e-05,2.957,12.32
1786,0.120144,0.088379,0.031765,0.3559,0,2.000e-05,2.947,12.32
1787,0.307781,0.210938,0.096844,0.4873,0,2.000e-05,2.954,12.32
1788,0.165874,0.124512,0.041362,0.2869,0,2.000e-05,2.945,12.32
1789,0.054613,0.042358,0.012255,0.5590,0,2.000e-05,2.950,12.32
1790,0.073262,0.058105,0.015157,0.5608,0,2.000e-05,2.950,12.32
1791,0.062137,0.043701,0.018436,0.5461,0,2.000e-05,2.945,12.32
1792,0.078957,0.064575,0.014382,0.5144,0,2.000e-05,2.950,12.32
1793,0.219454,0.148682,0.070772,0.5078,0,2.000e-05,2.949,12.32
1794,0.123063,0.089355,0.033708,0.6758,0,2.000e-05,2.949,12.32
1795,0.120497,0.091309,0.029188,0.2788,0,2.000e-05,2.955,12.32
1796,0.205780,0.148193,0.057587,0.2136,0,2.000e-05,2.948,12.32
1797,0.109794,0.086426,0.023369,0.6607,0,2.000e-05,2.953,12.32
1798,0.165843,0.112793,0.053050,0.2878,0,2.000e-05,2.947,12.32
1799,0.283410,0.179199,0.104211,0.2687,0,2.000e-05,2.950,12.32
1800,0.166904,0.114990,0.051914,0.2645,0,2.000e-05,2.948,12.32
1801,0.283079,0.189453,0.093625,0.2203,0,2.000e-05,2.948,12.32
1802,0.183510,0.125977,0.057534,0.2668,0,2.000e-05,2.964,12.32
1803,0.060473,0.045532,0.014941,0.3149,0,2.000e-05,2.946,12.32
1804,0.121236,0.090576,0.030660,0.2856,0,2.000e-05,2.947,12.32
1805,0.191929,0.127930,0.063999,0.1862,0,2.000e-05,2.951,12.32
1806,0.140074,0.106934,0.033140,0.7338,0,2.000e-05,2.944,12.32
1807,0.147387,0.104492,0.042894,0.1974,0,2.000e-05,2.947,12.32
1808,0.058341,0.047607,0.010734,0.4907,0,2.000e-05,2.946,12.32
1809,0.084261,0.061890,0.022371,0.4745,0,2.000e-05,2.952,12.32
1810,0.142739,0.101562,0.041177,0.4952,0,2.000e-05,2.946,12.32
1811,0.145486,0.112305,0.033181,0.2755,0,2.000e-05,2.948,12.32
1812,0.166879,0.113892,0.052987,0.5034,0,2.000e-05,2.951,12.32
1813,0.159813,0.120361,0.039452,0.3587,0,2.000e-05,2.950,12.32
1814,0.153182,0.122070,0.031111,0.2534,0,2.000e-05,2.949,12.32
1815,0.288237,0.179199,0.109037,0.2741,0,2.000e-05,2.947,12.32
1816,0.117984,0.089355,0.028629,0.5900,0,2.000e-05,2.948,12.32
1817,0.129038,0.106934,0.022104,0.2858,0,2.000e-05,2.950,12.32
1818,0.210125,0.133789,0.076336,0.1957,0,2.000e-05,2.946,12.32
1819,0.114659,0.084473,0.030187,0.3170,0,2.000e-05,2.951,12.32
1820,0.246062,0.170898,0.075163,0.1769,0,2.000e-05,2.948,12.32
1821,0.116203,0.086182,0.030021,0.6799,0,2.000e-05,2.946,12.32
1822,0.131611,0.097412,0.034199,0.2680,0,2.000e-05,2.946,12.32
1823,0.208196,0.147461,0.060735,0.2855,0,2.000e-05,2.948,12.32
1824,0.152471,0.115479,0.036993,0.2582,0,2.000e-05,2.946,12.32
1825,0.062204,0.050903,0.011301,0.5838,0,2.000e-05,2.946,12.32
1826,0.210664,0.160645,0.050020,0.1750,0,2.000e-05,2.945,12.32
1827,0.192421,0.147949,0.044471,0.6447,0,2.000e-05,2.946,12.32
1828,0.167489,0.121094,0.046395,0.2265,0,2.000e-05,2.946,12.32
1829,0.168843,0.121338,0.047505,0.2065,0,2.000e-05,2.944,12.32
1830,0.148332,0.109131,0.039201,0.1593,0,2.000e-05,2.946,12.32
1831,0.240696,0.164551,0.076145,0.3602,0,2.000e-05,2.945,12.32
1832,0.120715,0.083862,0.036853,0.3826,0,2.000e-05,2.947,12.32
1833,0.174562,0.125000,0.049562,0.2682,0,2.000e-05,2.945,12.32
1834,0.178788,0.127930,0.050858,0.1874,0,2.000e-05,2.946,12.32
1835,0.102881,0.085205,0.017676,0.3910,0,2.000e-05,2.946,12.32
1836,0.369991,0.225586,0.144405,0.1883,0,2.000e-05,2.945,12.32
1837,0.075653,0.060791,0.014862,0.3327,0,2.000e-05,2.944,12.32
1838,0.236459,0.149902,0.086557,0.3405,0,2.000e-05,2.947,12.32
1839,0.169889,0.118469,0.051420,0.5790,0,2.000e-05,2.944,12.32
1840,0.234916,0.158203,0.076712,0.2753,0,2.000e-05,2.955,12.32
1841,0.106131,0.078369,0.027762,0.2498,0,2.000e-05,2.944,12.32
1842,0.250333,0.152344,0.097989,0.2538,0,2.000e-05,2.944,12.32
1843,0.093378,0.071167,0.022211,0.3684,0,2.000e-05,2.955,12.32
1844,0.112481,0.089355,0.023125,0.3236,0,2.000e-05,2.945,12.32
1845,0.202596,0.137207,0.065389,0.5220,0,2.000e-05,2.944,12.32
1846,0.185396,0.120605,0.064791,0.2251,0,2.000e-05,2.944,12.32
1847,0.085006,0.064697,0.020309,0.2898,0,2.000e-05,2.946,12.32
1848,0.144859,0.097900,0.046958,0.2427,0,2.000e-05,2.946,12.32
1849,0.144621,0.104736,0.039885,0.4549,0,2.000e-05,3.016,12.32
1850,0.066831,0.050415,0.016416,0.4658,0,2.000e-05,2.961,12.32
1851,0.330616,0.196289,0.134327,0.3096,0,2.000e-05,2.952,12.32
1852,0.171347,0.108643,0.062704,0.5022,0,2.000e-05,2.949,12.32
1853,0.194864,0.131836,0.063028,0.3408,0,2.000e-05,2.966,12.32
1854,0.152419,0.118652,0.033767,0.2609,0,2.000e-05,2.952,12.32
1855,0.096909,0.083252,0.013657,0.8083,0,2.000e-05,2.950,12.32
1856,0.072142,0.056641,0.015501,0.2509,0,2.000e-05,2.965,12.32
1857,0.149617,0.103882,0.045735,0.3018,0,2.000e-05,2.973,12.32
1858,0.174604,0.122559,0.052045,0.2612,0,2.000e-05,2.977,12.32
1859,0.148406,0.100586,0.047820,0.4910,0,2.000e-05,2.952,12.32
1860,0.117631,0.088135,0.029496,0.3690,0,2.000e-05,2.986,12.32
1861,0.044023,0.033844,0.010179,0.6083,0,2.000e-05,2.952,12.32
1862,0.068114,0.056274,0.011839,0.3171,0,2.000e-05,2.947,12.32
1863,0.187616,0.133789,0.053827,0.2755,0,2.000e-05,2.993,12.32
1864,0.060898,0.046753,0.014145,0.5722,0,2.000e-05,2.954,12.32
1865,0.078544,0.061279,0.017264,0.5630,0,2.000e-05,2.947,12.32
1866,0.110244,0.075317,0.034927,0.3376,0,2.000e-05,2.957,12.32
1867,0.162090,0.114746,0.047344,0.1748,0,2.000e-05,2.967,12.32
1868,0.076266,0.058716,0.017550,0.2457,0,2.000e-05,2.955,12.32
1869,0.065270,0.057373,0.007897,0.4794,0,2.000e-05,2.986,12.32
1870,0.177228,0.122559,0.054669,0.2567,0,2.000e-05,2.964,12.32
1871,0.161725,0.120117,0.041608,0.3323,0,2.000e-05,2.965,12.32
1872,0.092300,0.076782,0.015518,0.6728,0,2.000e-05,2.945,12.32
1873,0.127425,0.096924,0.030501,0.3866,0,2.000e-05,2.976,12.32
1874,0.129654,0.090576,0.039078,0.2201,0,2.000e-05,2.950,12.32
1875,0.138474,0.103760,0.034714,0.2402,0,2.000e-05,2.945,12.32
1876,0.126554,0.100586,0.025968,0.2659,0,2.000e-05,2.981,12.32
1877,0.061773,0.047119,0.014654,0.4032,0,2.000e-05,3.260,12.32
1878,0.098989,0.081055,0.017934,0.3099,0,2.000e-05,2.971,12.32
1879,0.185349,0.119385,0.065965,0.2885,0,2.000e-05,2.952,12.32
1880,0.127226,0.105469,0.021757,0.3081,0,2.000e-05,2.960,12.32
1881,0.147973,0.106445,0.041528,0.2365,0,2.000e-05,2.960,12.32
1882,0.140744,0.107544,0.033200,0.3173,0,2.000e-05,2.958,12.32
1883,0.064654,0.051025,0.013628,0.3441,0,2.000e-05,2.944,12.32
1884,0.072479,0.059937,0.012543,0.3301,0,2.000e-05,2.972,12.32
1885,0.159559,0.112915,0.046644,0.4465,0,2.000e-05,2.950,12.32
1886,0.071355,0.056030,0.015324,0.2933,0,2.000e-05,2.961,12.32
1887,0.104843,0.078613,0.026230,0.2472,0,2.000e-05,2.968,12.32
1888,0.083743,0.071655,0.012088,0.4927,0,2.000e-05,2.956,12.32
1889,0.102975,0.076172,0.026803,0.6094,0,2.000e-05,2.957,12.32
1890,0.106715,0.083252,0.023463,0.3018,0,2.000e-05,2.944,12.32
1891,0.144754,0.109131,0.035623,0.4241,0,2.000e-05,2.945,12.32
1892,0.097901,0.077271,0.020631,0.5139,0,2.000e-05,2.945,12.32
1893,0.239340,0.168457,0.070883,0.2831,0,2.000e-05,2.942,12.32
1894,0.162501,0.123047,0.039454,0.4412,0,2.000e-05,2.945,12.32
1895,0.134616,0.105225,0.029391,0.4576,0,2.000e-05,2.945,12.32
1896,0.213690,0.149902,0.063788,0.8306,0,2.000e-05,2.945,12.32
1897,0.251530,0.153320,0.098210,0.3213,0,2.000e-05,2.943,12.32
1898,0.111442,0.084717,0.026725,0.2309,0,2.000e-05,2.945,12.32
1899,0.310440,0.186035,0.124405,0.1794,0,2.000e-05,2.946,12.32
1900,0.086982,0.067871,0.019111,0.4990,0,2.000e-05,2.945,12.32
1901,0.201559,0.143799,0.057760,0.2314,0,2.000e-05,2.945,12.32
1902,0.170492,0.113770,0.056723,0.5395,0,2.000e-05,2.946,12.32
1903,0.159941,0.113281,0.046660,0.2807,0,2.000e-05,2.946,12.32
1904,0.218729,0.146484,0.072245,0.3379,0,2.000e-05,2.952,12.32
1905,0.144165,0.105957,0.038208,0.3565,0,2.000e-05,2.945,12.32
1906,0.144677,0.101318,0.043359,0.2629,0,2.000e-05,2.946,12.32
1907,0.118720,0.093506,0.025214,0.4704,0,2.000e-05,2.948,12.32
1908,0.076837,0.059814,0.017023,0.2740,0,2.000e-05,2.946,12.32
1909,0.189573,0.131348,0.058225,0.8182,0,2.000e-05,2.945,12.32
1910,0.096574,0.081543,0.015031,0.4477,0,2.000e-05,2.944,12.32
1911,0.115448,0.084473,0.030976,0.3234,0,2.000e-05,2.946,12.32
1912,0.069860,0.058838,0.011023,0.6761,0,2.000e-05,2.944,12.32
1913,0.088943,0.064819,0.024123,0.5121,0,2.000e-05,2.946,12.32
1914,0.184990,0.111450,0.073540,0.3896,0,2.000e-05,2.946,12.32
1915,0.131631,0.096436,0.035196,0.4563,0,2.000e-05,2.946,12.32
1916,0.173053,0.126221,0.046832,0.2815,0,2.000e-05,2.948,12.32
1917,0.087000,0.071777,0.015223,0.7884,0,2.000e-05,2.947,12.32
1918,0.219124,0.143311,0.075814,0.2957,0,2.000e-05,2.944,12.32
1919,0.089440,0.058350,0.031091,0.3261,0,2.000e-05,2.949,12.32
1920,0.192279,0.126465,0.065814,0.2420,0,2.000e-05,2.946,12.32
1921,0.176707,0.130493,0.046214,0.2926,0,2.000e-05,2.947,12.32
1922,0.226702,0.172363,0.054339,0.2314,0,2.000e-05,2.945,12.32
1923,0.087910,0.064941,0.022969,0.2626,0,2.000e-05,2.946,12.32
1924,0.160532,0.107300,0.053232,0.3336,0,2.000e-05,2.945,12.32
1925,0.170296,0.129150,0.041146,0.1992,0,2.000e-05,2.944,12.32
1926,0.097954,0.080322,0.017631,0.4273,0,2.000e-05,2.947,12.32
1927,0.072285,0.060059,0.012226,0.5586,0,2.000e-05,2.947,12.32
1928,0.165342,0.107056,0.058287,0.6502,0,2.000e-05,2.943,12.32
1929,0.109669,0.089355,0.020313,0.3056,0,2.000e-05,2.950,12.32
1930,0.174391,0.134277,0.040114,0.2405,0,2.000e-05,2.950,12.32
1931,0.184784,0.121826,0.062958,0.1719,0,2.000e-05,2.948,12.32
1932,0.218907,0.137207,0.081700,0.3889,0,2.000e-05,2.949,12.32
1933,0.078416,0.056641,0.021776,0.2805,0,2.000e-05,2.950,12.32
1934,0.151939,0.108643,0.043296,0.3975,0,2.000e-05,2.949,12.32
1935,0.153750,0.108398,0.045351,0.2941,0,2.000e-05,2.956,12.32
1936,0.202565,0.119873,0.082692,0.4257,0,2.000e-05,2.947,12.32
1937,0.134219,0.090210,0.044009,0.4479,0,2.000e-05,2.947,12.32
1938,0.140086,0.108887,0.031199,0.4090,0,2.000e-05,2.948,12.32
1939,0.107933,0.081787,0.026146,1.2656,1,2.000e-05,2.954,12.32
1940,0.087665,0.071289,0.016376,0.4014,0,2.000e-05,2.947,12.32
1941,0.240283,0.173340,0.066944,0.1526,0,2.000e-05,2.945,12.32
1942,0.144243,0.115723,0.028520,0.2500,0,2.000e-05,2.950,12.32
1943,0.088392,0.073242,0.015149,0.6378,0,2.000e-05,2.945,12.32
1944,0.215387,0.154297,0.061090,0.1970,0,2.000e-05,2.951,12.32
1945,0.082230,0.059570,0.022659,0.3941,0,2.000e-05,2.950,12.32
1946,0.145959,0.114136,0.031823,0.4864,0,2.000e-05,2.946,12.32
1947,0.272758,0.177734,0.095024,0.3258,0,2.000e-05,2.952,12.32
1948,0.156510,0.108398,0.048112,0.4867,0,2.000e-05,2.953,12.32
1949,0.082888,0.070557,0.012331,0.2598,0,2.000e-05,2.948,12.32
1950,0.147650,0.103638,0.044012,0.2124,0,2.000e-05,2.949,12.32
1951,0.198305,0.136230,0.062075,0.3064,0,2.000e-05,2.952,12.32
1952,0.078107,0.064941,0.013165,0.6627,0,2.000e-05,2.947,12.32
1953,0.083426,0.066895,0.016531,0.3915,0,2.000e-05,2.945,12.32
1954,0.146311,0.108887,0.037424,0.4729,0,2.000e-05,2.952,12.32
1955,0.178460,0.128418,0.050042,0.2112,0,2.000e-05,2.948,12.32
1956,0.139994,0.108398,0.031596,0.2694,0,2.000e-05,2.945,12.32
1957,0.089422,0.076172,0.013250,0.4497,0,2.000e-05,2.948,12.32
1958,0.067876,0.054321,0.013555,0.4499,0,2.000e-05,2.948,12.32
1959,0.155598,0.115479,0.040119,0.2584,0,2.000e-05,2.952,12.32
1960,0.114444,0.081299,0.033145,0.2912,0,2.000e-05,2.956,12.32
1961,0.053750,0.043823,0.009927,0.5676,0,2.000e-05,2.949,12.32
1962,0.238870,0.153320,0.085550,0.1500,0,2.000e-05,2.948,12.32
1963,0.138393,0.107422,0.030971,0.2345,0,2.000e-05,2.947,12.32
1964,0.188176,0.132812,0.055363,0.4488,0,2.000e-05,2.949,12.32
1965,0.134495,0.096558,0.037938,0.3672,0,2.000e-05,2.949,12.32
1966,0.132319,0.104004,0.028315,0.5623,0,2.000e-05,2.946,12.32
1967,0.148728,0.104492,0.044236,0.7363,0,2.000e-05,2.953,12.32
1968,0.366993,0.222656,0.144336,0.1653,0,2.000e-05,2.945,12.32
1969,0.229172,0.152344,0.076828,0.2799,0,2.000e-05,2.958,12.32
1970,0.150360,0.118896,0.031463,0.2743,0,2.000e-05,2.950,12.32
1971,0.210272,0.133301,0.076971,0.1787,0,2.000e-05,2.953,12.32
1972,0.073183,0.055908,0.017274,0.7566,0,2.000e-05,2.948,12.32
1973,0.150065,0.103271,0.046793,0.4210,0,2.000e-05,2.945,12.32
1974,0.280611,0.174805,0.105806,0.3006,0,2.000e-05,2.949,12.32
1975,0.177899,0.124023,0.053876,0.3224,0,2.000e-05,3.038,12.32
1976,0.111975,0.079102,0.032873,0.4152,0,2.000e-05,2.945,12.32
1977,0.081653,0.060913,0.020740,0.7541,0,2.000e-05,2.944,12.32
1978,0.125853,0.086182,0.039672,0.3068,0,2.000e-05,2.950,12.32
1979,0.071329,0.059082,0.012247,0.3981,0,2.000e-05,2.950,12.32
1980,0.111487,0.086182,0.025306,0.2997,0,2.000e-05,2.947,12.32
1981,0.122206,0.088379,0.033827,0.4768,0,2.000e-05,2.948,12.32
1982,0.140438,0.098633,0.041806,0.4943,0,2.000e-05,2.946,12.32
1983,0.144812,0.114014,0.030798,0.4028,0,2.000e-05,2.951,12.32
1984,0.174353,0.121704,0.052649,0.2927,0,2.000e-05,2.949,12.32
1985,0.135736,0.101074,0.034662,0.2478,0,2.000e-05,2.946,12.32
1986,0.206289,0.158203,0.048085,0.2693,0,2.000e-05,2.952,12.32
1987,0.143786,0.099487,0.044299,0.3976,0,2.000e-05,2.947,12.32
1988,0.107673,0.078857,0.028816,0.4922,0,2.000e-05,2.954,12.32
1989,0.100030,0.068481,0.031549,1.0572,1,2.000e-05,2.949,12.32
1990,0.328046,0.203125,0.124921,0.2214,0,2.000e-05,2.946,12.32
1991,0.292064,0.193848,0.098216,0.2010,0,2.000e-05,2.949,12.32
1992,0.122658,0.096436,0.026222,0.5894,0,2.000e-05,2.948,12.32
1993,0.033069,0.028076,0.004993,0.7623,0,2.000e-05,2.948,12.32
1994,0.079186,0.058838,0.020348,0.4465,0,2.000e-05,2.953,12.32
1995,0.105596,0.090332,0.015264,0.2618,0,2.000e-05,2.948,12.32
1996,0.196904,0.143555,0.053350,0.2564,0,2.000e-05,2.948,12.32
1997,0.124614,0.092041,0.032573,0.5684,0,2.000e-05,2.950,12.32
1998,0.140651,0.105713,0.034938,0.4740,0,2.000e-05,2.948,12.32
1999,0.109127,0.085205,0.023921,0.4493,0,2.000e-05,2.950,12.32
2000,0.160085,0.112671,0.047414,0.5494,0,2.000e-05,2.946,12.32
